window,member,class,ratio_bps,p_bad,p_bad_lock,es,yed_per_usd,meets
full,bootstrap-30d,A,20000,0.163836,0.114194,0.052466,0.5,False
full,bootstrap-30d,A,22500,0.129383,0.0840457,0.0407227,0.444444,False
full,bootstrap-30d,A,25000,0.103931,0.0633997,0.0323049,0.4,False
full,bootstrap-30d,A,27500,0.0848839,0.0488426,0.0261059,0.363636,False
full,bootstrap-30d,A,30000,0.0702173,0.0384015,0.0214359,0.333333,False
full,bootstrap-30d,A,32500,0.0587516,0.0306465,0.0178536,0.307692,False
full,bootstrap-30d,A,35000,0.049624,0.0247415,0.0150637,0.285714,False
full,bootstrap-30d,A,37500,0.0423187,0.0202466,0.0128593,0.266667,False
full,bootstrap-30d,A,40000,0.036457,0.0168417,0.0110943,0.25,False
full,bootstrap-30d,A,42500,0.0316799,0.014224,0.00966,0.235294,False
full,bootstrap-30d,A,45000,0.0277846,0.0121766,0.00848095,0.222222,False
full,bootstrap-30d,A,47500,0.0245483,0.0105649,0.00749942,0.210526,False
full,bootstrap-30d,A,50000,0.0218468,0.00926901,0.00667441,0.2,False
full,bootstrap-30d,A,52500,0.0195593,0.00821592,0.00597384,0.190476,False
full,bootstrap-30d,A,55000,0.0176123,0.00735216,0.00537387,0.181818,False
full,bootstrap-30d,A,57500,0.0159797,0.00663023,0.00485518,0.173913,False
full,bootstrap-30d,A,60000,0.0145864,0.00601669,0.00440219,0.166667,False
full,bootstrap-30d,A,62500,0.0133599,0.00547029,0.00400353,0.16,False
full,bootstrap-30d,A,65000,0.0122997,0.00499308,0.00365069,0.153846,False
full,bootstrap-30d,A,67500,0.0113687,0.00455512,0.00333601,0.148148,False
full,bootstrap-30d,A,70000,0.0105383,0.00416753,0.00305396,0.142857,False
full,bootstrap-30d,A,72500,0.00979205,0.00380697,0.00280006,0.137931,False
full,bootstrap-30d,A,75000,0.00911695,0.00347925,0.00257058,0.133333,False
full,bootstrap-30d,A,77500,0.00849311,0.00315629,0.00236269,0.129032,False
full,bootstrap-30d,A,80000,0.0079179,0.00285861,0.00217425,0.125,False
full,bootstrap-30d,A,82500,0.00738181,0.00258813,0.00200308,0.121212,False
full,bootstrap-30d,A,85000,0.00688233,0.00233151,0.00184765,0.117647,False
full,bootstrap-30d,A,87500,0.00641569,0.00210317,0.00170637,0.114286,False
full,bootstrap-30d,A,90000,0.00597789,0.00188112,0.00157805,0.111111,False
full,bootstrap-30d,A,92500,0.00557654,0.00169248,0.00146143,0.108108,False
full,bootstrap-30d,A,95000,0.00520956,0.00152336,0.0013551,0.105263,False
full,bootstrap-30d,A,97500,0.00487199,0.00137332,0.00125811,0.102564,True
full,bootstrap-30d,A,100000,0.00455376,0.00123773,0.00116945,0.1,True
full,bootstrap-30d,A,110000,0.00349538,0.000817511,0.000885415,0.0909091,True
full,bootstrap-30d,A,120000,0.00275201,0.000567871,0.000682828,0.0833333,True
full,bootstrap-30d,A,130000,0.00222059,0.00040654,0.000533237,0.0769231,True
full,bootstrap-30d,A,140000,0.00181662,0.000300044,0.000419422,0.0714286,True
full,bootstrap-30d,A,150000,0.00149481,0.000230216,0.000331318,0.0666667,True
full,bootstrap-30d,A,160000,0.00122948,0.000173765,0.000262804,0.0625,True
full,bootstrap-30d,A,170000,0.00102915,0.000132682,0.000208717,0.0588235,True
full,bootstrap-30d,A,180000,0.000857504,9.90368e-05,0.000165403,0.0555556,True
full,bootstrap-30d,A,190000,0.000717283,7.38148e-05,0.000130905,0.0526316,True
full,bootstrap-30d,A,200000,0.000586229,5.39554e-05,0.000103492,0.05,True
full,bootstrap-30d,A,250000,0.000217426,1.04393e-05,3.43249e-05,0.04,True
full,bootstrap-30d,A,300000,8.34557e-05,1.88871e-06,1.27328e-05,0.0333333,True
full,bootstrap-30d,A,400000,1.72226e-05,0,2.15934e-06,0.025,True
full,bootstrap-30d,A,500000,3.62887e-06,0,3.19563e-07,0.02,True
full,bootstrap-30d,A,1000000,0,0,0,0.01,True
full,bootstrap-30d,B,20000,0.275247,0.26092,0.132805,0.5,False
full,bootstrap-30d,B,22500,0.245822,0.230324,0.116818,0.444444,False
full,bootstrap-30d,B,25000,0.221392,0.205315,0.103834,0.4,False
full,bootstrap-30d,B,27500,0.20081,0.184614,0.0931025,0.363636,False
full,bootstrap-30d,B,30000,0.183277,0.167176,0.084106,0.333333,False
full,bootstrap-30d,B,32500,0.168142,0.152251,0.0764712,0.307692,False
full,bootstrap-30d,B,35000,0.155072,0.139417,0.0699232,0.285714,False
full,bootstrap-30d,B,37500,0.143673,0.12839,0.0642482,0.266667,False
full,bootstrap-30d,B,40000,0.133497,0.118653,0.0592918,0.25,False
full,bootstrap-30d,B,42500,0.124493,0.110074,0.0549338,0.235294,False
full,bootstrap-30d,B,45000,0.116493,0.10248,0.0510779,0.222222,False
full,bootstrap-30d,B,47500,0.109263,0.0957067,0.0476442,0.210526,False
full,bootstrap-30d,B,50000,0.102728,0.0895509,0.0445726,0.2,False
full,bootstrap-30d,B,52500,0.0967693,0.0839874,0.0418136,0.190476,False
full,bootstrap-30d,B,55000,0.0913581,0.0789598,0.039326,0.181818,False
full,bootstrap-30d,B,57500,0.0864188,0.0743954,0.0370734,0.173913,False
full,bootstrap-30d,B,60000,0.0819146,0.0702603,0.035026,0.166667,False
full,bootstrap-30d,B,62500,0.0778388,0.0665013,0.0331572,0.16,False
full,bootstrap-30d,B,65000,0.074056,0.0630545,0.0314453,0.153846,False
full,bootstrap-30d,B,67500,0.070623,0.0599496,0.0298722,0.148148,False
full,bootstrap-30d,B,70000,0.0674353,0.0570769,0.0284224,0.142857,False
full,bootstrap-30d,B,72500,0.0645158,0.0544492,0.0270812,0.137931,False
full,bootstrap-30d,B,75000,0.0617507,0.0520275,0.0258382,0.133333,False
full,bootstrap-30d,B,77500,0.0591915,0.0497605,0.0246839,0.129032,False
full,bootstrap-30d,B,80000,0.0567766,0.0475971,0.0236098,0.125,False
full,bootstrap-30d,B,82500,0.0545463,0.0455808,0.0226081,0.121212,False
full,bootstrap-30d,B,85000,0.0524376,0.0437338,0.021672,0.117647,False
full,bootstrap-30d,B,87500,0.050465,0.0419951,0.0207961,0.114286,False
full,bootstrap-30d,B,90000,0.048613,0.0403856,0.019975,0.111111,False
full,bootstrap-30d,B,92500,0.0468535,0.0388217,0.0192037,0.108108,False
full,bootstrap-30d,B,95000,0.0452184,0.0373873,0.0184785,0.105263,False
full,bootstrap-30d,B,97500,0.0436842,0.0360215,0.0177949,0.102564,False
full,bootstrap-30d,B,100000,0.0422166,0.034714,0.01715,0.1,False
full,bootstrap-30d,B,110000,0.0370295,0.0302291,0.0149028,0.0909091,False
full,bootstrap-30d,B,120000,0.0328344,0.0265577,0.0130824,0.0833333,False
full,bootstrap-30d,B,130000,0.0293813,0.0235796,0.011581,0.0769231,False
full,bootstrap-30d,B,140000,0.026436,0.0210754,0.0103255,0.0714286,False
full,bootstrap-30d,B,150000,0.0238764,0.0189159,0.00926667,0.0666667,False
full,bootstrap-30d,B,160000,0.0216794,0.0170647,0.00836616,0.0625,False
full,bootstrap-30d,B,170000,0.0197824,0.0154903,0.00759329,0.0588235,False
full,bootstrap-30d,B,180000,0.0180964,0.014093,0.00692562,0.0555556,False
full,bootstrap-30d,B,190000,0.0166094,0.0128925,0.00634644,0.0526316,False
full,bootstrap-30d,B,200000,0.0153023,0.0118021,0.00584089,0.05,False
full,bootstrap-30d,B,250000,0.0106424,0.00796768,0.00407209,0.04,False
full,bootstrap-30d,B,300000,0.00790676,0.00584173,0.00303462,0.0333333,True
full,bootstrap-30d,B,400000,0.00498919,0.00361741,0.00191474,0.025,True
full,bootstrap-30d,B,500000,0.0034908,0.00249938,0.00133604,0.02,True
full,bootstrap-30d,B,1000000,0.00121914,0.000801568,0.000393362,0.01,True
full,bootstrap-30d,C,20000,0.373728,0.372026,0.264187,0.5,False
full,bootstrap-30d,C,22500,0.358219,0.356212,0.251448,0.444444,False
full,bootstrap-30d,C,25000,0.34461,0.342301,0.24033,0.4,False
full,bootstrap-30d,C,27500,0.332585,0.329906,0.230494,0.363636,False
full,bootstrap-30d,C,30000,0.321726,0.318775,0.221702,0.333333,False
full,bootstrap-30d,C,32500,0.311813,0.308651,0.213775,0.307692,False
full,bootstrap-30d,C,35000,0.302825,0.2994,0.206575,0.285714,False
full,bootstrap-30d,C,37500,0.294492,0.290948,0.199995,0.266667,False
full,bootstrap-30d,C,40000,0.286748,0.283147,0.193951,0.25,False
full,bootstrap-30d,C,42500,0.27963,0.275969,0.188372,0.235294,False
full,bootstrap-30d,C,45000,0.272936,0.26932,0.183199,0.222222,False
full,bootstrap-30d,C,47500,0.266759,0.263121,0.178384,0.210526,False
full,bootstrap-30d,C,50000,0.260986,0.25733,0.173884,0.2,False
full,bootstrap-30d,C,52500,0.255512,0.25187,0.169665,0.190476,False
full,bootstrap-30d,C,55000,0.250336,0.246657,0.165699,0.181818,False
full,bootstrap-30d,C,57500,0.245352,0.241689,0.161965,0.173913,False
full,bootstrap-30d,C,60000,0.24073,0.237018,0.158439,0.166667,False
full,bootstrap-30d,C,62500,0.236231,0.232528,0.155103,0.16,False
full,bootstrap-30d,C,65000,0.231965,0.22825,0.151942,0.153846,False
full,bootstrap-30d,C,67500,0.227844,0.224132,0.148943,0.148148,False
full,bootstrap-30d,C,70000,0.223924,0.220223,0.146093,0.142857,False
full,bootstrap-30d,C,72500,0.220218,0.216497,0.143379,0.137931,False
full,bootstrap-30d,C,75000,0.216603,0.2129,0.140791,0.133333,False
full,bootstrap-30d,C,77500,0.213167,0.209491,0.138321,0.129032,False
full,bootstrap-30d,C,80000,0.209849,0.206186,0.13596,0.125,False
full,bootstrap-30d,C,82500,0.206669,0.203088,0.133701,0.121212,False
full,bootstrap-30d,C,85000,0.203613,0.200029,0.131536,0.117647,False
full,bootstrap-30d,C,87500,0.200682,0.197079,0.129459,0.114286,False
full,bootstrap-30d,C,90000,0.197857,0.194221,0.127464,0.111111,False
full,bootstrap-30d,C,92500,0.195124,0.191519,0.125547,0.108108,False
full,bootstrap-30d,C,95000,0.192446,0.188922,0.123703,0.105263,False
full,bootstrap-30d,C,97500,0.189887,0.186423,0.121927,0.102564,False
full,bootstrap-30d,C,100000,0.187423,0.183947,0.120216,0.1,False
full,bootstrap-30d,C,110000,0.178332,0.174872,0.113946,0.0909091,False
full,bootstrap-30d,C,120000,0.170417,0.166797,0.10845,0.0833333,False
full,bootstrap-30d,C,130000,0.163396,0.159653,0.103578,0.0769231,False
full,bootstrap-30d,C,140000,0.157019,0.153272,0.0992193,0.0714286,False
full,bootstrap-30d,C,150000,0.151164,0.147514,0.0952988,0.0666667,False
full,bootstrap-30d,C,160000,0.145829,0.14226,0.0917516,0.0625,False
full,bootstrap-30d,C,170000,0.140948,0.137399,0.0885233,0.0588235,False
full,bootstrap-30d,C,180000,0.136383,0.132935,0.0855714,0.0555556,False
full,bootstrap-30d,C,190000,0.132142,0.128763,0.0828656,0.0526316,False
full,bootstrap-30d,C,200000,0.128261,0.124964,0.0803742,0.05,False
full,bootstrap-30d,C,250000,0.112443,0.109258,0.0703475,0.04,False
full,bootstrap-30d,C,300000,0.100961,0.0978953,0.063055,0.0333333,False
full,bootstrap-30d,C,400000,0.0851999,0.082381,0.053016,0.025,False
full,bootstrap-30d,C,500000,0.0746513,0.0718987,0.0462702,0.02,False
full,bootstrap-30d,C,1000000,0.0488244,0.046952,0.0301532,0.01,False
full,bootstrap-365d,A,20000,0.146917,0.110577,0.0514109,0.5,False
full,bootstrap-365d,A,22500,0.114939,0.082286,0.0415065,0.444444,False
full,bootstrap-365d,A,25000,0.0924148,0.0635506,0.034626,0.4,False
full,bootstrap-365d,A,27500,0.0764744,0.0507701,0.029664,0.363636,False
full,bootstrap-365d,A,30000,0.064853,0.0419665,0.0259457,0.333333,False
full,bootstrap-365d,A,32500,0.0559103,0.0353009,0.0230813,0.307692,False
full,bootstrap-365d,A,35000,0.0489166,0.0299864,0.0208302,0.285714,False
full,bootstrap-365d,A,37500,0.0437069,0.025941,0.0190146,0.266667,False
full,bootstrap-365d,A,40000,0.0397791,0.0229508,0.0175027,0.25,False
full,bootstrap-365d,A,42500,0.0366676,0.0207426,0.0162094,0.235294,False
full,bootstrap-365d,A,45000,0.0340899,0.0190408,0.0150825,0.222222,False
full,bootstrap-365d,A,47500,0.03198,0.01768,0.0140859,0.210526,False
full,bootstrap-365d,A,50000,0.0302488,0.0165763,0.01319,0.2,False
full,bootstrap-365d,A,52500,0.0287996,0.0156459,0.0123737,0.190476,False
full,bootstrap-365d,A,55000,0.0276097,0.0149076,0.0116205,0.181818,False
full,bootstrap-365d,A,57500,0.0266039,0.0142791,0.0109167,0.173913,False
full,bootstrap-365d,A,60000,0.0257704,0.0137307,0.010253,0.166667,False
full,bootstrap-365d,A,62500,0.024999,0.0131602,0.00962247,0.16,False
full,bootstrap-365d,A,65000,0.0242694,0.0125585,0.0090219,0.153846,False
full,bootstrap-365d,A,67500,0.0235692,0.0119472,0.00844901,0.148148,False
full,bootstrap-365d,A,70000,0.0228882,0.0113178,0.00790145,0.142857,False
full,bootstrap-365d,A,72500,0.0221836,0.0106475,0.00737848,0.137931,False
full,bootstrap-365d,A,75000,0.0214237,0.00993991,0.00688055,0.133333,False
full,bootstrap-365d,A,77500,0.0205802,0.00917228,0.00640955,0.129032,False
full,bootstrap-365d,A,80000,0.0196902,0.00840237,0.00596636,0.125,False
full,bootstrap-365d,A,82500,0.0187295,0.00760478,0.00555237,0.121212,False
full,bootstrap-365d,A,85000,0.0177632,0.00684919,0.00516751,0.117647,False
full,bootstrap-365d,A,87500,0.0167993,0.00613914,0.00481102,0.114286,False
full,bootstrap-365d,A,90000,0.0158517,0.00548931,0.00448199,0.111111,False
full,bootstrap-365d,A,92500,0.0149615,0.00491932,0.00417863,0.108108,False
full,bootstrap-365d,A,95000,0.0141218,0.00443194,0.0038985,0.105263,False
full,bootstrap-365d,A,97500,0.0133445,0.00400001,0.00363982,0.102564,False
full,bootstrap-365d,A,100000,0.0126261,0.0036266,0.00340027,0.1,False
full,bootstrap-365d,A,110000,0.0100511,0.00245022,0.00260598,0.0909091,False
full,bootstrap-365d,A,120000,0.00792921,0.00172893,0.00202672,0.0833333,False
full,bootstrap-365d,A,130000,0.00629074,0.00127412,0.00160546,0.0769231,False
full,bootstrap-365d,A,140000,0.00516811,0.00098555,0.00129021,0.0714286,False
full,bootstrap-365d,A,150000,0.00443062,0.000791171,0.00104046,0.0666667,True
full,bootstrap-365d,A,160000,0.00387901,0.000632683,0.000832758,0.0625,True
full,bootstrap-365d,A,170000,0.00338171,0.000494336,0.000657731,0.0588235,True
full,bootstrap-365d,A,180000,0.00290566,0.000377603,0.000511243,0.0555556,True
full,bootstrap-365d,A,190000,0.00242542,0.000277846,0.000391342,0.0526316,True
full,bootstrap-365d,A,200000,0.00199408,0.00018613,0.000295735,0.05,True
full,bootstrap-365d,A,250000,0.000570065,2.22941e-05,5.62024e-05,0.04,True
full,bootstrap-365d,A,300000,0.000108802,3.97921e-07,8.56594e-06,0.0333333,True
full,bootstrap-365d,A,400000,2.72148e-06,0,3.04794e-07,0.025,True
full,bootstrap-365d,A,500000,3.027e-07,0,5.30985e-08,0.02,True
full,bootstrap-365d,A,1000000,0,0,0,0.01,True
full,bootstrap-365d,B,20000,0.242146,0.227486,0.123006,0.5,False
full,bootstrap-365d,B,22500,0.21502,0.200007,0.109813,0.444444,False
full,bootstrap-365d,B,25000,0.193815,0.178381,0.0993079,0.4,False
full,bootstrap-365d,B,27500,0.176656,0.160751,0.0907143,0.363636,False
full,bootstrap-365d,B,30000,0.162237,0.146298,0.0835569,0.333333,False
full,bootstrap-365d,B,32500,0.150056,0.13441,0.0775084,0.307692,False
full,bootstrap-365d,B,35000,0.139758,0.124314,0.0723251,0.285714,False
full,bootstrap-365d,B,37500,0.131064,0.11598,0.0678201,0.266667,False
full,bootstrap-365d,B,40000,0.123612,0.108976,0.0638533,0.25,False
full,bootstrap-365d,B,42500,0.117122,0.102884,0.0603214,0.235294,False
full,bootstrap-365d,B,45000,0.111298,0.0975147,0.0571502,0.222222,False
full,bootstrap-365d,B,47500,0.105998,0.0927017,0.054289,0.210526,False
full,bootstrap-365d,B,50000,0.101212,0.0883934,0.0516935,0.2,False
full,bootstrap-365d,B,52500,0.0969488,0.0845846,0.049324,0.190476,False
full,bootstrap-365d,B,55000,0.0931376,0.0811452,0.0471475,0.181818,False
full,bootstrap-365d,B,57500,0.0896521,0.0780367,0.0451361,0.173913,False
full,bootstrap-365d,B,60000,0.0864368,0.0751458,0.0432701,0.166667,False
full,bootstrap-365d,B,62500,0.0834867,0.0724384,0.0415331,0.16,False
full,bootstrap-365d,B,65000,0.0807159,0.0698969,0.0399101,0.153846,False
full,bootstrap-365d,B,67500,0.0781188,0.0675682,0.0383901,0.148148,False
full,bootstrap-365d,B,70000,0.0756822,0.0653875,0.0369638,0.142857,False
full,bootstrap-365d,B,72500,0.0733328,0.0633542,0.0356225,0.137931,False
full,bootstrap-365d,B,75000,0.0710755,0.0614319,0.0343609,0.133333,False
full,bootstrap-365d,B,77500,0.0689748,0.0596431,0.033172,0.129032,False
full,bootstrap-365d,B,80000,0.0670007,0.0579264,0.0320488,0.125,False
full,bootstrap-365d,B,82500,0.0651389,0.0562818,0.0309856,0.121212,False
full,bootstrap-365d,B,85000,0.0633798,0.0547254,0.0299774,0.117647,False
full,bootstrap-365d,B,87500,0.0617407,0.053263,0.029019,0.114286,False
full,bootstrap-365d,B,90000,0.0601738,0.0518934,0.0281063,0.111111,False
full,bootstrap-365d,B,92500,0.0586538,0.0505876,0.0272367,0.108108,False
full,bootstrap-365d,B,95000,0.0572391,0.0493611,0.0264067,0.105263,False
full,bootstrap-365d,B,97500,0.0558911,0.0482233,0.0256131,0.102564,False
full,bootstrap-365d,B,100000,0.0545826,0.0471191,0.0248534,0.1,False
full,bootstrap-365d,B,110000,0.0498524,0.0431192,0.022116,0.0909091,False
full,bootstrap-365d,B,120000,0.0457055,0.0393296,0.0197826,0.0833333,False
full,bootstrap-365d,B,130000,0.0421303,0.0358812,0.0177699,0.0769231,False
full,bootstrap-365d,B,140000,0.0389013,0.0330108,0.0160189,0.0714286,False
full,bootstrap-365d,B,150000,0.0359099,0.0305657,0.014491,0.0666667,False
full,bootstrap-365d,B,160000,0.0332022,0.0284469,0.0131532,0.0625,False
full,bootstrap-365d,B,170000,0.0307669,0.026491,0.0119758,0.0588235,False
full,bootstrap-365d,B,180000,0.0285789,0.0246017,0.0109354,0.0555556,False
full,bootstrap-365d,B,190000,0.0266748,0.0228252,0.0100081,0.0526316,False
full,bootstrap-365d,B,200000,0.0249447,0.0212335,0.00917553,0.05,False
full,bootstrap-365d,B,250000,0.0177692,0.014923,0.00611577,0.04,False
full,bootstrap-365d,B,300000,0.0126945,0.010361,0.00429504,0.0333333,False
full,bootstrap-365d,B,400000,0.00753104,0.00608046,0.00238421,0.025,True
full,bootstrap-365d,B,500000,0.00460316,0.0037992,0.00147016,0.02,True
full,bootstrap-365d,B,1000000,0.000996816,0.00068567,0.00043973,0.01,True
full,bootstrap-365d,C,20000,0.379822,0.377832,0.253227,0.5,False
full,bootstrap-365d,C,22500,0.360129,0.3578,0.238615,0.444444,False
full,bootstrap-365d,C,25000,0.343049,0.340625,0.226047,0.4,False
full,bootstrap-365d,C,27500,0.327967,0.325463,0.21509,0.363636,False
full,bootstrap-365d,C,30000,0.314642,0.31197,0.205428,0.333333,False
full,bootstrap-365d,C,32500,0.302609,0.300007,0.196823,0.307692,False
full,bootstrap-365d,C,35000,0.291819,0.289146,0.189098,0.285714,False
full,bootstrap-365d,C,37500,0.281925,0.279295,0.182109,0.266667,False
full,bootstrap-365d,C,40000,0.272956,0.270272,0.175751,0.25,False
full,bootstrap-365d,C,42500,0.264836,0.261877,0.169927,0.235294,False
full,bootstrap-365d,C,45000,0.257239,0.254173,0.164565,0.222222,False
full,bootstrap-365d,C,47500,0.250225,0.246979,0.159609,0.210526,False
full,bootstrap-365d,C,50000,0.243755,0.240354,0.15501,0.2,False
full,bootstrap-365d,C,52500,0.237615,0.234324,0.150725,0.190476,False
full,bootstrap-365d,C,55000,0.231872,0.228684,0.146723,0.181818,False
full,bootstrap-365d,C,57500,0.226568,0.223355,0.142973,0.173913,False
full,bootstrap-365d,C,60000,0.2215,0.21829,0.139448,0.166667,False
full,bootstrap-365d,C,62500,0.216703,0.213483,0.136128,0.16,False
full,bootstrap-365d,C,65000,0.212178,0.208961,0.132996,0.153846,False
full,bootstrap-365d,C,67500,0.207941,0.204681,0.130032,0.148148,False
full,bootstrap-365d,C,70000,0.203907,0.200628,0.12722,0.142857,False
full,bootstrap-365d,C,72500,0.200018,0.196801,0.12455,0.137931,False
full,bootstrap-365d,C,75000,0.196276,0.193199,0.122012,0.133333,False
full,bootstrap-365d,C,77500,0.192776,0.18975,0.119594,0.129032,False
full,bootstrap-365d,C,80000,0.189413,0.186436,0.117287,0.125,False
full,bootstrap-365d,C,82500,0.186109,0.183304,0.115084,0.121212,False
full,bootstrap-365d,C,85000,0.182974,0.180241,0.112979,0.117647,False
full,bootstrap-365d,C,87500,0.179986,0.17734,0.110965,0.114286,False
full,bootstrap-365d,C,90000,0.177059,0.174471,0.109034,0.111111,False
full,bootstrap-365d,C,92500,0.174247,0.17174,0.107184,0.108108,False
full,bootstrap-365d,C,95000,0.171552,0.169136,0.105407,0.105263,False
full,bootstrap-365d,C,97500,0.168984,0.16661,0.1037,0.102564,False
full,bootstrap-365d,C,100000,0.166467,0.16416,0.102059,0.1,False
full,bootstrap-365d,C,110000,0.157401,0.155211,0.0960656,0.0909091,False
full,bootstrap-365d,C,120000,0.149484,0.147289,0.0908465,0.0833333,False
full,bootstrap-365d,C,130000,0.142442,0.14026,0.08625,0.0769231,False
full,bootstrap-365d,C,140000,0.136111,0.133927,0.0821686,0.0714286,False
full,bootstrap-365d,C,150000,0.130375,0.128146,0.078518,0.0666667,False
full,bootstrap-365d,C,160000,0.125131,0.122812,0.0752338,0.0625,False
full,bootstrap-365d,C,170000,0.120335,0.11807,0.0722661,0.0588235,False
full,bootstrap-365d,C,180000,0.11599,0.113675,0.0695653,0.0555556,False
full,bootstrap-365d,C,190000,0.112003,0.109643,0.067097,0.0526316,False
full,bootstrap-365d,C,200000,0.108349,0.106061,0.064829,0.05,False
full,bootstrap-365d,C,250000,0.0936944,0.0912131,0.0557528,0.04,False
full,bootstrap-365d,C,300000,0.0829755,0.0806254,0.0492241,0.0333333,False
full,bootstrap-365d,C,400000,0.0684987,0.0662276,0.0403336,0.025,False
full,bootstrap-365d,C,500000,0.0589353,0.0568621,0.0344737,0.02,False
full,bootstrap-365d,C,1000000,0.036811,0.0353567,0.0206315,0.01,False
full,regime,A,20000,0.232585,0.186824,0.0997694,0.5,False
full,regime,A,22500,0.202913,0.155585,0.0850074,0.444444,False
full,regime,A,25000,0.178358,0.130906,0.0732664,0.4,False
full,regime,A,27500,0.157962,0.111384,0.063775,0.363636,False
full,regime,A,30000,0.140913,0.095752,0.0559859,0.333333,False
full,regime,A,32500,0.126428,0.0829751,0.0495115,0.307692,False
full,regime,A,35000,0.114124,0.0724645,0.0440675,0.285714,False
full,regime,A,37500,0.10353,0.0636645,0.0394409,0.266667,False
full,regime,A,40000,0.0942827,0.056231,0.0354762,0.25,False
full,regime,A,42500,0.0861245,0.0499136,0.0320554,0.235294,False
full,regime,A,45000,0.0789172,0.0445313,0.0290871,0.222222,False
full,regime,A,47500,0.0725495,0.0399352,0.0264959,0.210526,False
full,regime,A,50000,0.0668727,0.0359442,0.0242213,0.2,False
full,regime,A,52500,0.0618329,0.0325061,0.0222155,0.190476,False
full,regime,A,55000,0.0573861,0.029518,0.0204358,0.181818,False
full,regime,A,57500,0.0533655,0.0268784,0.0188478,0.173913,False
full,regime,A,60000,0.0497234,0.024533,0.0174264,0.166667,False
full,regime,A,62500,0.0464455,0.022483,0.0161492,0.16,False
full,regime,A,65000,0.0433979,0.0206499,0.0149986,0.153846,False
full,regime,A,67500,0.0406654,0.0190478,0.0139588,0.148148,False
full,regime,A,70000,0.0381821,0.0175979,0.0130156,0.142857,False
full,regime,A,72500,0.0359136,0.0162807,0.0121575,0.137931,False
full,regime,A,75000,0.0337831,0.0150873,0.0113751,0.133333,False
full,regime,A,77500,0.0318621,0.014021,0.0106604,0.129032,False
full,regime,A,80000,0.0300733,0.0130288,0.0100054,0.125,False
full,regime,A,82500,0.0284349,0.0121251,0.00940387,0.121212,False
full,regime,A,85000,0.0268913,0.0112905,0.00885048,0.117647,False
full,regime,A,87500,0.0254732,0.0105389,0.00834088,0.114286,False
full,regime,A,90000,0.0241344,0.00983862,0.00787046,0.111111,False
full,regime,A,92500,0.0228933,0.00920995,0.00743592,0.108108,False
full,regime,A,95000,0.0217409,0.00864046,0.00703401,0.105263,False
full,regime,A,97500,0.0206737,0.00813451,0.00666104,0.102564,False
full,regime,A,100000,0.0196789,0.00765414,0.00631443,0.1,False
full,regime,A,110000,0.0162267,0.00604647,0.00515241,0.0909091,False
full,regime,A,120000,0.0135184,0.0048403,0.00427015,0.0833333,False
full,regime,A,130000,0.0114438,0.00397125,0.00358771,0.0769231,False
full,regime,A,140000,0.00979302,0.00329111,0.00304785,0.0714286,False
full,regime,A,150000,0.00845571,0.00277103,0.00261433,0.0666667,False
full,regime,A,160000,0.0073316,0.0023382,0.00226254,0.0625,False
full,regime,A,170000,0.0064023,0.00199214,0.00197509,0.0588235,False
full,regime,A,180000,0.00561663,0.00171025,0.00173794,0.0555556,False
full,regime,A,190000,0.00494732,0.00147105,0.00154125,0.0526316,True
full,regime,A,200000,0.00441492,0.00127882,0.00137632,0.05,True
full,regime,A,250000,0.00270867,0.000714392,0.000841193,0.04,True
full,regime,A,300000,0.00181202,0.000441022,0.000560656,0.0333333,True
full,regime,A,400000,0.000943357,0.000206202,0.000297131,0.025,True
full,regime,A,500000,0.000609287,0.000124884,0.000180364,0.02,True
full,regime,A,1000000,0.000113699,1.22816e-05,3.05461e-05,0.01,True
full,regime,B,20000,0.314489,0.304591,0.186557,0.5,False
full,regime,B,22500,0.293298,0.282094,0.171866,0.444444,False
full,regime,B,25000,0.27492,0.262799,0.159381,0.4,False
full,regime,B,27500,0.258693,0.245821,0.148628,0.363636,False
full,regime,B,30000,0.244317,0.23095,0.139269,0.333333,False
full,regime,B,32500,0.231545,0.217817,0.131043,0.307692,False
full,regime,B,35000,0.220212,0.206217,0.123743,0.285714,False
full,regime,B,37500,0.209926,0.195759,0.117216,0.266667,False
full,regime,B,40000,0.200543,0.186226,0.111344,0.25,False
full,regime,B,42500,0.191972,0.177576,0.106036,0.235294,False
full,regime,B,45000,0.184133,0.169679,0.10121,0.222222,False
full,regime,B,47500,0.176892,0.162431,0.0968026,0.210526,False
full,regime,B,50000,0.170247,0.155821,0.0927616,0.2,False
full,regime,B,52500,0.164105,0.149686,0.0890403,0.190476,False
full,regime,B,55000,0.158468,0.144109,0.0855992,0.181818,False
full,regime,B,57500,0.153163,0.138918,0.0824073,0.173913,False
full,regime,B,60000,0.148241,0.134076,0.0794381,0.166667,False
full,regime,B,62500,0.143647,0.129572,0.0766664,0.16,False
full,regime,B,65000,0.139294,0.12529,0.0740738,0.153846,False
full,regime,B,67500,0.135163,0.121271,0.0716445,0.148148,False
full,regime,B,70000,0.131265,0.117458,0.0693642,0.142857,False
full,regime,B,72500,0.127585,0.113898,0.067219,0.137931,False
full,regime,B,75000,0.124162,0.110588,0.0651959,0.133333,False
full,regime,B,77500,0.120896,0.107418,0.0632845,0.129032,False
full,regime,B,80000,0.117794,0.104421,0.0614758,0.125,False
full,regime,B,82500,0.114886,0.101585,0.059761,0.121212,False
full,regime,B,85000,0.112093,0.0988857,0.0581328,0.117647,False
full,regime,B,87500,0.109407,0.0963327,0.0565853,0.114286,False
full,regime,B,90000,0.106885,0.0938977,0.0551121,0.111111,False
full,regime,B,92500,0.104483,0.0915695,0.0537073,0.108108,False
full,regime,B,95000,0.102169,0.0893354,0.052366,0.105263,False
full,regime,B,97500,0.0999623,0.0872328,0.0510842,0.102564,False
full,regime,B,100000,0.0978448,0.0852137,0.0498575,0.1,False
full,regime,B,110000,0.0900759,0.0778629,0.0454442,0.0909091,False
full,regime,B,120000,0.0833801,0.071592,0.0416892,0.0833333,False
full,regime,B,130000,0.077499,0.0660912,0.0384572,0.0769231,False
full,regime,B,140000,0.0723145,0.0613103,0.035652,0.0714286,False
full,regime,B,150000,0.0676863,0.0570944,0.0331973,0.0666667,False
full,regime,B,160000,0.0636052,0.0533749,0.0310344,0.0625,False
full,regime,B,170000,0.0599348,0.0500344,0.0291131,0.0588235,False
full,regime,B,180000,0.0566401,0.0470339,0.0273968,0.0555556,False
full,regime,B,190000,0.0536429,0.0443929,0.0258549,0.0526316,False
full,regime,B,200000,0.0509467,0.0419813,0.0244632,0.05,False
full,regime,B,250000,0.0405272,0.0327994,0.0191442,0.04,False
full,regime,B,300000,0.0334702,0.0267315,0.0155772,0.0333333,False
full,regime,B,400000,0.0244098,0.0191334,0.0111093,0.025,False
full,regime,B,500000,0.018891,0.0145757,0.00847192,0.02,False
full,regime,B,1000000,0.00809498,0.00599409,0.00349612,0.01,True
full,regime,C,20000,0.383068,0.381948,0.296739,0.5,False
full,regime,C,22500,0.371249,0.370064,0.286668,0.444444,False
full,regime,C,25000,0.360899,0.359567,0.27784,0.4,False
full,regime,C,27500,0.351645,0.350148,0.269988,0.363636,False
full,regime,C,30000,0.343327,0.341699,0.262937,0.333333,False
full,regime,C,32500,0.33564,0.333965,0.256554,0.307692,False
full,regime,C,35000,0.328699,0.326883,0.250735,0.285714,False
full,regime,C,37500,0.322275,0.320409,0.245392,0.266667,False
full,regime,C,40000,0.316397,0.314456,0.24046,0.25,False
full,regime,C,42500,0.310926,0.308883,0.235883,0.235294,False
full,regime,C,45000,0.305753,0.303599,0.231619,0.222222,False
full,regime,C,47500,0.300997,0.298715,0.227632,0.210526,False
full,regime,C,50000,0.296556,0.294079,0.223887,0.2,False
full,regime,C,52500,0.292283,0.289792,0.220359,0.190476,False
full,regime,C,55000,0.288211,0.285744,0.217031,0.181818,False
full,regime,C,57500,0.284361,0.281852,0.213883,0.173913,False
full,regime,C,60000,0.280674,0.278157,0.210898,0.166667,False
full,regime,C,62500,0.27721,0.274662,0.208063,0.16,False
full,regime,C,65000,0.273859,0.271298,0.205363,0.153846,False
full,regime,C,67500,0.270683,0.26811,0.202788,0.148148,False
full,regime,C,70000,0.267664,0.265015,0.20033,0.142857,False
full,regime,C,72500,0.264735,0.262048,0.197977,0.137931,False
full,regime,C,75000,0.261925,0.259216,0.195723,0.133333,False
full,regime,C,77500,0.259238,0.256508,0.193561,0.129032,False
full,regime,C,80000,0.256636,0.253862,0.191484,0.125,False
full,regime,C,82500,0.254134,0.251343,0.189486,0.121212,False
full,regime,C,85000,0.251733,0.24896,0.187564,0.117647,False
full,regime,C,87500,0.249418,0.2466,0.185711,0.114286,False
full,regime,C,90000,0.247195,0.244407,0.183922,0.111111,False
full,regime,C,92500,0.24507,0.242196,0.182194,0.108108,False
full,regime,C,95000,0.243011,0.24009,0.180522,0.105263,False
full,regime,C,97500,0.241017,0.238071,0.178904,0.102564,False
full,regime,C,100000,0.239085,0.236119,0.177336,0.1,False
full,regime,C,110000,0.231924,0.228819,0.171515,0.0909091,False
full,regime,C,120000,0.225442,0.222311,0.166315,0.0833333,False
full,regime,C,130000,0.219632,0.216385,0.161626,0.0769231,False
full,regime,C,140000,0.214192,0.21097,0.157371,0.0714286,False
full,regime,C,150000,0.209337,0.206068,0.153484,0.0666667,False
full,regime,C,160000,0.204901,0.201541,0.149907,0.0625,False
full,regime,C,170000,0.200804,0.197444,0.146597,0.0588235,False
full,regime,C,180000,0.197043,0.193656,0.143517,0.0555556,False
full,regime,C,190000,0.193431,0.190116,0.140643,0.0526316,False
full,regime,C,200000,0.190064,0.18685,0.137953,0.05,False
full,regime,C,250000,0.175997,0.172945,0.126642,0.04,False
full,regime,C,300000,0.165278,0.162066,0.117821,0.0333333,False
full,regime,C,400000,0.149053,0.145433,0.104599,0.025,False
full,regime,C,500000,0.136774,0.13317,0.0949782,0.02,False
full,regime,C,1000000,0.1026,0.099266,0.0689746,0.01,False
full,martingale,A,20000,0.244236,0.165288,0.0951127,0.5,False
full,martingale,A,22500,0.211087,0.131962,0.0785009,0.444444,False
full,martingale,A,25000,0.182422,0.105734,0.0653398,0.4,False
full,martingale,A,27500,0.157876,0.0853437,0.0548463,0.363636,False
full,martingale,A,30000,0.136921,0.0693462,0.0464287,0.333333,False
full,martingale,A,32500,0.119155,0.0568833,0.039625,0.307692,False
full,martingale,A,35000,0.104059,0.0470988,0.0340875,0.285714,False
full,martingale,A,37500,0.0913978,0.0393926,0.0295419,0.266667,False
full,martingale,A,40000,0.0806048,0.0332254,0.0257773,0.25,False
full,martingale,A,42500,0.0714136,0.0282967,0.0226381,0.235294,False
full,martingale,A,45000,0.0634504,0.0242549,0.0200039,0.222222,False
full,martingale,A,47500,0.0566363,0.0209591,0.0177806,0.210526,False
full,martingale,A,50000,0.0507306,0.0182397,0.0158916,0.2,False
full,martingale,A,52500,0.0456909,0.0159989,0.0142759,0.190476,False
full,martingale,A,55000,0.0413076,0.0141136,0.0128846,0.181818,False
full,martingale,A,57500,0.0374894,0.0125129,0.01168,0.173913,False
full,martingale,A,60000,0.0341186,0.0111527,0.0106317,0.166667,False
full,martingale,A,62500,0.0311496,0.00999917,0.00971508,0.16,False
full,martingale,A,65000,0.0285468,0.00903039,0.00890956,0.153846,False
full,martingale,A,67500,0.0262429,0.00818724,0.008199,0.148148,False
full,martingale,A,70000,0.0241982,0.00745869,0.0075687,0.142857,False
full,martingale,A,72500,0.0223971,0.00683112,0.00700694,0.137931,False
full,martingale,A,75000,0.020747,0.00626543,0.00650477,0.133333,False
full,martingale,A,77500,0.0192749,0.00574957,0.00605453,0.129032,False
full,martingale,A,80000,0.0179656,0.00530486,0.00564906,0.125,False
full,martingale,A,82500,0.0167683,0.0049066,0.00528305,0.121212,False
full,martingale,A,85000,0.0157297,0.00456048,0.00495099,0.117647,False
full,martingale,A,87500,0.0147818,0.0042497,0.0046482,0.114286,False
full,martingale,A,90000,0.013911,0.00396239,0.00437129,0.111111,False
full,martingale,A,92500,0.0131161,0.00370753,0.00411738,0.108108,False
full,martingale,A,95000,0.0123984,0.00347912,0.00388382,0.105263,False
full,martingale,A,97500,0.0117334,0.00326622,0.00366853,0.102564,False
full,martingale,A,100000,0.0111421,0.00307571,0.0034693,0.1,False
full,martingale,A,110000,0.00915979,0.00244404,0.0028027,0.0909091,False
full,martingale,A,120000,0.00764761,0.00196267,0.00229462,0.0833333,False
full,martingale,A,130000,0.0064634,0.00158878,0.00189899,0.0769231,False
full,martingale,A,140000,0.00550918,0.00129144,0.00158505,0.0714286,False
full,martingale,A,150000,0.00472814,0.00104638,0.00133272,0.0666667,True
full,martingale,A,160000,0.00408865,0.000852963,0.00112779,0.0625,True
full,martingale,A,170000,0.00353583,0.000692622,0.000960178,0.0588235,True
full,martingale,A,180000,0.00307752,0.000561505,0.000822439,0.0555556,True
full,martingale,A,190000,0.0026829,0.000457095,0.000708153,0.0526316,True
full,martingale,A,200000,0.00235654,0.000376301,0.000612891,0.05,True
full,martingale,A,250000,0.00128444,0.000145035,0.000317727,0.04,True
full,martingale,A,300000,0.000753987,6.41179e-05,0.000180425,0.0333333,True
full,martingale,A,400000,0.000316835,1.02321e-05,6.81184e-05,0.025,True
full,martingale,A,500000,0.000154691,7.95481e-07,2.69399e-05,0.02,True
full,martingale,A,1000000,1.41138e-06,0,8.82981e-08,0.01,True
full,martingale,B,20000,0.423566,0.399592,0.280606,0.5,False
full,martingale,B,22500,0.405356,0.37955,0.263824,0.444444,False
full,martingale,B,25000,0.388571,0.36105,0.249002,0.4,False
full,martingale,B,27500,0.373124,0.34419,0.235792,0.363636,False
full,martingale,B,30000,0.359209,0.328953,0.223923,0.333333,False
full,martingale,B,32500,0.346257,0.314932,0.213174,0.307692,False
full,martingale,B,35000,0.334078,0.301884,0.203392,0.285714,False
full,martingale,B,37500,0.322937,0.290072,0.194446,0.266667,False
full,martingale,B,40000,0.312397,0.279022,0.186222,0.25,False
full,martingale,B,42500,0.302509,0.268659,0.17864,0.235294,False
full,martingale,B,45000,0.293252,0.259049,0.171622,0.222222,False
full,martingale,B,47500,0.284458,0.250032,0.165104,0.210526,False
full,martingale,B,50000,0.276146,0.241518,0.159037,0.2,False
full,martingale,B,52500,0.26837,0.233649,0.153373,0.190476,False
full,martingale,B,55000,0.261002,0.226258,0.148069,0.181818,False
full,martingale,B,57500,0.253902,0.219227,0.143094,0.173913,False
full,martingale,B,60000,0.247127,0.212533,0.138422,0.166667,False
full,martingale,B,62500,0.240649,0.206182,0.134025,0.16,False
full,martingale,B,65000,0.234562,0.200242,0.129879,0.153846,False
full,martingale,B,67500,0.228783,0.194661,0.125962,0.148148,False
full,martingale,B,70000,0.223247,0.189354,0.122254,0.142857,False
full,martingale,B,72500,0.217919,0.184299,0.118741,0.137931,False
full,martingale,B,75000,0.212718,0.179362,0.11541,0.133333,False
full,martingale,B,77500,0.207824,0.174722,0.112247,0.129032,False
full,martingale,B,80000,0.20316,0.170341,0.109238,0.125,False
full,martingale,B,82500,0.19867,0.166111,0.106372,0.121212,False
full,martingale,B,85000,0.194375,0.162115,0.103638,0.117647,False
full,martingale,B,87500,0.190175,0.158202,0.10103,0.114286,False
full,martingale,B,90000,0.186171,0.154504,0.0985399,0.111111,False
full,martingale,B,92500,0.18233,0.150964,0.0961579,0.108108,False
full,martingale,B,95000,0.178587,0.147505,0.0938783,0.105263,False
full,martingale,B,97500,0.174954,0.144158,0.091696,0.102564,False
full,martingale,B,100000,0.171576,0.141056,0.089604,0.1,False
full,martingale,B,110000,0.15888,0.129442,0.082035,0.0909091,False
full,martingale,B,120000,0.147877,0.119425,0.0755459,0.0833333,False
full,martingale,B,130000,0.138198,0.110763,0.0699203,0.0769231,False
full,martingale,B,140000,0.129757,0.103255,0.0649906,0.0714286,False
full,martingale,B,150000,0.12222,0.096594,0.0606305,0.0666667,False
full,martingale,B,160000,0.115275,0.0905071,0.0567545,0.0625,False
full,martingale,B,170000,0.108963,0.085074,0.0532926,0.0588235,False
full,martingale,B,180000,0.10328,0.0801945,0.0501837,0.0555556,False
full,martingale,B,190000,0.0980811,0.0757184,0.047378,0.0526316,False
full,martingale,B,200000,0.0933584,0.0716858,0.0448327,0.05,False
full,martingale,B,250000,0.0748082,0.0562093,0.0349909,0.04,False
full,martingale,B,300000,0.0617131,0.0455813,0.0283211,0.0333333,False
full,martingale,B,400000,0.0446131,0.0321251,0.0200311,0.025,False
full,martingale,B,500000,0.0341756,0.0241309,0.015199,0.02,False
full,martingale,B,1000000,0.0146028,0.00977258,0.00618767,0.01,False
full,martingale,C,20000,0.806273,0.796027,0.731655,0.5,False
full,martingale,C,22500,0.799044,0.788535,0.72275,0.444444,False
full,martingale,C,25000,0.792388,0.78162,0.714626,0.4,False
full,martingale,C,27500,0.786264,0.775218,0.707139,0.363636,False
full,martingale,C,30000,0.780658,0.769385,0.70019,0.333333,False
full,martingale,C,32500,0.775491,0.76401,0.693687,0.307692,False
full,martingale,C,35000,0.77062,0.758943,0.687571,0.285714,False
full,martingale,C,37500,0.766229,0.754364,0.681787,0.266667,False
full,martingale,C,40000,0.76188,0.749868,0.676294,0.25,False
full,martingale,C,42500,0.757677,0.74552,0.671073,0.235294,False
full,martingale,C,45000,0.753723,0.741415,0.666092,0.222222,False
full,martingale,C,47500,0.749899,0.737474,0.661324,0.210526,False
full,martingale,C,50000,0.746256,0.733701,0.656754,0.2,False
full,martingale,C,52500,0.742714,0.730064,0.652364,0.190476,False
full,martingale,C,55000,0.73936,0.726599,0.648135,0.181818,False
full,martingale,C,57500,0.73588,0.723001,0.644065,0.173913,False
full,martingale,C,60000,0.732688,0.719728,0.640142,0.166667,False
full,martingale,C,62500,0.729457,0.716389,0.636349,0.16,False
full,martingale,C,65000,0.726442,0.713262,0.632682,0.153846,False
full,martingale,C,67500,0.723476,0.710198,0.629131,0.148148,False
full,martingale,C,70000,0.720589,0.707225,0.625687,0.142857,False
full,martingale,C,72500,0.717794,0.704352,0.622346,0.137931,False
full,martingale,C,75000,0.714938,0.70141,0.619101,0.133333,False
full,martingale,C,77500,0.712293,0.698693,0.61595,0.129032,False
full,martingale,C,80000,0.709704,0.696038,0.612882,0.125,False
full,martingale,C,82500,0.70716,0.693428,0.609895,0.121212,False
full,martingale,C,85000,0.704709,0.690922,0.606983,0.117647,False
full,martingale,C,87500,0.702151,0.688284,0.604144,0.114286,False
full,martingale,C,90000,0.699752,0.685818,0.601377,0.111111,False
full,martingale,C,92500,0.697364,0.68333,0.598676,0.108108,False
full,martingale,C,95000,0.694948,0.680843,0.59604,0.105263,False
full,martingale,C,97500,0.692714,0.678525,0.593465,0.102564,False
full,martingale,C,100000,0.690668,0.67642,0.590946,0.1,False
full,martingale,C,110000,0.682555,0.668054,0.581366,0.0909091,False
full,martingale,C,120000,0.675147,0.660465,0.572497,0.0833333,False
full,martingale,C,130000,0.668125,0.653294,0.564235,0.0769231,False
full,martingale,C,140000,0.66183,0.646827,0.556476,0.0714286,False
full,martingale,C,150000,0.655888,0.640669,0.549156,0.0666667,False
full,martingale,C,160000,0.649867,0.634484,0.542238,0.0625,False
full,martingale,C,170000,0.643866,0.628295,0.535693,0.0588235,False
full,martingale,C,180000,0.638472,0.622763,0.529484,0.0555556,False
full,martingale,C,190000,0.633264,0.617418,0.52357,0.0526316,False
full,martingale,C,200000,0.628083,0.612121,0.517929,0.05,False
full,martingale,C,250000,0.605911,0.589306,0.493043,0.04,False
full,martingale,C,300000,0.587009,0.569943,0.472293,0.0333333,False
full,martingale,C,400000,0.555321,0.537663,0.439028,0.025,False
full,martingale,C,500000,0.529681,0.511831,0.413002,0.02,False
full,martingale,C,1000000,0.448216,0.430154,0.332157,0.01,False
full,history,A,20000,0.159141,0.118746,0.0486961,0.5,False
full,history,A,22500,0.121345,0.0850094,0.0373288,0.444444,False
full,history,A,25000,0.0948397,0.0652157,0.0294614,0.4,False
full,history,A,27500,0.0737366,0.0498592,0.0240197,0.363636,False
full,history,A,30000,0.0602106,0.0400358,0.0201196,0.333333,False
full,history,A,32500,0.050448,0.0333092,0.0171745,0.307692,False
full,history,A,35000,0.0420657,0.0277284,0.0149453,0.285714,False
full,history,A,37500,0.0359354,0.0229755,0.0132325,0.266667,False
full,history,A,40000,0.0309803,0.0197063,0.0118793,0.25,False
full,history,A,42500,0.0273868,0.0169223,0.0108042,0.235294,False
full,history,A,45000,0.0251709,0.0152627,0.00989459,0.222222,False
full,history,A,47500,0.0228571,0.0138445,0.00911961,0.210526,False
full,history,A,50000,0.0210838,0.012745,0.00844669,0.2,False
full,history,A,52500,0.0194821,0.0119856,0.00785921,0.190476,False
full,history,A,55000,0.0183726,0.0113012,0.00733368,0.181818,False
full,history,A,57500,0.0173112,0.0107635,0.00685509,0.173913,False
full,history,A,60000,0.0166678,0.0105444,0.0064146,0.166667,False
full,history,A,62500,0.0161729,0.0103005,0.00599506,0.16,False
full,history,A,65000,0.0158014,0.0101305,0.00559622,0.153846,False
full,history,A,67500,0.0154053,0.0098637,0.00521249,0.148148,False
full,history,A,70000,0.015034,0.0095474,0.00483925,0.142857,False
full,history,A,72500,0.014712,0.00915963,0.00448015,0.137931,False
full,history,A,75000,0.0144161,0.00879478,0.00413355,0.133333,False
full,history,A,77500,0.0141209,0.0083818,0.00379662,0.129032,False
full,history,A,80000,0.0138996,0.00794424,0.00346777,0.125,False
full,history,A,82500,0.0135802,0.00750552,0.00314585,0.121212,False
full,history,A,85000,0.0131132,0.00692065,0.00283516,0.117647,False
full,history,A,87500,0.0125978,0.00631095,0.00253979,0.114286,False
full,history,A,90000,0.0120076,0.00572519,0.00226038,0.111111,False
full,history,A,92500,0.0111245,0.00491835,0.00200267,0.108108,False
full,history,A,95000,0.0102639,0.00423382,0.00177,0.105263,False
full,history,A,97500,0.00935547,0.00340264,0.00155825,0.102564,False
full,history,A,100000,0.00854438,0.00284003,0.00137063,0.1,False
full,history,A,110000,0.00585921,0.0016169,0.000788792,0.0909091,False
full,history,A,120000,0.00386403,0.000661923,0.000415817,0.0833333,True
full,history,A,130000,0.00247958,0.000294591,0.00018456,0.0769231,True
full,history,A,140000,0.00114234,4.91739e-05,6.73945e-05,0.0714286,True
full,history,A,150000,0.000446966,2.46063e-05,2.08401e-05,0.0666667,True
full,history,A,160000,9.89433e-05,2.46063e-05,5.21763e-06,0.0625,True
full,history,A,170000,4.95059e-05,0,8.71601e-07,0.0588235,True
full,history,A,180000,0,0,0,0.0555556,True
full,history,A,190000,0,0,0,0.0526316,True
full,history,A,200000,0,0,0,0.05,True
full,history,A,250000,0,0,0,0.04,True
full,history,A,300000,0,0,0,0.0333333,True
full,history,A,400000,0,0,0,0.025,True
full,history,A,500000,0,0,0,0.02,True
full,history,A,1000000,0,0,0,0.01,True
full,history,B,20000,0.227934,0.217103,0.0905423,0.5,False
full,history,B,22500,0.192534,0.18196,0.0755976,0.444444,False
full,history,B,25000,0.164977,0.153282,0.0641003,0.4,False
full,history,B,27500,0.142182,0.131233,0.0551969,0.363636,False
full,history,B,30000,0.125432,0.114163,0.0480428,0.333333,False
full,history,B,32500,0.109372,0.0999869,0.0422593,0.307692,False
full,history,B,35000,0.0968127,0.0884332,0.0376005,0.285714,False
full,history,B,37500,0.0863643,0.0786394,0.033751,0.266667,False
full,history,B,40000,0.0756273,0.0705069,0.030611,0.25,False
full,history,B,42500,0.0683952,0.0635537,0.0280321,0.235294,False
full,history,B,45000,0.0621361,0.0579599,0.0258409,0.222222,False
full,history,B,47500,0.0568901,0.0526379,0.0239803,0.210526,False
full,history,B,50000,0.0529274,0.0488533,0.0223516,0.2,False
full,history,B,52500,0.0487852,0.0456828,0.0209244,0.190476,False
full,history,B,55000,0.0456189,0.0418195,0.0196729,0.181818,False
full,history,B,57500,0.0425623,0.0390158,0.0185577,0.173913,False
full,history,B,60000,0.0398345,0.0367252,0.0175714,0.166667,False
full,history,B,62500,0.0375815,0.0345358,0.0166856,0.16,False
full,history,B,65000,0.0351846,0.0326408,0.0158995,0.153846,False
full,history,B,67500,0.033269,0.0310885,0.0151987,0.148148,False
full,history,B,70000,0.0313511,0.0293853,0.0145638,0.142857,False
full,history,B,72500,0.0294927,0.0281988,0.0139985,0.137931,False
full,history,B,75000,0.0282142,0.0273506,0.013486,0.133333,False
full,history,B,77500,0.0271766,0.0259277,0.0130115,0.129032,False
full,history,B,80000,0.0259262,0.0250891,0.0125752,0.125,False
full,history,B,82500,0.0249978,0.0241449,0.0121714,0.121212,False
full,history,B,85000,0.0241554,0.0234609,0.0117971,0.117647,False
full,history,B,87500,0.0234414,0.02252,0.0114443,0.114286,False
full,history,B,90000,0.0226993,0.0219691,0.0111129,0.111111,False
full,history,B,92500,0.0220182,0.0213642,0.0108003,0.108108,False
full,history,B,95000,0.0215943,0.0207146,0.0105045,0.105263,False
full,history,B,97500,0.0208775,0.0201887,0.0102242,0.102564,False
full,history,B,100000,0.0204285,0.0196489,0.00995747,0.1,False
full,history,B,110000,0.0187952,0.0179988,0.00899435,0.0909091,False
full,history,B,120000,0.0173719,0.0167561,0.00815781,0.0833333,False
full,history,B,130000,0.0165684,0.0156026,0.00741858,0.0769231,False
full,history,B,140000,0.0157632,0.0143695,0.00674461,0.0714286,False
full,history,B,150000,0.0150644,0.0134204,0.00612257,0.0666667,False
full,history,B,160000,0.0144715,0.0127766,0.00554661,0.0625,False
full,history,B,170000,0.0137796,0.0119305,0.00500799,0.0588235,False
full,history,B,180000,0.0132135,0.011443,0.00450849,0.0555556,False
full,history,B,190000,0.0127691,0.0109277,0.00403724,0.0526316,False
full,history,B,200000,0.012374,0.0105591,0.0035873,0.05,False
full,history,B,250000,0.00826643,0.00750145,0.00190531,0.04,True
full,history,B,300000,0.00557734,0.00549751,0.00088878,0.0333333,True
full,history,B,400000,0.00108834,0.00098109,9.12263e-05,0.025,True
full,history,B,500000,5.31186e-05,0.000106648,7.95232e-06,0.02,True
full,history,B,1000000,0,0,0,0.01,True
full,history,C,20000,0.463707,0.45062,0.218183,0.5,False
full,history,C,22500,0.409208,0.402086,0.190855,0.444444,False
full,history,C,25000,0.368069,0.361027,0.168844,0.4,False
full,history,C,27500,0.330134,0.327878,0.150726,0.363636,False
full,history,C,30000,0.297647,0.301219,0.135887,0.333333,False
full,history,C,32500,0.271752,0.279278,0.123501,0.307692,False
full,history,C,35000,0.251636,0.258148,0.112849,0.285714,False
full,history,C,37500,0.235788,0.23811,0.103543,0.266667,False
full,history,C,40000,0.22116,0.223117,0.0952225,0.25,False
full,history,C,42500,0.205493,0.209373,0.0878256,0.235294,False
full,history,C,45000,0.191645,0.19457,0.0813459,0.222222,False
full,history,C,47500,0.180591,0.180772,0.075529,0.210526,False
full,history,C,50000,0.170584,0.168539,0.0702662,0.2,False
full,history,C,52500,0.159876,0.157382,0.0655113,0.190476,False
full,history,C,55000,0.150441,0.147207,0.0612671,0.181818,False
full,history,C,57500,0.142548,0.136774,0.0573893,0.173913,False
full,history,C,60000,0.134175,0.128465,0.0538682,0.166667,False
full,history,C,62500,0.128048,0.120464,0.0506517,0.16,False
full,history,C,65000,0.120452,0.113252,0.0477107,0.153846,False
full,history,C,67500,0.112964,0.106142,0.0450659,0.148148,False
full,history,C,70000,0.10616,0.100393,0.042683,0.142857,False
full,history,C,72500,0.0997504,0.0947134,0.0405379,0.137931,False
full,history,C,75000,0.0945755,0.0904349,0.0385868,0.133333,False
full,history,C,77500,0.0899138,0.0859284,0.0367996,0.129032,False
full,history,C,80000,0.0854517,0.0809837,0.0351626,0.125,False
full,history,C,82500,0.0811916,0.0765582,0.0336624,0.121212,False
full,history,C,85000,0.0771289,0.0730357,0.0322857,0.117647,False
full,history,C,87500,0.0740594,0.0695418,0.0310138,0.114286,False
full,history,C,90000,0.0705069,0.0655865,0.0298353,0.111111,False
full,history,C,92500,0.0667382,0.0625775,0.0287553,0.108108,False
full,history,C,95000,0.0629876,0.0603217,0.0277822,0.105263,False
full,history,C,97500,0.0599115,0.0575917,0.0268986,0.102564,False
full,history,C,100000,0.0569873,0.0554289,0.0260883,0.1,False
full,history,C,110000,0.0499182,0.0480728,0.0233494,0.0909091,False
full,history,C,120000,0.0441665,0.0428996,0.0211964,0.0833333,False
full,history,C,130000,0.0402755,0.0386393,0.0194498,0.0769231,False
full,history,C,140000,0.0365057,0.0356508,0.0179768,0.0714286,False
full,history,C,150000,0.0336441,0.0338343,0.0167769,0.0666667,False
full,history,C,160000,0.0308386,0.0321513,0.0157458,0.0625,False
full,history,C,170000,0.0288491,0.0302951,0.0148746,0.0588235,False
full,history,C,180000,0.0277179,0.0283874,0.0140893,0.0555556,False
full,history,C,190000,0.0267674,0.0272719,0.0133587,0.0526316,False
full,history,C,200000,0.0259673,0.0260196,0.0126713,0.05,False
full,history,C,250000,0.0217826,0.0229327,0.00982685,0.04,False
full,history,C,300000,0.0183633,0.0190153,0.0077762,0.0333333,True
full,history,C,400000,0.0133973,0.013203,0.00501066,0.025,True
full,history,C,500000,0.0105306,0.00923309,0.0032925,0.02,True
full,history,C,1000000,0.000858483,0.00025864,6.96942e-05,0.01,True
last365,bootstrap-30d,A,20000,0.290546,0.253322,0.132343,0.5,False
last365,bootstrap-30d,A,22500,0.262851,0.215578,0.114256,0.444444,False
last365,bootstrap-30d,A,25000,0.23806,0.182096,0.0990958,0.4,False
last365,bootstrap-30d,A,27500,0.215963,0.153762,0.0862859,0.363636,False
last365,bootstrap-30d,A,30000,0.196096,0.130112,0.0753879,0.333333,False
last365,bootstrap-30d,A,32500,0.178183,0.110179,0.0660653,0.307692,False
last365,bootstrap-30d,A,35000,0.161815,0.0933769,0.0580626,0.285714,False
last365,bootstrap-30d,A,37500,0.146856,0.0794858,0.0511817,0.266667,False
last365,bootstrap-30d,A,40000,0.133351,0.06807,0.0452506,0.25,False
last365,bootstrap-30d,A,42500,0.121169,0.0584966,0.0401236,0.235294,False
last365,bootstrap-30d,A,45000,0.110145,0.0504727,0.03568,0.222222,False
last365,bootstrap-30d,A,47500,0.100215,0.0436321,0.0318179,0.210526,False
last365,bootstrap-30d,A,50000,0.09121,0.0377847,0.0284545,0.2,False
last365,bootstrap-30d,A,52500,0.0831873,0.0328867,0.0255174,0.190476,False
last365,bootstrap-30d,A,55000,0.0760112,0.0287308,0.0229419,0.181818,False
last365,bootstrap-30d,A,57500,0.0695067,0.0251202,0.0206781,0.173913,False
last365,bootstrap-30d,A,60000,0.0636663,0.0220509,0.0186823,0.166667,False
last365,bootstrap-30d,A,62500,0.058375,0.0193968,0.0169182,0.16,False
last365,bootstrap-30d,A,65000,0.0536433,0.0171105,0.0153548,0.153846,False
last365,bootstrap-30d,A,67500,0.0493805,0.0151328,0.0139638,0.148148,False
last365,bootstrap-30d,A,70000,0.0454781,0.0134011,0.0127243,0.142857,False
last365,bootstrap-30d,A,72500,0.0420084,0.0119276,0.0116163,0.137931,False
last365,bootstrap-30d,A,75000,0.0388334,0.0106188,0.0106232,0.133333,False
last365,bootstrap-30d,A,77500,0.0359338,0.0094617,0.00973136,0.129032,False
last365,bootstrap-30d,A,80000,0.0333076,0.00846125,0.00892872,0.125,False
last365,bootstrap-30d,A,82500,0.0309273,0.00757614,0.00820414,0.121212,False
last365,bootstrap-30d,A,85000,0.0287324,0.00679694,0.00754892,0.117647,False
last365,bootstrap-30d,A,87500,0.0267131,0.00612313,0.00695574,0.114286,False
last365,bootstrap-30d,A,90000,0.0248678,0.00551909,0.00641781,0.111111,False
last365,bootstrap-30d,A,92500,0.0231663,0.00497117,0.00592912,0.108108,False
last365,bootstrap-30d,A,95000,0.0216011,0.00448942,0.0054844,0.105263,False
last365,bootstrap-30d,A,97500,0.0201677,0.00406621,0.00507905,0.102564,False
last365,bootstrap-30d,A,100000,0.0188353,0.00368636,0.00470916,0.1,False
last365,bootstrap-30d,A,110000,0.0144533,0.00254356,0.00351992,0.0909091,False
last365,bootstrap-30d,A,120000,0.011251,0.0018035,0.00267487,0.0833333,False
last365,bootstrap-30d,A,130000,0.00883021,0.0012957,0.00206307,0.0769231,False
last365,bootstrap-30d,A,140000,0.00704389,0.000954207,0.00161299,0.0714286,False
last365,bootstrap-30d,A,150000,0.00564712,0.000697415,0.0012758,0.0666667,False
last365,bootstrap-30d,A,160000,0.00460149,0.000520915,0.0010201,0.0625,True
last365,bootstrap-30d,A,170000,0.00375882,0.000388547,0.00082281,0.0588235,True
last365,bootstrap-30d,A,180000,0.00310646,0.000296337,0.000669862,0.0555556,True
last365,bootstrap-30d,A,190000,0.00259216,0.0002254,0.000548931,0.0526316,True
last365,bootstrap-30d,A,200000,0.00218933,0.000174539,0.000452134,0.05,True
last365,bootstrap-30d,A,250000,0.000964986,4.72195e-05,0.000182573,0.04,True
last365,bootstrap-30d,A,300000,0.000459118,1.325e-05,8.12029e-05,0.0333333,True
last365,bootstrap-30d,A,400000,0.000130748,1.39664e-06,1.86848e-05,0.025,True
last365,bootstrap-30d,A,500000,3.58708e-05,1.99663e-07,3.89593e-06,0.02,True
last365,bootstrap-30d,A,1000000,0,0,0,0.01,True
last365,bootstrap-30d,B,20000,0.348424,0.340022,0.223658,0.5,False
last365,bootstrap-30d,B,22500,0.330257,0.320798,0.209177,0.444444,False
last365,bootstrap-30d,B,25000,0.314265,0.303808,0.196596,0.4,False
last365,bootstrap-30d,B,27500,0.300025,0.288692,0.185526,0.363636,False
last365,bootstrap-30d,B,30000,0.287223,0.275091,0.17569,0.333333,False
last365,bootstrap-30d,B,32500,0.275539,0.262807,0.166876,0.307692,False
last365,bootstrap-30d,B,35000,0.264798,0.251498,0.158926,0.285714,False
last365,bootstrap-30d,B,37500,0.25498,0.241151,0.15171,0.266667,False
last365,bootstrap-30d,B,40000,0.245888,0.23152,0.145124,0.25,False
last365,bootstrap-30d,B,42500,0.237451,0.222619,0.139087,0.235294,False
last365,bootstrap-30d,B,45000,0.229574,0.214288,0.133531,0.222222,False
last365,bootstrap-30d,B,47500,0.22217,0.206518,0.128399,0.210526,False
last365,bootstrap-30d,B,50000,0.215235,0.199343,0.123645,0.2,False
last365,bootstrap-30d,B,52500,0.208801,0.192617,0.119224,0.190476,False
last365,bootstrap-30d,B,55000,0.202709,0.186276,0.115102,0.181818,False
last365,bootstrap-30d,B,57500,0.196935,0.180293,0.111251,0.173913,False
last365,bootstrap-30d,B,60000,0.191497,0.174688,0.107642,0.166667,False
last365,bootstrap-30d,B,62500,0.186315,0.169393,0.104256,0.16,False
last365,bootstrap-30d,B,65000,0.181477,0.164415,0.101069,0.153846,False
last365,bootstrap-30d,B,67500,0.176823,0.159633,0.0980659,0.148148,False
last365,bootstrap-30d,B,70000,0.172424,0.155163,0.0952297,0.142857,False
last365,bootstrap-30d,B,72500,0.16826,0.150884,0.0925467,0.137931,False
last365,bootstrap-30d,B,75000,0.164276,0.146891,0.0900045,0.133333,False
last365,bootstrap-30d,B,77500,0.160484,0.143062,0.0875917,0.129032,False
last365,bootstrap-30d,B,80000,0.156897,0.13943,0.0852977,0.125,False
last365,bootstrap-30d,B,82500,0.153432,0.136019,0.0831145,0.121212,False
last365,bootstrap-30d,B,85000,0.150124,0.132694,0.0810332,0.117647,False
last365,bootstrap-30d,B,87500,0.146926,0.129563,0.0790479,0.114286,False
last365,bootstrap-30d,B,90000,0.143829,0.126532,0.0771525,0.111111,False
last365,bootstrap-30d,B,92500,0.140865,0.12364,0.0753415,0.108108,False
last365,bootstrap-30d,B,95000,0.138063,0.120874,0.0736082,0.105263,False
last365,bootstrap-30d,B,97500,0.135352,0.118218,0.0719476,0.102564,False
last365,bootstrap-30d,B,100000,0.132739,0.115669,0.0703553,0.1,False
last365,bootstrap-30d,B,110000,0.123108,0.106364,0.0645945,0.0909091,False
last365,bootstrap-30d,B,120000,0.114706,0.0982927,0.0596542,0.0833333,False
last365,bootstrap-30d,B,130000,0.107304,0.0912871,0.0553727,0.0769231,False
last365,bootstrap-30d,B,140000,0.100804,0.0852211,0.0516267,0.0714286,False
last365,bootstrap-30d,B,150000,0.0949914,0.0798614,0.048321,0.0666667,False
last365,bootstrap-30d,B,160000,0.0897909,0.0751425,0.0453829,0.0625,False
last365,bootstrap-30d,B,170000,0.0850319,0.0708252,0.0427554,0.0588235,False
last365,bootstrap-30d,B,180000,0.0807334,0.0669617,0.0403938,0.0555556,False
last365,bootstrap-30d,B,190000,0.0768293,0.0634362,0.0382606,0.0526316,False
last365,bootstrap-30d,B,200000,0.0733539,0.0602782,0.0363213,0.05,False
last365,bootstrap-30d,B,250000,0.0593955,0.0479622,0.0287787,0.04,False
last365,bootstrap-30d,B,300000,0.0495155,0.0394458,0.0236367,0.0333333,False
last365,bootstrap-30d,B,400000,0.0367704,0.0285857,0.0171217,0.025,False
last365,bootstrap-30d,B,500000,0.0289064,0.022085,0.0131884,0.02,False
last365,bootstrap-30d,B,1000000,0.0129087,0.0091355,0.0054155,0.01,False
last365,bootstrap-30d,C,20000,0.447859,0.445816,0.367563,0.5,False
last365,bootstrap-30d,C,22500,0.438035,0.436043,0.358128,0.444444,False
last365,bootstrap-30d,C,25000,0.429271,0.427235,0.349725,0.4,False
last365,bootstrap-30d,C,27500,0.421255,0.419114,0.342162,0.363636,False
last365,bootstrap-30d,C,30000,0.413952,0.411643,0.3353,0.333333,False
last365,bootstrap-30d,C,32500,0.40733,0.404872,0.329019,0.307692,False
last365,bootstrap-30d,C,35000,0.401114,0.398547,0.323231,0.285714,False
last365,bootstrap-30d,C,37500,0.395446,0.392744,0.317867,0.266667,False
last365,bootstrap-30d,C,40000,0.390118,0.38724,0.31287,0.25,False
last365,bootstrap-30d,C,42500,0.385113,0.382066,0.308196,0.235294,False
last365,bootstrap-30d,C,45000,0.380474,0.377239,0.303807,0.222222,False
last365,bootstrap-30d,C,47500,0.376099,0.372606,0.299668,0.210526,False
last365,bootstrap-30d,C,50000,0.371932,0.368274,0.295755,0.2,False
last365,bootstrap-30d,C,52500,0.367896,0.364198,0.292045,0.190476,False
last365,bootstrap-30d,C,55000,0.364116,0.360265,0.288522,0.181818,False
last365,bootstrap-30d,C,57500,0.360505,0.356521,0.285168,0.173913,False
last365,bootstrap-30d,C,60000,0.356995,0.352955,0.281967,0.166667,False
last365,bootstrap-30d,C,62500,0.353669,0.349557,0.278909,0.16,False
last365,bootstrap-30d,C,65000,0.350485,0.346378,0.275982,0.153846,False
last365,bootstrap-30d,C,67500,0.347401,0.343262,0.273176,0.148148,False
last365,bootstrap-30d,C,70000,0.344443,0.340267,0.27048,0.142857,False
last365,bootstrap-30d,C,72500,0.341569,0.337395,0.267889,0.137931,False
last365,bootstrap-30d,C,75000,0.338814,0.334651,0.265396,0.133333,False
last365,bootstrap-30d,C,77500,0.336166,0.332013,0.262992,0.129032,False
last365,bootstrap-30d,C,80000,0.333597,0.329471,0.260673,0.125,False
last365,bootstrap-30d,C,82500,0.331107,0.327044,0.258433,0.121212,False
last365,bootstrap-30d,C,85000,0.328723,0.324725,0.256266,0.117647,False
last365,bootstrap-30d,C,87500,0.326395,0.322399,0.254169,0.114286,False
last365,bootstrap-30d,C,90000,0.324119,0.320127,0.252138,0.111111,False
last365,bootstrap-30d,C,92500,0.321916,0.317935,0.250169,0.108108,False
last365,bootstrap-30d,C,95000,0.319763,0.315787,0.248258,0.105263,False
last365,bootstrap-30d,C,97500,0.317727,0.313739,0.246403,0.102564,False
last365,bootstrap-30d,C,100000,0.315676,0.311742,0.2446,0.1,False
last365,bootstrap-30d,C,110000,0.308209,0.304257,0.237858,0.0909091,False
last365,bootstrap-30d,C,120000,0.3014,0.29744,0.231768,0.0833333,False
last365,bootstrap-30d,C,130000,0.295325,0.29125,0.226214,0.0769231,False
last365,bootstrap-30d,C,140000,0.289702,0.285593,0.22111,0.0714286,False
last365,bootstrap-30d,C,150000,0.284461,0.280291,0.216395,0.0666667,False
last365,bootstrap-30d,C,160000,0.279514,0.2752,0.212021,0.0625,False
last365,bootstrap-30d,C,170000,0.274766,0.270417,0.207949,0.0588235,False
last365,bootstrap-30d,C,180000,0.270383,0.265913,0.204147,0.0555556,False
last365,bootstrap-30d,C,190000,0.266171,0.261645,0.200585,0.0526316,False
last365,bootstrap-30d,C,200000,0.262352,0.257731,0.197232,0.05,False
last365,bootstrap-30d,C,250000,0.245841,0.240869,0.182942,0.04,False
last365,bootstrap-30d,C,300000,0.232414,0.227471,0.17167,0.0333333,False
last365,bootstrap-30d,C,400000,0.211471,0.207033,0.154747,0.025,False
last365,bootstrap-30d,C,500000,0.196456,0.192308,0.142392,0.02,False
last365,bootstrap-30d,C,1000000,0.15403,0.149891,0.10751,0.01,False
last365,bootstrap-365d,A,20000,0.320001,0.298356,0.144081,0.5,False
last365,bootstrap-365d,A,22500,0.292466,0.25677,0.123778,0.444444,False
last365,bootstrap-365d,A,25000,0.267377,0.215937,0.106401,0.4,False
last365,bootstrap-365d,A,27500,0.244422,0.18034,0.0914335,0.363636,False
last365,bootstrap-365d,A,30000,0.2231,0.15033,0.078472,0.333333,False
last365,bootstrap-365d,A,32500,0.202449,0.124506,0.0672588,0.307692,False
last365,bootstrap-365d,A,35000,0.182122,0.102435,0.0576262,0.285714,False
last365,bootstrap-365d,A,37500,0.162692,0.0845668,0.0494178,0.266667,False
last365,bootstrap-365d,A,40000,0.144588,0.0701383,0.042466,0.25,False
last365,bootstrap-365d,A,42500,0.128179,0.0584118,0.0365936,0.235294,False
last365,bootstrap-365d,A,45000,0.113439,0.0486912,0.0316399,0.222222,False
last365,bootstrap-365d,A,47500,0.100384,0.0405993,0.0274572,0.210526,False
last365,bootstrap-365d,A,50000,0.0888398,0.0338598,0.0239242,0.2,False
last365,bootstrap-365d,A,52500,0.0788202,0.0283009,0.0209306,0.190476,False
last365,bootstrap-365d,A,55000,0.0702021,0.0238287,0.0183813,0.181818,False
last365,bootstrap-365d,A,57500,0.0627925,0.0202193,0.0161963,0.173913,False
last365,bootstrap-365d,A,60000,0.0563387,0.01725,0.0143117,0.166667,False
last365,bootstrap-365d,A,62500,0.050677,0.014807,0.0126791,0.16,False
last365,bootstrap-365d,A,65000,0.0456503,0.0127451,0.0112598,0.153846,False
last365,bootstrap-365d,A,67500,0.0412409,0.0110147,0.0100225,0.148148,False
last365,bootstrap-365d,A,70000,0.0373341,0.00956142,0.00893912,0.142857,False
last365,bootstrap-365d,A,72500,0.0338278,0.0083305,0.00798793,0.137931,False
last365,bootstrap-365d,A,75000,0.0306717,0.00725495,0.0071517,0.133333,False
last365,bootstrap-365d,A,77500,0.0278273,0.00631755,0.00641554,0.129032,False
last365,bootstrap-365d,A,80000,0.0252696,0.00548924,0.00576629,0.125,False
last365,bootstrap-365d,A,82500,0.0229687,0.00475878,0.00519316,0.121212,False
last365,bootstrap-365d,A,85000,0.0209155,0.00414472,0.0046856,0.117647,False
last365,bootstrap-365d,A,87500,0.0190522,0.00360129,0.00423605,0.114286,False
last365,bootstrap-365d,A,90000,0.0174265,0.00315322,0.00383607,0.111111,False
last365,bootstrap-365d,A,92500,0.0159453,0.00275006,0.00347925,0.108108,False
last365,bootstrap-365d,A,95000,0.0146316,0.00240583,0.00316025,0.105263,False
last365,bootstrap-365d,A,97500,0.0134506,0.00211347,0.00287391,0.102564,False
last365,bootstrap-365d,A,100000,0.0123638,0.00185553,0.0026166,0.1,False
last365,bootstrap-365d,A,110000,0.00892875,0.00115348,0.00181915,0.0909091,False
last365,bootstrap-365d,A,120000,0.00647092,0.000719456,0.00128709,0.0833333,False
last365,bootstrap-365d,A,130000,0.00477352,0.000468559,0.000928704,0.0769231,True
last365,bootstrap-365d,A,140000,0.00357677,0.000314904,0.000680541,0.0714286,True
last365,bootstrap-365d,A,150000,0.00272261,0.000204412,0.000504928,0.0666667,True
last365,bootstrap-365d,A,160000,0.00207841,0.000132323,0.000379039,0.0625,True
last365,bootstrap-365d,A,170000,0.00160444,8.91006e-05,0.000288044,0.0588235,True
last365,bootstrap-365d,A,180000,0.00125973,6.14054e-05,0.000221039,0.0555556,True
last365,bootstrap-365d,A,190000,0.000989011,4.26706e-05,0.000171139,0.0526316,True
last365,bootstrap-365d,A,200000,0.000785997,2.98123e-05,0.000133531,0.05,True
last365,bootstrap-365d,A,250000,0.000270514,7.08016e-06,4.20078e-05,0.04,True
last365,bootstrap-365d,A,300000,0.00010235,9.9722e-07,1.49627e-05,0.0333333,True
last365,bootstrap-365d,A,400000,1.72887e-05,0,2.36128e-06,0.025,True
last365,bootstrap-365d,A,500000,4.655e-06,0,4.73002e-07,0.02,True
last365,bootstrap-365d,A,1000000,0,0,0,0.01,True
last365,bootstrap-365d,B,20000,0.356093,0.349846,0.215812,0.5,False
last365,bootstrap-365d,B,22500,0.33424,0.327255,0.199614,0.444444,False
last365,bootstrap-365d,B,25000,0.315232,0.307864,0.185699,0.4,False
last365,bootstrap-365d,B,27500,0.298524,0.290959,0.173573,0.363636,False
last365,bootstrap-365d,B,30000,0.283548,0.275604,0.162885,0.333333,False
last365,bootstrap-365d,B,32500,0.270051,0.261668,0.153388,0.307692,False
last365,bootstrap-365d,B,35000,0.257794,0.248967,0.144878,0.285714,False
last365,bootstrap-365d,B,37500,0.246603,0.23725,0.137208,0.266667,False
last365,bootstrap-365d,B,40000,0.236392,0.226324,0.130253,0.25,False
last365,bootstrap-365d,B,42500,0.226997,0.216048,0.12391,0.235294,False
last365,bootstrap-365d,B,45000,0.218249,0.206414,0.118101,0.222222,False
last365,bootstrap-365d,B,47500,0.210157,0.197515,0.11276,0.210526,False
last365,bootstrap-365d,B,50000,0.202551,0.189181,0.107831,0.2,False
last365,bootstrap-365d,B,52500,0.195369,0.181421,0.103274,0.190476,False
last365,bootstrap-365d,B,55000,0.188706,0.174158,0.0990468,0.181818,False
last365,bootstrap-365d,B,57500,0.182454,0.16745,0.0951126,0.173913,False
last365,bootstrap-365d,B,60000,0.17653,0.161183,0.091443,0.166667,False
last365,bootstrap-365d,B,62500,0.170996,0.155389,0.0880128,0.16,False
last365,bootstrap-365d,B,65000,0.165682,0.149934,0.0847995,0.153846,False
last365,bootstrap-365d,B,67500,0.160722,0.144831,0.0817831,0.148148,False
last365,bootstrap-365d,B,70000,0.155986,0.14003,0.0789465,0.142857,False
last365,bootstrap-365d,B,72500,0.151504,0.135518,0.0762742,0.137931,False
last365,bootstrap-365d,B,75000,0.147208,0.131187,0.0737534,0.133333,False
last365,bootstrap-365d,B,77500,0.143174,0.127157,0.0713717,0.129032,False
last365,bootstrap-365d,B,80000,0.139291,0.123306,0.0691178,0.125,False
last365,bootstrap-365d,B,82500,0.135637,0.119662,0.066982,0.121212,False
last365,bootstrap-365d,B,85000,0.132089,0.116195,0.064955,0.117647,False
last365,bootstrap-365d,B,87500,0.128693,0.112888,0.0630302,0.114286,False
last365,bootstrap-365d,B,90000,0.125454,0.109721,0.0612003,0.111111,False
last365,bootstrap-365d,B,92500,0.122381,0.106719,0.0594578,0.108108,False
last365,bootstrap-365d,B,95000,0.119398,0.103835,0.0577976,0.105263,False
last365,bootstrap-365d,B,97500,0.116558,0.101103,0.0562137,0.102564,False
last365,bootstrap-365d,B,100000,0.113803,0.0984834,0.0547014,0.1,False
last365,bootstrap-365d,B,110000,0.103745,0.0889804,0.0492898,0.0909091,False
last365,bootstrap-365d,B,120000,0.0951529,0.0809615,0.0447272,0.0833333,False
last365,bootstrap-365d,B,130000,0.0876441,0.0740841,0.0408369,0.0769231,False
last365,bootstrap-365d,B,140000,0.0811235,0.0681179,0.0374858,0.0714286,False
last365,bootstrap-365d,B,150000,0.0754408,0.0629504,0.0345722,0.0666667,False
last365,bootstrap-365d,B,160000,0.0703675,0.058425,0.0320166,0.0625,False
last365,bootstrap-365d,B,170000,0.0658954,0.0544085,0.0297589,0.0588235,False
last365,bootstrap-365d,B,180000,0.0619056,0.0508002,0.0277502,0.0555556,False
last365,bootstrap-365d,B,190000,0.058292,0.0475956,0.0259526,0.0526316,False
last365,bootstrap-365d,B,200000,0.0549887,0.0446951,0.0243378,0.05,False
last365,bootstrap-365d,B,250000,0.0424194,0.0337301,0.0182444,0.04,False
last365,bootstrap-365d,B,300000,0.0338706,0.0265038,0.0142634,0.0333333,False
last365,bootstrap-365d,B,400000,0.0232642,0.0176796,0.00950532,0.025,False
last365,bootstrap-365d,B,500000,0.0171544,0.0126769,0.0068381,0.02,False
last365,bootstrap-365d,B,1000000,0.00616022,0.00407256,0.00217688,0.01,True
last365,bootstrap-365d,C,20000,0.441167,0.439377,0.345143,0.5,False
last365,bootstrap-365d,C,22500,0.428701,0.42661,0.333903,0.444444,False
last365,bootstrap-365d,C,25000,0.417626,0.415224,0.323972,0.4,False
last365,bootstrap-365d,C,27500,0.407568,0.404849,0.315102,0.363636,False
last365,bootstrap-365d,C,30000,0.398535,0.395528,0.307101,0.333333,False
last365,bootstrap-365d,C,32500,0.390325,0.38707,0.29982,0.307692,False
last365,bootstrap-365d,C,35000,0.382814,0.379253,0.293143,0.285714,False
last365,bootstrap-365d,C,37500,0.375836,0.372107,0.286984,0.266667,False
last365,bootstrap-365d,C,40000,0.369242,0.365476,0.281279,0.25,False
last365,bootstrap-365d,C,42500,0.363079,0.359441,0.275972,0.235294,False
last365,bootstrap-365d,C,45000,0.3573,0.353699,0.271016,0.222222,False
last365,bootstrap-365d,C,47500,0.351867,0.348416,0.266372,0.210526,False
last365,bootstrap-365d,C,50000,0.346777,0.343332,0.262005,0.2,False
last365,bootstrap-365d,C,52500,0.341935,0.338559,0.257887,0.190476,False
last365,bootstrap-365d,C,55000,0.33731,0.334048,0.253993,0.181818,False
last365,bootstrap-365d,C,57500,0.332992,0.329758,0.250304,0.173913,False
last365,bootstrap-365d,C,60000,0.328911,0.325635,0.246797,0.166667,False
last365,bootstrap-365d,C,62500,0.325038,0.321694,0.243455,0.16,False
last365,bootstrap-365d,C,65000,0.321262,0.317983,0.240266,0.153846,False
last365,bootstrap-365d,C,67500,0.317694,0.314454,0.237219,0.148148,False
last365,bootstrap-365d,C,70000,0.314312,0.311084,0.2343,0.142857,False
last365,bootstrap-365d,C,72500,0.31109,0.307837,0.2315,0.137931,False
last365,bootstrap-365d,C,75000,0.307935,0.304671,0.228809,0.133333,False
last365,bootstrap-365d,C,77500,0.304886,0.301643,0.226222,0.129032,False
last365,bootstrap-365d,C,80000,0.301924,0.298714,0.223732,0.125,False
last365,bootstrap-365d,C,82500,0.299057,0.295833,0.221334,0.121212,False
last365,bootstrap-365d,C,85000,0.296399,0.29311,0.219018,0.117647,False
last365,bootstrap-365d,C,87500,0.293779,0.290434,0.216781,0.114286,False
last365,bootstrap-365d,C,90000,0.29125,0.287846,0.214616,0.111111,False
last365,bootstrap-365d,C,92500,0.288808,0.285323,0.212521,0.108108,False
last365,bootstrap-365d,C,95000,0.286444,0.282889,0.210492,0.105263,False
last365,bootstrap-365d,C,97500,0.284123,0.280507,0.208523,0.102564,False
last365,bootstrap-365d,C,100000,0.28181,0.278212,0.206614,0.1,False
last365,bootstrap-365d,C,110000,0.27333,0.269506,0.199509,0.0909091,False
last365,bootstrap-365d,C,120000,0.26569,0.26169,0.193141,0.0833333,False
last365,bootstrap-365d,C,130000,0.258795,0.254668,0.187379,0.0769231,False
last365,bootstrap-365d,C,140000,0.252389,0.248265,0.18213,0.0714286,False
last365,bootstrap-365d,C,150000,0.246575,0.242369,0.177317,0.0666667,False
last365,bootstrap-365d,C,160000,0.241142,0.236929,0.172879,0.0625,False
last365,bootstrap-365d,C,170000,0.236137,0.231882,0.168769,0.0588235,False
last365,bootstrap-365d,C,180000,0.231451,0.227194,0.164941,0.0555556,False
last365,bootstrap-365d,C,190000,0.226962,0.222698,0.16137,0.0526316,False
last365,bootstrap-365d,C,200000,0.222716,0.218424,0.158029,0.05,False
last365,bootstrap-365d,C,250000,0.204889,0.200963,0.144036,0.04,False
last365,bootstrap-365d,C,300000,0.191256,0.187332,0.133193,0.0333333,False
last365,bootstrap-365d,C,400000,0.170612,0.166677,0.117148,0.025,False
last365,bootstrap-365d,C,500000,0.155529,0.151706,0.10562,0.02,False
last365,bootstrap-365d,C,1000000,0.114173,0.11038,0.0747039,0.01,False
last365,regime,A,20000,0.265942,0.228899,0.132519,0.5,False
last365,regime,A,22500,0.241339,0.199871,0.117356,0.444444,False
last365,regime,A,25000,0.220325,0.175632,0.104737,0.4,False
last365,regime,A,27500,0.201925,0.154981,0.0940875,0.363636,False
last365,regime,A,30000,0.185945,0.137651,0.0850046,0.333333,False
last365,regime,A,32500,0.171769,0.122776,0.0771783,0.307692,False
last365,regime,A,35000,0.159152,0.110092,0.0703832,0.285714,False
last365,regime,A,37500,0.147945,0.0991977,0.06444,0.266667,False
last365,regime,A,40000,0.137794,0.0896467,0.0592098,0.25,False
last365,regime,A,42500,0.128813,0.0813643,0.0545787,0.235294,False
last365,regime,A,45000,0.120539,0.0740232,0.0504536,0.222222,False
last365,regime,A,47500,0.113029,0.0675552,0.0467668,0.210526,False
last365,regime,A,50000,0.106165,0.0617639,0.0434584,0.2,False
last365,regime,A,52500,0.0999126,0.0566716,0.0404783,0.190476,False
last365,regime,A,55000,0.0941414,0.0520993,0.0377855,0.181818,False
last365,regime,A,57500,0.0888403,0.0480236,0.0353444,0.173913,False
last365,regime,A,60000,0.0839739,0.0443638,0.0331237,0.166667,False
last365,regime,A,62500,0.0794858,0.0411029,0.031098,0.16,False
last365,regime,A,65000,0.0753469,0.0381373,0.0292454,0.153846,False
last365,regime,A,67500,0.0715418,0.0354729,0.0275451,0.148148,False
last365,regime,A,70000,0.0679321,0.0330398,0.0259824,0.142857,False
last365,regime,A,72500,0.0646358,0.0308243,0.0245433,0.137931,False
last365,regime,A,75000,0.0615189,0.0287996,0.0232146,0.133333,False
last365,regime,A,77500,0.0586296,0.0269563,0.021986,0.129032,False
last365,regime,A,80000,0.0559609,0.0252983,0.0208469,0.125,False
last365,regime,A,82500,0.0534496,0.0237805,0.0197889,0.121212,False
last365,regime,A,85000,0.0511083,0.0223698,0.0188042,0.117647,False
last365,regime,A,87500,0.0488793,0.0210421,0.0178869,0.114286,False
last365,regime,A,90000,0.0468625,0.0198664,0.0170303,0.111111,False
last365,regime,A,92500,0.044923,0.0187591,0.0162284,0.108108,False
last365,regime,A,95000,0.0430888,0.0177309,0.0154778,0.105263,False
last365,regime,A,97500,0.0413615,0.016769,0.0147739,0.102564,False
last365,regime,A,100000,0.0397012,0.0158619,0.0141135,0.1,False
last365,regime,A,110000,0.0339806,0.0128517,0.0118421,0.0909091,False
last365,regime,A,120000,0.0293636,0.0105367,0.010042,0.0833333,False
last365,regime,A,130000,0.0255525,0.00873209,0.00859118,0.0769231,False
last365,regime,A,140000,0.022384,0.00731973,0.00740894,0.0714286,False
last365,regime,A,150000,0.0197809,0.00619138,0.00643249,0.0666667,False
last365,regime,A,160000,0.0175208,0.00525922,0.00561854,0.0625,False
last365,regime,A,170000,0.0156106,0.00449702,0.00493444,0.0588235,False
last365,regime,A,180000,0.013964,0.00387622,0.00435497,0.0555556,False
last365,regime,A,190000,0.0125554,0.00335936,0.00386053,0.0526316,False
last365,regime,A,200000,0.0113547,0.00293347,0.00343471,0.05,False
last365,regime,A,250000,0.00706727,0.00156174,0.00200086,0.04,False
last365,regime,A,300000,0.00460514,0.000897693,0.00123904,0.0333333,True
last365,regime,A,400000,0.0021545,0.000356174,0.000547084,0.025,True
last365,regime,A,500000,0.00115648,0.000168612,0.000277178,0.02,True
last365,regime,A,1000000,0.000124744,8.40213e-06,2.6161e-05,0.01,True
last365,regime,B,20000,0.32502,0.317763,0.216557,0.5,False
last365,regime,B,22500,0.308952,0.300626,0.203987,0.444444,False
last365,regime,B,25000,0.294992,0.285874,0.193086,0.4,False
last365,regime,B,27500,0.282478,0.272709,0.183511,0.363636,False
last365,regime,B,30000,0.271318,0.260982,0.175013,0.333333,False
last365,regime,B,32500,0.261196,0.250343,0.167404,0.307692,False
last365,regime,B,35000,0.252008,0.24071,0.16054,0.285714,False
last365,regime,B,37500,0.243632,0.231844,0.154303,0.266667,False
last365,regime,B,40000,0.235859,0.223771,0.148604,0.25,False
last365,regime,B,42500,0.228736,0.216276,0.143371,0.235294,False
last365,regime,B,45000,0.222095,0.209353,0.138543,0.222222,False
last365,regime,B,47500,0.215898,0.202936,0.134071,0.210526,False
last365,regime,B,50000,0.210102,0.196959,0.129916,0.2,False
last365,regime,B,52500,0.20463,0.191329,0.126042,0.190476,False
last365,regime,B,55000,0.199524,0.186038,0.122419,0.181818,False
last365,regime,B,57500,0.194678,0.181076,0.119024,0.173913,False
last365,regime,B,60000,0.190143,0.176381,0.115833,0.166667,False
last365,regime,B,62500,0.185809,0.171964,0.112826,0.16,False
last365,regime,B,65000,0.181703,0.167793,0.109988,0.153846,False
last365,regime,B,67500,0.177809,0.163812,0.107304,0.148148,False
last365,regime,B,70000,0.17412,0.160005,0.104761,0.142857,False
last365,regime,B,72500,0.170574,0.156421,0.102346,0.137931,False
last365,regime,B,75000,0.167178,0.152939,0.100052,0.133333,False
last365,regime,B,77500,0.163931,0.149678,0.0978683,0.129032,False
last365,regime,B,80000,0.160842,0.146565,0.0957871,0.125,False
last365,regime,B,82500,0.157897,0.143597,0.0938001,0.121212,False
last365,regime,B,85000,0.155077,0.140775,0.0918999,0.117647,False
last365,regime,B,87500,0.152367,0.138054,0.0900815,0.114286,False
last365,regime,B,90000,0.149789,0.135491,0.0883385,0.111111,False
last365,regime,B,92500,0.147267,0.133004,0.086666,0.108108,False
last365,regime,B,95000,0.14485,0.13061,0.0850604,0.105263,False
last365,regime,B,97500,0.142519,0.128288,0.0835173,0.102564,False
last365,regime,B,100000,0.140274,0.126072,0.0820331,0.1,False
last365,regime,B,110000,0.132081,0.117979,0.0766163,0.0909091,False
last365,regime,B,120000,0.124871,0.110896,0.0718982,0.0833333,False
last365,regime,B,130000,0.118394,0.104623,0.067752,0.0769231,False
last365,regime,B,140000,0.112662,0.0990384,0.0640746,0.0714286,False
last365,regime,B,150000,0.107504,0.0940527,0.0607868,0.0666667,False
last365,regime,B,160000,0.102773,0.0894785,0.0578289,0.0625,False
last365,regime,B,170000,0.0985,0.0854594,0.0551519,0.0588235,False
last365,regime,B,180000,0.0946047,0.0817857,0.0527165,0.0555556,False
last365,regime,B,190000,0.0910017,0.0784226,0.0504885,0.0526316,False
last365,regime,B,200000,0.0876236,0.0753146,0.0484451,0.05,False
last365,regime,B,250000,0.0742356,0.0628259,0.0402973,0.04,False
last365,regime,B,300000,0.0646843,0.0540618,0.0344511,0.0333333,False
last365,regime,B,400000,0.0511605,0.0419104,0.0265911,0.025,False
last365,regime,B,500000,0.0421688,0.0341018,0.0215514,0.02,False
last365,regime,B,1000000,0.0222079,0.0172602,0.0106439,0.01,False
last365,regime,C,20000,0.403057,0.401115,0.326895,0.5,False
last365,regime,C,22500,0.393433,0.39132,0.31796,0.444444,False
last365,regime,C,25000,0.384763,0.382691,0.310046,0.4,False
last365,regime,C,27500,0.377072,0.374957,0.302952,0.363636,False
last365,regime,C,30000,0.370049,0.367851,0.296531,0.333333,False
last365,regime,C,32500,0.363521,0.361222,0.29067,0.307692,False
last365,regime,C,35000,0.357618,0.355182,0.285291,0.285714,False
last365,regime,C,37500,0.352068,0.349671,0.280321,0.266667,False
last365,regime,C,40000,0.346955,0.344423,0.275704,0.25,False
last365,regime,C,42500,0.34221,0.339599,0.271398,0.235294,False
last365,regime,C,45000,0.337694,0.334967,0.267363,0.222222,False
last365,regime,C,47500,0.333357,0.330572,0.263574,0.210526,False
last365,regime,C,50000,0.32925,0.326469,0.260008,0.2,False
last365,regime,C,52500,0.325332,0.322647,0.256644,0.190476,False
last365,regime,C,55000,0.321563,0.318847,0.253463,0.181818,False
last365,regime,C,57500,0.318011,0.315323,0.250447,0.173913,False
last365,regime,C,60000,0.314622,0.311956,0.247583,0.166667,False
last365,regime,C,62500,0.311469,0.308759,0.244854,0.16,False
last365,regime,C,65000,0.308439,0.305752,0.242249,0.153846,False
last365,regime,C,67500,0.30553,0.302851,0.239759,0.148148,False
last365,regime,C,70000,0.302786,0.300085,0.237372,0.142857,False
last365,regime,C,72500,0.300162,0.297426,0.235083,0.137931,False
last365,regime,C,75000,0.297592,0.294851,0.232883,0.133333,False
last365,regime,C,77500,0.295129,0.292383,0.230766,0.129032,False
last365,regime,C,80000,0.292795,0.289999,0.228728,0.125,False
last365,regime,C,82500,0.290516,0.287687,0.226761,0.121212,False
last365,regime,C,85000,0.288319,0.285429,0.224862,0.117647,False
last365,regime,C,87500,0.286217,0.283292,0.223026,0.114286,False
last365,regime,C,90000,0.284214,0.281268,0.221249,0.111111,False
last365,regime,C,92500,0.282267,0.279274,0.219527,0.108108,False
last365,regime,C,95000,0.280385,0.277338,0.217856,0.105263,False
last365,regime,C,97500,0.278521,0.275466,0.216234,0.102564,False
last365,regime,C,100000,0.27669,0.273603,0.214661,0.1,False
last365,regime,C,110000,0.269862,0.266748,0.208791,0.0909091,False
last365,regime,C,120000,0.263624,0.260575,0.203517,0.0833333,False
last365,regime,C,130000,0.257766,0.254854,0.198749,0.0769231,False
last365,regime,C,140000,0.252617,0.249776,0.194405,0.0714286,False
last365,regime,C,150000,0.247933,0.245069,0.190415,0.0666667,False
last365,regime,C,160000,0.243531,0.240691,0.186725,0.0625,False
last365,regime,C,170000,0.239518,0.236662,0.1833,0.0588235,False
last365,regime,C,180000,0.235729,0.232851,0.180103,0.0555556,False
last365,regime,C,190000,0.232243,0.229241,0.177108,0.0526316,False
last365,regime,C,200000,0.228935,0.225883,0.174293,0.05,False
last365,regime,C,250000,0.214682,0.211485,0.162358,0.04,False
last365,regime,C,300000,0.203686,0.200206,0.152965,0.0333333,False
last365,regime,C,400000,0.186766,0.183139,0.138773,0.025,False
last365,regime,C,500000,0.174163,0.170549,0.128307,0.02,False
last365,regime,C,1000000,0.138459,0.135381,0.0987549,0.01,False
last365,martingale,A,20000,0.20919,0.18008,0.120013,0.5,False
last365,martingale,A,22500,0.195979,0.164359,0.109663,0.444444,False
last365,martingale,A,25000,0.18427,0.150137,0.100706,0.4,False
last365,martingale,A,27500,0.173637,0.13708,0.092867,0.363636,False
last365,martingale,A,30000,0.16408,0.125162,0.0859495,0.333333,False
last365,martingale,A,32500,0.155587,0.11454,0.0797836,0.307692,False
last365,martingale,A,35000,0.14775,0.104835,0.0742462,0.285714,False
last365,martingale,A,37500,0.14056,0.0960851,0.0692478,0.266667,False
last365,martingale,A,40000,0.133908,0.0882045,0.0647123,0.25,False
last365,martingale,A,42500,0.127709,0.0810372,0.0605764,0.235294,False
last365,martingale,A,45000,0.121829,0.0745427,0.0567982,0.222222,False
last365,martingale,A,47500,0.116343,0.0686581,0.0533366,0.210526,False
last365,martingale,A,50000,0.111115,0.0632972,0.0501569,0.2,False
last365,martingale,A,52500,0.106252,0.0585315,0.0472288,0.190476,False
last365,martingale,A,55000,0.101675,0.0541918,0.0445254,0.181818,False
last365,martingale,A,57500,0.0973522,0.0503023,0.0420254,0.173913,False
last365,martingale,A,60000,0.0932976,0.0468068,0.0397066,0.166667,False
last365,martingale,A,62500,0.0895382,0.0436392,0.0375508,0.16,False
last365,martingale,A,65000,0.0858794,0.040692,0.0355437,0.153846,False
last365,martingale,A,67500,0.0823915,0.0379637,0.0336747,0.148148,False
last365,martingale,A,70000,0.0790858,0.0354345,0.0319313,0.142857,False
last365,martingale,A,72500,0.0759818,0.0331534,0.030302,0.137931,False
last365,martingale,A,75000,0.0730175,0.0310247,0.0287776,0.133333,False
last365,martingale,A,77500,0.070156,0.0290444,0.0273501,0.129032,False
last365,martingale,A,80000,0.0674852,0.0272268,0.0260117,0.125,False
last365,martingale,A,82500,0.0649197,0.0255383,0.024755,0.121212,False
last365,martingale,A,85000,0.0624406,0.023952,0.0235751,0.117647,False
last365,martingale,A,87500,0.0601341,0.0224982,0.0224656,0.114286,False
last365,martingale,A,90000,0.0578913,0.0211232,0.0214209,0.111111,False
last365,martingale,A,92500,0.0557435,0.0198454,0.0204378,0.108108,False
last365,martingale,A,95000,0.0536736,0.0186262,0.0195113,0.105263,False
last365,martingale,A,97500,0.0516591,0.01749,0.0186387,0.102564,False
last365,martingale,A,100000,0.0497848,0.0164595,0.0178156,0.1,False
last365,martingale,A,110000,0.0430364,0.0129103,0.0149563,0.0909091,False
last365,martingale,A,120000,0.037337,0.0102152,0.0126617,0.0833333,False
last365,martingale,A,130000,0.0326194,0.00815997,0.0108002,0.0769231,False
last365,martingale,A,140000,0.0286075,0.00655378,0.00927613,0.0714286,False
last365,martingale,A,150000,0.0252284,0.00530482,0.00801766,0.0666667,False
last365,martingale,A,160000,0.0223475,0.00431554,0.00696626,0.0625,False
last365,martingale,A,170000,0.0198515,0.00351931,0.00608274,0.0588235,False
last365,martingale,A,180000,0.0177389,0.00287976,0.00533535,0.0555556,False
last365,martingale,A,190000,0.0158553,0.00235424,0.00469863,0.0526316,False
last365,martingale,A,200000,0.0142185,0.00193665,0.00415392,0.05,False
last365,martingale,A,250000,0.00862751,0.000777071,0.00235834,0.04,False
last365,martingale,A,300000,0.00551315,0.000350158,0.00142506,0.0333333,False
last365,martingale,A,400000,0.00251448,7.76325e-05,0.000593361,0.025,True
last365,martingale,A,500000,0.00126363,1.96751e-05,0.000277759,0.02,True
last365,martingale,A,1000000,8.74963e-05,9.95886e-08,1.2932e-05,0.01,True
last365,martingale,B,20000,0.311473,0.295964,0.233213,0.5,False
last365,martingale,B,22500,0.301868,0.285897,0.223999,0.444444,False
last365,martingale,B,25000,0.293179,0.276788,0.21581,0.4,False
last365,martingale,B,27500,0.285202,0.268431,0.208458,0.363636,False
last365,martingale,B,30000,0.277871,0.260757,0.201804,0.333333,False
last365,martingale,B,32500,0.271308,0.253869,0.195728,0.307692,False
last365,martingale,B,35000,0.265171,0.247378,0.190143,0.285714,False
last365,martingale,B,37500,0.259531,0.241465,0.184979,0.266667,False
last365,martingale,B,40000,0.254252,0.236011,0.180181,0.25,False
last365,martingale,B,42500,0.249224,0.230829,0.175703,0.235294,False
last365,martingale,B,45000,0.244352,0.22583,0.171518,0.222222,False
last365,martingale,B,47500,0.239806,0.221163,0.167594,0.210526,False
last365,martingale,B,50000,0.235377,0.216655,0.163909,0.2,False
last365,martingale,B,52500,0.231394,0.212546,0.160433,0.190476,False
last365,martingale,B,55000,0.227496,0.208556,0.157145,0.181818,False
last365,martingale,B,57500,0.223791,0.204745,0.15403,0.173913,False
last365,martingale,B,60000,0.220348,0.201199,0.151069,0.166667,False
last365,martingale,B,62500,0.217008,0.197774,0.148251,0.16,False
last365,martingale,B,65000,0.21377,0.194457,0.145564,0.153846,False
last365,martingale,B,67500,0.210618,0.191215,0.143001,0.148148,False
last365,martingale,B,70000,0.207567,0.188116,0.140552,0.142857,False
last365,martingale,B,72500,0.204744,0.185221,0.138208,0.137931,False
last365,martingale,B,75000,0.201972,0.182402,0.135961,0.133333,False
last365,martingale,B,77500,0.199259,0.179666,0.133804,0.129032,False
last365,martingale,B,80000,0.196725,0.177097,0.131733,0.125,False
last365,martingale,B,82500,0.194209,0.174601,0.12974,0.121212,False
last365,martingale,B,85000,0.191771,0.172214,0.127823,0.117647,False
last365,martingale,B,87500,0.189428,0.169858,0.125976,0.114286,False
last365,martingale,B,90000,0.187178,0.167591,0.124195,0.111111,False
last365,martingale,B,92500,0.184991,0.16539,0.122475,0.108108,False
last365,martingale,B,95000,0.182869,0.163237,0.120813,0.105263,False
last365,martingale,B,97500,0.180811,0.161176,0.119207,0.102564,False
last365,martingale,B,100000,0.178825,0.159176,0.117653,0.1,False
last365,martingale,B,110000,0.171492,0.151789,0.111895,0.0909091,False
last365,martingale,B,120000,0.164905,0.14516,0.106773,0.0833333,False
last365,martingale,B,130000,0.158907,0.139138,0.102171,0.0769231,False
last365,martingale,B,140000,0.153415,0.133664,0.0980148,0.0714286,False
last365,martingale,B,150000,0.148377,0.128731,0.0942353,0.0666667,False
last365,martingale,B,160000,0.143605,0.124113,0.0907833,0.0625,False
last365,martingale,B,170000,0.139164,0.119779,0.0876189,0.0588235,False
last365,martingale,B,180000,0.135163,0.115857,0.0847022,0.0555556,False
last365,martingale,B,190000,0.131364,0.112222,0.0820028,0.0526316,False
last365,martingale,B,200000,0.127793,0.108793,0.0794975,0.05,False
last365,martingale,B,250000,0.113134,0.0949199,0.0692104,0.04,False
last365,martingale,B,300000,0.10194,0.0845092,0.0615262,0.0333333,False
last365,martingale,B,400000,0.0859793,0.0700166,0.0506409,0.025,False
last365,martingale,B,500000,0.0745996,0.0600181,0.0431927,0.02,False
last365,martingale,B,1000000,0.0459698,0.0356109,0.0253362,0.01,False
last365,martingale,C,20000,0.665888,0.653329,0.598602,0.5,False
last365,martingale,C,22500,0.65867,0.645936,0.590609,0.444444,False
last365,martingale,C,25000,0.652202,0.639318,0.583385,0.4,False
last365,martingale,C,27500,0.646132,0.63313,0.576787,0.363636,False
last365,martingale,C,30000,0.640611,0.627493,0.570726,0.333333,False
last365,martingale,C,32500,0.63567,0.622453,0.565097,0.307692,False
last365,martingale,C,35000,0.630989,0.617666,0.55984,0.285714,False
last365,martingale,C,37500,0.626716,0.613283,0.554904,0.266667,False
last365,martingale,C,40000,0.622776,0.609255,0.550243,0.25,False
last365,martingale,C,42500,0.618938,0.60533,0.545822,0.235294,False
last365,martingale,C,45000,0.615096,0.601389,0.541626,0.222222,False
last365,martingale,C,47500,0.611584,0.597775,0.537637,0.210526,False
last365,martingale,C,50000,0.607965,0.594068,0.533837,0.2,False
last365,martingale,C,52500,0.604785,0.590813,0.530207,0.190476,False
last365,martingale,C,55000,0.601663,0.587603,0.526726,0.181818,False
last365,martingale,C,57500,0.598699,0.584572,0.523385,0.173913,False
last365,martingale,C,60000,0.595924,0.581739,0.520166,0.166667,False
last365,martingale,C,62500,0.593223,0.578992,0.517064,0.16,False
last365,martingale,C,65000,0.590522,0.576267,0.514069,0.153846,False
last365,martingale,C,67500,0.587898,0.573598,0.511177,0.148148,False
last365,martingale,C,70000,0.585337,0.57098,0.508383,0.142857,False
last365,martingale,C,72500,0.582915,0.568525,0.505676,0.137931,False
last365,martingale,C,75000,0.580421,0.566001,0.503054,0.133333,False
last365,martingale,C,77500,0.578011,0.563561,0.500514,0.129032,False
last365,martingale,C,80000,0.575815,0.561337,0.498048,0.125,False
last365,martingale,C,82500,0.573604,0.559097,0.495649,0.121212,False
last365,martingale,C,85000,0.571484,0.556948,0.493317,0.117647,False
last365,martingale,C,87500,0.569447,0.554887,0.491047,0.114286,False
last365,martingale,C,90000,0.567497,0.55293,0.488835,0.111111,False
last365,martingale,C,92500,0.565547,0.550975,0.486675,0.108108,False
last365,martingale,C,95000,0.563566,0.548993,0.484569,0.105263,False
last365,martingale,C,97500,0.561657,0.547077,0.482514,0.102564,False
last365,martingale,C,100000,0.559904,0.545324,0.480506,0.1,False
last365,martingale,C,110000,0.553057,0.538439,0.472901,0.0909091,False
last365,martingale,C,120000,0.546763,0.532111,0.465896,0.0833333,False
last365,martingale,C,130000,0.540846,0.526173,0.459393,0.0769231,False
last365,martingale,C,140000,0.535303,0.520615,0.453332,0.0714286,False
last365,martingale,C,150000,0.530141,0.515473,0.447662,0.0666667,False
last365,martingale,C,160000,0.525082,0.510416,0.442329,0.0625,False
last365,martingale,C,170000,0.520324,0.505653,0.4373,0.0588235,False
last365,martingale,C,180000,0.515976,0.501307,0.43254,0.0555556,False
last365,martingale,C,190000,0.5118,0.497158,0.428018,0.0526316,False
last365,martingale,C,200000,0.507701,0.49306,0.423712,0.05,False
last365,martingale,C,250000,0.489772,0.475218,0.404846,0.04,False
last365,martingale,C,300000,0.474871,0.460341,0.389319,0.0333333,False
last365,martingale,C,400000,0.45175,0.437203,0.364475,0.025,False
last365,martingale,C,500000,0.433519,0.418861,0.344826,0.02,False
last365,martingale,C,1000000,0.373029,0.358786,0.282812,0.01,False
last365,history,A,20000,0.330217,0.282159,0.0907458,0.5,False
last365,history,A,22500,0.270079,0.204294,0.0645872,0.444444,False
last365,history,A,25000,0.212497,0.146787,0.0448313,0.4,False
last365,history,A,27500,0.154859,0.0965389,0.0310254,0.363636,False
last365,history,A,30000,0.118079,0.0682173,0.0214491,0.333333,False
last365,history,A,32500,0.0852357,0.0477115,0.0147256,0.307692,False
last365,history,A,35000,0.060171,0.0318239,0.0102429,0.285714,False
last365,history,A,37500,0.0433025,0.0198575,0.00735399,0.266667,False
last365,history,A,40000,0.0327773,0.0157884,0.00527268,0.25,False
last365,history,A,42500,0.0245038,0.0101672,0.00383993,0.235294,False
last365,history,A,45000,0.0192661,0.00849456,0.00276389,0.222222,False
last365,history,A,47500,0.0145779,0.00676882,0.00202196,0.210526,False
last365,history,A,50000,0.0112817,0.00548889,0.00146668,0.2,False
last365,history,A,52500,0.0083139,0.00351228,0.00104442,0.190476,False
last365,history,A,55000,0.0060037,0.00195925,0.000746894,0.181818,False
last365,history,A,57500,0.00432473,0.00152665,0.000544267,0.173913,True
last365,history,A,60000,0.00385946,0.00131038,0.000389943,0.166667,True
last365,history,A,62500,0.00309102,0.00131038,0.000269299,0.16,True
last365,history,A,65000,0.00211458,0.00109412,0.000177542,0.153846,True
last365,history,A,67500,0.00113912,0.000882971,0.000122586,0.148148,True
last365,history,A,70000,0.00066966,0.00066966,9.14451e-05,0.142857,True
last365,history,A,72500,0.00066966,0.00066966,7.07946e-05,0.137931,True
last365,history,A,75000,0.00022242,0.00022242,5.37104e-05,0.133333,True
last365,history,A,77500,0.00022242,0.00022242,4.80867e-05,0.129032,True
last365,history,A,80000,0.00022242,0.00022242,4.24631e-05,0.125,True
last365,history,A,82500,0.00022242,0.00022242,3.68394e-05,0.121212,True
last365,history,A,85000,0.00022242,0.00022242,3.12158e-05,0.117647,True
last365,history,A,87500,0.00022242,0.00022242,2.55921e-05,0.114286,True
last365,history,A,90000,0.00022242,0.00022242,1.99685e-05,0.111111,True
last365,history,A,92500,0.00022242,0.00022242,1.43448e-05,0.108108,True
last365,history,A,95000,0.00022242,0.00022242,8.72117e-06,0.105263,True
last365,history,A,97500,0.00022242,0.00022242,3.09752e-06,0.102564,True
last365,history,A,100000,0,0,0,0.1,True
last365,history,A,110000,0,0,0,0.0909091,True
last365,history,A,120000,0,0,0,0.0833333,True
last365,history,A,130000,0,0,0,0.0769231,True
last365,history,A,140000,0,0,0,0.0714286,True
last365,history,A,150000,0,0,0,0.0666667,True
last365,history,A,160000,0,0,0,0.0625,True
last365,history,A,170000,0,0,0,0.0588235,True
last365,history,A,180000,0,0,0,0.0555556,True
last365,history,A,190000,0,0,0,0.0526316,True
last365,history,A,200000,0,0,0,0.05,True
last365,history,A,250000,0,0,0,0.04,True
last365,history,A,300000,0,0,0,0.0333333,True
last365,history,A,400000,0,0,0,0.025,True
last365,history,A,500000,0,0,0,0.02,True
last365,history,A,1000000,0,0,0,0.01,True
last365,history,B,20000,nan,nan,nan,0.5,False
last365,history,B,22500,nan,nan,nan,0.444444,False
last365,history,B,25000,nan,nan,nan,0.4,False
last365,history,B,27500,nan,nan,nan,0.363636,False
last365,history,B,30000,nan,nan,nan,0.333333,False
last365,history,B,32500,nan,nan,nan,0.307692,False
last365,history,B,35000,nan,nan,nan,0.285714,False
last365,history,B,37500,nan,nan,nan,0.266667,False
last365,history,B,40000,nan,nan,nan,0.25,False
last365,history,B,42500,nan,nan,nan,0.235294,False
last365,history,B,45000,nan,nan,nan,0.222222,False
last365,history,B,47500,nan,nan,nan,0.210526,False
last365,history,B,50000,nan,nan,nan,0.2,False
last365,history,B,52500,nan,nan,nan,0.190476,False
last365,history,B,55000,nan,nan,nan,0.181818,False
last365,history,B,57500,nan,nan,nan,0.173913,False
last365,history,B,60000,nan,nan,nan,0.166667,False
last365,history,B,62500,nan,nan,nan,0.16,False
last365,history,B,65000,nan,nan,nan,0.153846,False
last365,history,B,67500,nan,nan,nan,0.148148,False
last365,history,B,70000,nan,nan,nan,0.142857,False
last365,history,B,72500,nan,nan,nan,0.137931,False
last365,history,B,75000,nan,nan,nan,0.133333,False
last365,history,B,77500,nan,nan,nan,0.129032,False
last365,history,B,80000,nan,nan,nan,0.125,False
last365,history,B,82500,nan,nan,nan,0.121212,False
last365,history,B,85000,nan,nan,nan,0.117647,False
last365,history,B,87500,nan,nan,nan,0.114286,False
last365,history,B,90000,nan,nan,nan,0.111111,False
last365,history,B,92500,nan,nan,nan,0.108108,False
last365,history,B,95000,nan,nan,nan,0.105263,False
last365,history,B,97500,nan,nan,nan,0.102564,False
last365,history,B,100000,nan,nan,nan,0.1,False
last365,history,B,110000,nan,nan,nan,0.0909091,False
last365,history,B,120000,nan,nan,nan,0.0833333,False
last365,history,B,130000,nan,nan,nan,0.0769231,False
last365,history,B,140000,nan,nan,nan,0.0714286,False
last365,history,B,150000,nan,nan,nan,0.0666667,False
last365,history,B,160000,nan,nan,nan,0.0625,False
last365,history,B,170000,nan,nan,nan,0.0588235,False
last365,history,B,180000,nan,nan,nan,0.0555556,False
last365,history,B,190000,nan,nan,nan,0.0526316,False
last365,history,B,200000,nan,nan,nan,0.05,False
last365,history,B,250000,nan,nan,nan,0.04,False
last365,history,B,300000,nan,nan,nan,0.0333333,False
last365,history,B,400000,nan,nan,nan,0.025,False
last365,history,B,500000,nan,nan,nan,0.02,False
last365,history,B,1000000,nan,nan,nan,0.01,False
last365,history,C,20000,nan,nan,nan,0.5,False
last365,history,C,22500,nan,nan,nan,0.444444,False
last365,history,C,25000,nan,nan,nan,0.4,False
last365,history,C,27500,nan,nan,nan,0.363636,False
last365,history,C,30000,nan,nan,nan,0.333333,False
last365,history,C,32500,nan,nan,nan,0.307692,False
last365,history,C,35000,nan,nan,nan,0.285714,False
last365,history,C,37500,nan,nan,nan,0.266667,False
last365,history,C,40000,nan,nan,nan,0.25,False
last365,history,C,42500,nan,nan,nan,0.235294,False
last365,history,C,45000,nan,nan,nan,0.222222,False
last365,history,C,47500,nan,nan,nan,0.210526,False
last365,history,C,50000,nan,nan,nan,0.2,False
last365,history,C,52500,nan,nan,nan,0.190476,False
last365,history,C,55000,nan,nan,nan,0.181818,False
last365,history,C,57500,nan,nan,nan,0.173913,False
last365,history,C,60000,nan,nan,nan,0.166667,False
last365,history,C,62500,nan,nan,nan,0.16,False
last365,history,C,65000,nan,nan,nan,0.153846,False
last365,history,C,67500,nan,nan,nan,0.148148,False
last365,history,C,70000,nan,nan,nan,0.142857,False
last365,history,C,72500,nan,nan,nan,0.137931,False
last365,history,C,75000,nan,nan,nan,0.133333,False
last365,history,C,77500,nan,nan,nan,0.129032,False
last365,history,C,80000,nan,nan,nan,0.125,False
last365,history,C,82500,nan,nan,nan,0.121212,False
last365,history,C,85000,nan,nan,nan,0.117647,False
last365,history,C,87500,nan,nan,nan,0.114286,False
last365,history,C,90000,nan,nan,nan,0.111111,False
last365,history,C,92500,nan,nan,nan,0.108108,False
last365,history,C,95000,nan,nan,nan,0.105263,False
last365,history,C,97500,nan,nan,nan,0.102564,False
last365,history,C,100000,nan,nan,nan,0.1,False
last365,history,C,110000,nan,nan,nan,0.0909091,False
last365,history,C,120000,nan,nan,nan,0.0833333,False
last365,history,C,130000,nan,nan,nan,0.0769231,False
last365,history,C,140000,nan,nan,nan,0.0714286,False
last365,history,C,150000,nan,nan,nan,0.0666667,False
last365,history,C,160000,nan,nan,nan,0.0625,False
last365,history,C,170000,nan,nan,nan,0.0588235,False
last365,history,C,180000,nan,nan,nan,0.0555556,False
last365,history,C,190000,nan,nan,nan,0.0526316,False
last365,history,C,200000,nan,nan,nan,0.05,False
last365,history,C,250000,nan,nan,nan,0.04,False
last365,history,C,300000,nan,nan,nan,0.0333333,False
last365,history,C,400000,nan,nan,nan,0.025,False
last365,history,C,500000,nan,nan,nan,0.02,False
last365,history,C,1000000,nan,nan,nan,0.01,False
2021-22,bootstrap-30d,A,20000,0.140176,0.0946753,0.0394272,0.5,False
2021-22,bootstrap-30d,A,22500,0.107615,0.066013,0.0288902,0.444444,False
2021-22,bootstrap-30d,A,25000,0.0834521,0.0468349,0.0215044,0.4,False
2021-22,bootstrap-30d,A,27500,0.0653205,0.0337482,0.0162303,0.363636,False
2021-22,bootstrap-30d,A,30000,0.0515611,0.0246605,0.0124034,0.333333,False
2021-22,bootstrap-30d,A,32500,0.0409449,0.0182144,0.00958992,0.307692,False
2021-22,bootstrap-30d,A,35000,0.0327515,0.0136204,0.00749923,0.285714,False
2021-22,bootstrap-30d,A,37500,0.0264287,0.0103319,0.00592557,0.266667,False
2021-22,bootstrap-30d,A,40000,0.0214639,0.0079168,0.0047274,0.25,False
2021-22,bootstrap-30d,A,42500,0.0175185,0.00612236,0.00380672,0.235294,False
2021-22,bootstrap-30d,A,45000,0.0143816,0.00476929,0.00309354,0.222222,False
2021-22,bootstrap-30d,A,47500,0.0118611,0.00374625,0.00253777,0.210526,False
2021-22,bootstrap-30d,A,50000,0.00987476,0.00297313,0.00210028,0.2,False
2021-22,bootstrap-30d,A,52500,0.00825867,0.00239125,0.00175279,0.190476,False
2021-22,bootstrap-30d,A,55000,0.00696208,0.00193436,0.00147457,0.181818,False
2021-22,bootstrap-30d,A,57500,0.00591386,0.00158033,0.00124948,0.173913,False
2021-22,bootstrap-30d,A,60000,0.00506139,0.00131085,0.00106552,0.166667,False
2021-22,bootstrap-30d,A,62500,0.00436594,0.00109396,0.000913813,0.16,True
2021-22,bootstrap-30d,A,65000,0.00380715,0.000926504,0.000787096,0.153846,True
2021-22,bootstrap-30d,A,67500,0.00333017,0.000787412,0.00068026,0.148148,True
2021-22,bootstrap-30d,A,70000,0.00292149,0.000667018,0.00058976,0.142857,True
2021-22,bootstrap-30d,A,72500,0.00258331,0.000568322,0.000512532,0.137931,True
2021-22,bootstrap-30d,A,75000,0.00228365,0.000482144,0.00044631,0.133333,True
2021-22,bootstrap-30d,A,77500,0.00202229,0.000411239,0.000389435,0.129032,True
2021-22,bootstrap-30d,A,80000,0.00180022,0.000354265,0.000340355,0.125,True
2021-22,bootstrap-30d,A,82500,0.00159657,0.000303841,0.000297937,0.121212,True
2021-22,bootstrap-30d,A,85000,0.00141704,0.000261662,0.000261268,0.117647,True
2021-22,bootstrap-30d,A,87500,0.00126257,0.000226329,0.000229536,0.114286,True
2021-22,bootstrap-30d,A,90000,0.00112769,0.000197687,0.000201942,0.111111,True
2021-22,bootstrap-30d,A,92500,0.00100421,0.000171217,0.000177941,0.108108,True
2021-22,bootstrap-30d,A,95000,0.0008932,0.000149019,0.000157118,0.105263,True
2021-22,bootstrap-30d,A,97500,0.000796095,0.000129102,0.000139098,0.102564,True
2021-22,bootstrap-30d,A,100000,0.00071459,0.000114263,0.000123322,0.1,True
2021-22,bootstrap-30d,A,110000,0.000460007,6.4883e-05,7.76246e-05,0.0909091,True
2021-22,bootstrap-30d,A,120000,0.000306109,3.87887e-05,5.01081e-05,0.0833333,True
2021-22,bootstrap-30d,A,130000,0.000205801,2.31401e-05,3.31099e-05,0.0769231,True
2021-22,bootstrap-30d,A,140000,0.000142382,1.38722e-05,2.23007e-05,0.0714286,True
2021-22,bootstrap-30d,A,150000,9.81183e-05,8.08663e-06,1.53188e-05,0.0666667,True
2021-22,bootstrap-30d,A,160000,6.92711e-05,4.79361e-06,1.07993e-05,0.0625,True
2021-22,bootstrap-30d,A,170000,5.15207e-05,2.39691e-06,7.69447e-06,0.0588235,True
2021-22,bootstrap-30d,A,180000,3.73943e-05,9.99158e-07,5.55453e-06,0.0555556,True
2021-22,bootstrap-30d,A,190000,2.90152e-05,4.99843e-07,4.029e-06,0.0526316,True
2021-22,bootstrap-30d,A,200000,2.30518e-05,2.99748e-07,2.85509e-06,0.05,True
2021-22,bootstrap-30d,A,250000,4.75754e-06,0,4.73799e-07,0.04,True
2021-22,bootstrap-30d,A,300000,9.11398e-07,0,1.17811e-07,0.0333333,True
2021-22,bootstrap-30d,A,400000,3.03911e-07,0,3.29811e-08,0.025,True
2021-22,bootstrap-30d,A,500000,0,0,0,0.02,True
2021-22,bootstrap-30d,A,1000000,0,0,0,0.01,True
2021-22,bootstrap-30d,B,20000,0.249222,0.234578,0.107674,0.5,False
2021-22,bootstrap-30d,B,22500,0.218153,0.202951,0.0919062,0.444444,False
2021-22,bootstrap-30d,B,25000,0.192407,0.177005,0.0793003,0.4,False
2021-22,bootstrap-30d,B,27500,0.1708,0.155564,0.0690657,0.363636,False
2021-22,bootstrap-30d,B,30000,0.152608,0.137622,0.0606411,0.333333,False
2021-22,bootstrap-30d,B,32500,0.137048,0.122393,0.0536251,0.307692,False
2021-22,bootstrap-30d,B,35000,0.123467,0.109362,0.0477313,0.285714,False
2021-22,bootstrap-30d,B,37500,0.111827,0.0982039,0.0427367,0.266667,False
2021-22,bootstrap-30d,B,40000,0.101673,0.0886061,0.03847,0.25,False
2021-22,bootstrap-30d,B,42500,0.0927467,0.0803246,0.0347993,0.235294,False
2021-22,bootstrap-30d,B,45000,0.0849523,0.073098,0.0316193,0.222222,False
2021-22,bootstrap-30d,B,47500,0.0780654,0.0667119,0.0288479,0.210526,False
2021-22,bootstrap-30d,B,50000,0.0719439,0.061088,0.0264188,0.2,False
2021-22,bootstrap-30d,B,52500,0.0665497,0.0561772,0.0242779,0.190476,False
2021-22,bootstrap-30d,B,55000,0.0617335,0.0518017,0.0223804,0.181818,False
2021-22,bootstrap-30d,B,57500,0.0574543,0.0479225,0.0206885,0.173913,False
2021-22,bootstrap-30d,B,60000,0.0536055,0.0444514,0.0191738,0.166667,False
2021-22,bootstrap-30d,B,62500,0.0500917,0.0413616,0.0178124,0.16,False
2021-22,bootstrap-30d,B,65000,0.0469116,0.0385557,0.0165853,0.153846,False
2021-22,bootstrap-30d,B,67500,0.044013,0.0360412,0.0154746,0.148148,False
2021-22,bootstrap-30d,B,70000,0.0413839,0.0337586,0.0144668,0.142857,False
2021-22,bootstrap-30d,B,72500,0.038956,0.0316745,0.0135487,0.137931,False
2021-22,bootstrap-30d,B,75000,0.036721,0.0297469,0.0127111,0.133333,False
2021-22,bootstrap-30d,B,77500,0.034672,0.0279952,0.0119448,0.129032,False
2021-22,bootstrap-30d,B,80000,0.0327541,0.026367,0.0112428,0.125,False
2021-22,bootstrap-30d,B,82500,0.030995,0.0248643,0.0105981,0.121212,False
2021-22,bootstrap-30d,B,85000,0.0293751,0.0234961,0.0100044,0.117647,False
2021-22,bootstrap-30d,B,87500,0.0278627,0.0222301,0.00945684,0.114286,False
2021-22,bootstrap-30d,B,90000,0.0264565,0.0210399,0.00895103,0.111111,False
2021-22,bootstrap-30d,B,92500,0.0251765,0.0199407,0.00848247,0.108108,False
2021-22,bootstrap-30d,B,95000,0.0239652,0.0189249,0.00804766,0.105263,False
2021-22,bootstrap-30d,B,97500,0.0228317,0.0179892,0.00764372,0.102564,False
2021-22,bootstrap-30d,B,100000,0.0217793,0.017107,0.00726762,0.1,False
2021-22,bootstrap-30d,B,110000,0.0182067,0.0141703,0.0059966,0.0909091,False
2021-22,bootstrap-30d,B,120000,0.015424,0.011886,0.00501435,0.0833333,False
2021-22,bootstrap-30d,B,130000,0.0131856,0.0100522,0.00424102,0.0769231,False
2021-22,bootstrap-30d,B,140000,0.0113748,0.00857735,0.00362318,0.0714286,False
2021-22,bootstrap-30d,B,150000,0.00990017,0.00740487,0.00312215,0.0666667,True
2021-22,bootstrap-30d,B,160000,0.00867151,0.00643249,0.00271164,0.0625,True
2021-22,bootstrap-30d,B,170000,0.00766358,0.00561892,0.00237085,0.0588235,True
2021-22,bootstrap-30d,B,180000,0.0068094,0.00494064,0.00208493,0.0555556,True
2021-22,bootstrap-30d,B,190000,0.00607337,0.00437561,0.00184309,0.0526316,True
2021-22,bootstrap-30d,B,200000,0.00543053,0.00388485,0.00163738,0.05,True
2021-22,bootstrap-30d,B,250000,0.00323628,0.00225507,0.00097159,0.04,True
2021-22,bootstrap-30d,B,300000,0.00212242,0.00143308,0.000635193,0.0333333,True
2021-22,bootstrap-30d,B,400000,0.00112523,0.000720971,0.00031687,0.025,True
2021-22,bootstrap-30d,B,500000,0.000664747,0.000403584,0.000174691,0.02,True
2021-22,bootstrap-30d,B,1000000,7.89591e-05,4.28291e-05,1.25793e-05,0.01,True
2021-22,bootstrap-30d,C,20000,0.379656,0.376868,0.246474,0.5,False
2021-22,bootstrap-30d,C,22500,0.359276,0.356286,0.231076,0.444444,False
2021-22,bootstrap-30d,C,25000,0.341333,0.338273,0.217813,0.4,False
2021-22,bootstrap-30d,C,27500,0.325437,0.322251,0.206246,0.363636,False
2021-22,bootstrap-30d,C,30000,0.31128,0.307969,0.196047,0.333333,False
2021-22,bootstrap-30d,C,32500,0.298481,0.295095,0.18697,0.307692,False
2021-22,bootstrap-30d,C,35000,0.286837,0.283409,0.178838,0.285714,False
2021-22,bootstrap-30d,C,37500,0.276269,0.272791,0.171498,0.266667,False
2021-22,bootstrap-30d,C,40000,0.266628,0.263146,0.164834,0.25,False
2021-22,bootstrap-30d,C,42500,0.257764,0.25432,0.158747,0.235294,False
2021-22,bootstrap-30d,C,45000,0.249567,0.246133,0.153164,0.222222,False
2021-22,bootstrap-30d,C,47500,0.242017,0.238367,0.148017,0.210526,False
2021-22,bootstrap-30d,C,50000,0.235066,0.231297,0.143252,0.2,False
2021-22,bootstrap-30d,C,52500,0.228505,0.224705,0.138825,0.190476,False
2021-22,bootstrap-30d,C,55000,0.222487,0.218565,0.134697,0.181818,False
2021-22,bootstrap-30d,C,57500,0.216748,0.212807,0.130837,0.173913,False
2021-22,bootstrap-30d,C,60000,0.211346,0.207361,0.127219,0.166667,False
2021-22,bootstrap-30d,C,62500,0.206214,0.202242,0.12382,0.16,False
2021-22,bootstrap-30d,C,65000,0.201474,0.197373,0.120618,0.153846,False
2021-22,bootstrap-30d,C,67500,0.196925,0.192754,0.117595,0.148148,False
2021-22,bootstrap-30d,C,70000,0.192635,0.188463,0.114736,0.142857,False
2021-22,bootstrap-30d,C,72500,0.188486,0.184313,0.112027,0.137931,False
2021-22,bootstrap-30d,C,75000,0.184586,0.180391,0.109458,0.133333,False
2021-22,bootstrap-30d,C,77500,0.180908,0.176674,0.107015,0.129032,False
2021-22,bootstrap-30d,C,80000,0.177288,0.17313,0.104689,0.125,False
2021-22,bootstrap-30d,C,82500,0.173865,0.16975,0.102473,0.121212,False
2021-22,bootstrap-30d,C,85000,0.170629,0.166502,0.100359,0.117647,False
2021-22,bootstrap-30d,C,87500,0.167464,0.163375,0.0983387,0.114286,False
2021-22,bootstrap-30d,C,90000,0.164411,0.160404,0.0964073,0.111111,False
2021-22,bootstrap-30d,C,92500,0.161528,0.157555,0.0945582,0.108108,False
2021-22,bootstrap-30d,C,95000,0.158769,0.154791,0.0927855,0.105263,False
2021-22,bootstrap-30d,C,97500,0.156101,0.152153,0.0910843,0.102564,False
2021-22,bootstrap-30d,C,100000,0.153518,0.149616,0.0894504,0.1,False
2021-22,bootstrap-30d,C,110000,0.144042,0.140423,0.0835136,0.0909091,False
2021-22,bootstrap-30d,C,120000,0.135854,0.132234,0.07838,0.0833333,False
2021-22,bootstrap-30d,C,130000,0.128732,0.125221,0.0738843,0.0769231,False
2021-22,bootstrap-30d,C,140000,0.122332,0.118952,0.0699094,0.0714286,False
2021-22,bootstrap-30d,C,150000,0.116663,0.113312,0.0663664,0.0666667,False
2021-22,bootstrap-30d,C,160000,0.111564,0.108226,0.0631835,0.0625,False
2021-22,bootstrap-30d,C,170000,0.10691,0.103611,0.0603058,0.0588235,False
2021-22,bootstrap-30d,C,180000,0.102731,0.0994411,0.0576868,0.0555556,False
2021-22,bootstrap-30d,C,190000,0.0988451,0.095649,0.0552913,0.0526316,False
2021-22,bootstrap-30d,C,200000,0.095214,0.0921565,0.0530924,0.05,False
2021-22,bootstrap-30d,C,250000,0.0809059,0.0782454,0.0443304,0.04,False
2021-22,bootstrap-30d,C,300000,0.0705357,0.0681307,0.0380333,0.0333333,False
2021-22,bootstrap-30d,C,400000,0.0562611,0.0541308,0.0295239,0.025,False
2021-22,bootstrap-30d,C,500000,0.0467744,0.0449794,0.0240095,0.02,False
2021-22,bootstrap-30d,C,1000000,0.0250386,0.0239339,0.011713,0.01,False
2021-22,bootstrap-365d,A,20000,0.13831,0.0933143,0.038141,0.5,False
2021-22,bootstrap-365d,A,22500,0.109303,0.0665823,0.0274191,0.444444,False
2021-22,bootstrap-365d,A,25000,0.0856561,0.0484202,0.0196386,0.4,False
2021-22,bootstrap-365d,A,27500,0.0664649,0.0353064,0.0139975,0.363636,False
2021-22,bootstrap-365d,A,30000,0.0507785,0.025665,0.00994576,0.333333,False
2021-22,bootstrap-365d,A,32500,0.0384778,0.0191508,0.00706229,0.307692,False
2021-22,bootstrap-365d,A,35000,0.0289953,0.01449,0.00501795,0.285714,False
2021-22,bootstrap-365d,A,37500,0.0217639,0.010915,0.00356963,0.266667,False
2021-22,bootstrap-365d,A,40000,0.0163562,0.00803076,0.00254136,0.25,False
2021-22,bootstrap-365d,A,42500,0.0121679,0.00573268,0.00181231,0.235294,False
2021-22,bootstrap-365d,A,45000,0.00895592,0.00396224,0.00129922,0.222222,False
2021-22,bootstrap-365d,A,47500,0.00653083,0.00264363,0.000943328,0.210526,False
2021-22,bootstrap-365d,A,50000,0.00474021,0.00170139,0.000698211,0.2,True
2021-22,bootstrap-365d,A,52500,0.00348286,0.00106352,0.000528912,0.190476,True
2021-22,bootstrap-365d,A,55000,0.00262201,0.000665615,0.00040966,0.181818,True
2021-22,bootstrap-365d,A,57500,0.00203483,0.000439147,0.000323032,0.173913,True
2021-22,bootstrap-365d,A,60000,0.00161357,0.000300927,0.000258011,0.166667,True
2021-22,bootstrap-365d,A,62500,0.00132223,0.000221879,0.000207798,0.16,True
2021-22,bootstrap-365d,A,65000,0.00109155,0.000173792,0.00016795,0.153846,True
2021-22,bootstrap-365d,A,67500,0.000902138,0.000139452,0.000136238,0.148148,True
2021-22,bootstrap-365d,A,70000,0.000748963,0.000114369,0.000110815,0.142857,True
2021-22,bootstrap-365d,A,72500,0.000624652,9.43761e-05,9.02753e-05,0.137931,True
2021-22,bootstrap-365d,A,75000,0.000513545,7.34836e-05,7.37427e-05,0.133333,True
2021-22,bootstrap-365d,A,77500,0.000424207,5.80496e-05,6.06247e-05,0.129032,True
2021-22,bootstrap-365d,A,80000,0.000353679,4.72031e-05,5.00766e-05,0.125,True
2021-22,bootstrap-365d,A,82500,0.000295511,3.89389e-05,4.15126e-05,0.121212,True
2021-22,bootstrap-365d,A,85000,0.000247634,3.23692e-05,3.45687e-05,0.117647,True
2021-22,bootstrap-365d,A,87500,0.000212236,2.76941e-05,2.88232e-05,0.114286,True
2021-22,bootstrap-365d,A,90000,0.00017988,2.2813e-05,2.40573e-05,0.111111,True
2021-22,bootstrap-365d,A,92500,0.00015477,1.94295e-05,2.00871e-05,0.108108,True
2021-22,bootstrap-365d,A,95000,0.000132503,1.54482e-05,1.67451e-05,0.105263,True
2021-22,bootstrap-365d,A,97500,0.000113656,1.20639e-05,1.39462e-05,0.102564,True
2021-22,bootstrap-365d,A,100000,9.54129e-05,9.67161e-06,1.16345e-05,0.1,True
2021-22,bootstrap-365d,A,110000,5.13457e-05,5.18968e-06,5.59914e-06,0.0909091,True
2021-22,bootstrap-365d,A,120000,2.67488e-05,1.89556e-06,2.6369e-06,0.0833333,True
2021-22,bootstrap-365d,A,130000,1.35291e-05,6.98806e-07,1.23273e-06,0.0769231,True
2021-22,bootstrap-365d,A,140000,6.76586e-06,2.99577e-07,5.84393e-07,0.0714286,True
2021-22,bootstrap-365d,A,150000,3.63589e-06,1.99591e-07,2.53512e-07,0.0666667,True
2021-22,bootstrap-365d,A,160000,1.81791e-06,0,9.25737e-08,0.0625,True
2021-22,bootstrap-365d,A,170000,6.06852e-07,0,1.63184e-08,0.0588235,True
2021-22,bootstrap-365d,A,180000,0,0,0,0.0555556,True
2021-22,bootstrap-365d,A,190000,0,0,0,0.0526316,True
2021-22,bootstrap-365d,A,200000,0,0,0,0.05,True
2021-22,bootstrap-365d,A,250000,0,0,0,0.04,True
2021-22,bootstrap-365d,A,300000,0,0,0,0.0333333,True
2021-22,bootstrap-365d,A,400000,0,0,0,0.025,True
2021-22,bootstrap-365d,A,500000,0,0,0,0.02,True
2021-22,bootstrap-365d,A,1000000,0,0,0,0.01,True
2021-22,bootstrap-365d,B,20000,0.241834,0.227954,0.0987124,0.5,False
2021-22,bootstrap-365d,B,22500,0.210686,0.197073,0.08275,0.444444,False
2021-22,bootstrap-365d,B,25000,0.184405,0.170681,0.0699776,0.4,False
2021-22,bootstrap-365d,B,27500,0.161721,0.147956,0.0596621,0.363636,False
2021-22,bootstrap-365d,B,30000,0.142156,0.128273,0.0512712,0.333333,False
2021-22,bootstrap-365d,B,32500,0.125676,0.111889,0.0443834,0.307692,False
2021-22,bootstrap-365d,B,35000,0.111531,0.0981676,0.0386758,0.285714,False
2021-22,bootstrap-365d,B,37500,0.0994688,0.0867392,0.0339041,0.266667,False
2021-22,bootstrap-365d,B,40000,0.0891809,0.0770836,0.0298775,0.25,False
2021-22,bootstrap-365d,B,42500,0.0803044,0.0689005,0.02645,0.235294,False
2021-22,bootstrap-365d,B,45000,0.0724905,0.0618049,0.0235125,0.222222,False
2021-22,bootstrap-365d,B,47500,0.0656216,0.0556214,0.0209823,0.210526,False
2021-22,bootstrap-365d,B,50000,0.059481,0.0501211,0.0187947,0.2,False
2021-22,bootstrap-365d,B,52500,0.0540542,0.0453028,0.0168962,0.190476,False
2021-22,bootstrap-365d,B,55000,0.049122,0.0410626,0.0152449,0.181818,False
2021-22,bootstrap-365d,B,57500,0.0448077,0.0373201,0.0138037,0.173913,False
2021-22,bootstrap-365d,B,60000,0.0409439,0.03395,0.0125397,0.166667,False
2021-22,bootstrap-365d,B,62500,0.0375628,0.030987,0.0114273,0.16,False
2021-22,bootstrap-365d,B,65000,0.0345701,0.0283348,0.0104424,0.153846,False
2021-22,bootstrap-365d,B,67500,0.0318845,0.0259865,0.00956617,0.148148,False
2021-22,bootstrap-365d,B,70000,0.029483,0.0239055,0.00878448,0.142857,False
2021-22,bootstrap-365d,B,72500,0.027296,0.0220503,0.00808437,0.137931,False
2021-22,bootstrap-365d,B,75000,0.0253435,0.0203602,0.0074557,0.133333,False
2021-22,bootstrap-365d,B,77500,0.0235533,0.0188185,0.00688963,0.129032,False
2021-22,bootstrap-365d,B,80000,0.0219236,0.0174355,0.00637864,0.125,False
2021-22,bootstrap-365d,B,82500,0.0204508,0.0161663,0.00591583,0.121212,False
2021-22,bootstrap-365d,B,85000,0.0191101,0.0150136,0.00549567,0.117647,False
2021-22,bootstrap-365d,B,87500,0.0178767,0.0139922,0.00511346,0.114286,False
2021-22,bootstrap-365d,B,90000,0.0167659,0.0130378,0.00476471,0.111111,False
2021-22,bootstrap-365d,B,92500,0.0157267,0.0121742,0.00444578,0.108108,False
2021-22,bootstrap-365d,B,95000,0.0147905,0.0113874,0.0041535,0.105263,False
2021-22,bootstrap-365d,B,97500,0.0139166,0.0106671,0.00388515,0.102564,False
2021-22,bootstrap-365d,B,100000,0.0130906,0.00999984,0.00363855,0.1,False
2021-22,bootstrap-365d,B,110000,0.0104023,0.00779815,0.00283026,0.0909091,False
2021-22,bootstrap-365d,B,120000,0.00838087,0.00614845,0.00223466,0.0833333,True
2021-22,bootstrap-365d,B,130000,0.00682029,0.00492989,0.00178845,0.0769231,True
2021-22,bootstrap-365d,B,140000,0.00563903,0.00398949,0.00144729,0.0714286,True
2021-22,bootstrap-365d,B,150000,0.00470618,0.00326328,0.00118175,0.0666667,True
2021-22,bootstrap-365d,B,160000,0.00393268,0.00269901,0.000972987,0.0625,True
2021-22,bootstrap-365d,B,170000,0.00329521,0.00223395,0.000808318,0.0588235,True
2021-22,bootstrap-365d,B,180000,0.00279134,0.00185728,0.000677061,0.0555556,True
2021-22,bootstrap-365d,B,190000,0.0023721,0.00156123,0.000571276,0.0526316,True
2021-22,bootstrap-365d,B,200000,0.00203661,0.00131804,0.000485371,0.05,True
2021-22,bootstrap-365d,B,250000,0.00101864,0.000603704,0.000232811,0.04,True
2021-22,bootstrap-365d,B,300000,0.000553802,0.000300315,0.000124821,0.0333333,True
2021-22,bootstrap-365d,B,400000,0.000207044,9.52923e-05,4.57774e-05,0.025,True
2021-22,bootstrap-365d,B,500000,9.41555e-05,4.11755e-05,2.08477e-05,0.02,True
2021-22,bootstrap-365d,B,1000000,7.34251e-06,4.55129e-06,9.66947e-07,0.01,True
2021-22,bootstrap-365d,C,20000,0.330427,0.328997,0.201841,0.5,False
2021-22,bootstrap-365d,C,22500,0.309157,0.307072,0.187078,0.444444,False
2021-22,bootstrap-365d,C,25000,0.290701,0.288222,0.174525,0.4,False
2021-22,bootstrap-365d,C,27500,0.274606,0.271886,0.163705,0.363636,False
2021-22,bootstrap-365d,C,30000,0.260403,0.257599,0.154265,0.333333,False
2021-22,bootstrap-365d,C,32500,0.247969,0.245028,0.145932,0.307692,False
2021-22,bootstrap-365d,C,35000,0.23665,0.233743,0.138513,0.285714,False
2021-22,bootstrap-365d,C,37500,0.226468,0.223626,0.131866,0.266667,False
2021-22,bootstrap-365d,C,40000,0.217329,0.214391,0.125863,0.25,False
2021-22,bootstrap-365d,C,42500,0.208899,0.205949,0.120408,0.235294,False
2021-22,bootstrap-365d,C,45000,0.201134,0.19819,0.115429,0.222222,False
2021-22,bootstrap-365d,C,47500,0.193979,0.19097,0.110865,0.210526,False
2021-22,bootstrap-365d,C,50000,0.187295,0.184252,0.106665,0.2,False
2021-22,bootstrap-365d,C,52500,0.181203,0.178035,0.102785,0.190476,False
2021-22,bootstrap-365d,C,55000,0.175528,0.172305,0.0991853,0.181818,False
2021-22,bootstrap-365d,C,57500,0.170168,0.166855,0.095837,0.173913,False
2021-22,bootstrap-365d,C,60000,0.165173,0.161865,0.0927133,0.166667,False
2021-22,bootstrap-365d,C,62500,0.160413,0.157148,0.0897926,0.16,False
2021-22,bootstrap-365d,C,65000,0.155925,0.152719,0.0870576,0.153846,False
2021-22,bootstrap-365d,C,67500,0.151679,0.148572,0.0844897,0.148148,False
2021-22,bootstrap-365d,C,70000,0.14767,0.144668,0.0820752,0.142857,False
2021-22,bootstrap-365d,C,72500,0.143903,0.14098,0.0797991,0.137931,False
2021-22,bootstrap-365d,C,75000,0.140287,0.137454,0.0776511,0.133333,False
2021-22,bootstrap-365d,C,77500,0.136878,0.134153,0.07562,0.129032,False
2021-22,bootstrap-365d,C,80000,0.133633,0.130954,0.073696,0.125,False
2021-22,bootstrap-365d,C,82500,0.13059,0.127911,0.0718706,0.121212,False
2021-22,bootstrap-365d,C,85000,0.127642,0.125028,0.0701352,0.117647,False
2021-22,bootstrap-365d,C,87500,0.124869,0.122274,0.0684845,0.114286,False
2021-22,bootstrap-365d,C,90000,0.122187,0.119602,0.0669119,0.111111,False
2021-22,bootstrap-365d,C,92500,0.11965,0.11704,0.0654117,0.108108,False
2021-22,bootstrap-365d,C,95000,0.11723,0.114621,0.0639782,0.105263,False
2021-22,bootstrap-365d,C,97500,0.114849,0.112309,0.0626082,0.102564,False
2021-22,bootstrap-365d,C,100000,0.1126,0.110074,0.0612972,0.1,False
2021-22,bootstrap-365d,C,110000,0.104462,0.101972,0.0565696,0.0909091,False
2021-22,bootstrap-365d,C,120000,0.097308,0.0949184,0.0525406,0.0833333,False
2021-22,bootstrap-365d,C,130000,0.0910733,0.0887587,0.0490692,0.0769231,False
2021-22,bootstrap-365d,C,140000,0.0855972,0.0833619,0.0460485,0.0714286,False
2021-22,bootstrap-365d,C,150000,0.0808141,0.0785447,0.043394,0.0666667,False
2021-22,bootstrap-365d,C,160000,0.0765684,0.0743156,0.0410401,0.0625,False
2021-22,bootstrap-365d,C,170000,0.0727951,0.070514,0.0389371,0.0588235,False
2021-22,bootstrap-365d,C,180000,0.0693944,0.0671363,0.0370455,0.0555556,False
2021-22,bootstrap-365d,C,190000,0.0663114,0.0640873,0.0353333,0.0526316,False
2021-22,bootstrap-365d,C,200000,0.0634967,0.0613707,0.0337765,0.05,False
2021-22,bootstrap-365d,C,250000,0.0526252,0.0507127,0.0276912,0.04,False
2021-22,bootstrap-365d,C,300000,0.0448921,0.0431622,0.0234683,0.0333333,False
2021-22,bootstrap-365d,C,400000,0.0348824,0.0335095,0.0179885,0.025,False
2021-22,bootstrap-365d,C,500000,0.0287999,0.0276162,0.0145205,0.02,False
2021-22,bootstrap-365d,C,1000000,0.0149816,0.0143653,0.00686485,0.01,True
2021-22,regime,A,20000,0.250889,0.210349,0.121417,0.5,False
2021-22,regime,A,22500,0.225049,0.182097,0.106833,0.444444,False
2021-22,regime,A,25000,0.203315,0.159156,0.0948939,0.4,False
2021-22,regime,A,27500,0.184737,0.140138,0.0849709,0.363636,False
2021-22,regime,A,30000,0.168735,0.124285,0.0766221,0.333333,False
2021-22,regime,A,32500,0.154853,0.110928,0.0695214,0.307692,False
2021-22,regime,A,35000,0.142781,0.0996526,0.0634199,0.285714,False
2021-22,regime,A,37500,0.132155,0.0900252,0.0581289,0.266667,False
2021-22,regime,A,40000,0.122804,0.081733,0.0535031,0.25,False
2021-22,regime,A,42500,0.114439,0.0745201,0.0494329,0.235294,False
2021-22,regime,A,45000,0.106976,0.0682532,0.0458282,0.222222,False
2021-22,regime,A,47500,0.100213,0.0626479,0.042619,0.210526,False
2021-22,regime,A,50000,0.0941396,0.0577643,0.039747,0.2,False
2021-22,regime,A,52500,0.0887112,0.0534787,0.0371631,0.190476,False
2021-22,regime,A,55000,0.0836862,0.0496149,0.0348278,0.181818,False
2021-22,regime,A,57500,0.0791081,0.0461413,0.0327106,0.173913,False
2021-22,regime,A,60000,0.074882,0.0430099,0.0307853,0.166667,False
2021-22,regime,A,62500,0.0710062,0.0401597,0.0290281,0.16,False
2021-22,regime,A,65000,0.0674459,0.0376091,0.02742,0.153846,False
2021-22,regime,A,67500,0.0641443,0.0352645,0.0259436,0.148148,False
2021-22,regime,A,70000,0.0610571,0.033114,0.0245859,0.142857,False
2021-22,regime,A,72500,0.0581953,0.0311475,0.0233349,0.137931,False
2021-22,regime,A,75000,0.0555583,0.0293581,0.0221784,0.133333,False
2021-22,regime,A,77500,0.0530922,0.0277237,0.0211068,0.129032,False
2021-22,regime,A,80000,0.050814,0.0262005,0.0201116,0.125,False
2021-22,regime,A,82500,0.0486363,0.0247975,0.0191862,0.121212,False
2021-22,regime,A,85000,0.0465952,0.0234881,0.0183245,0.117647,False
2021-22,regime,A,87500,0.0446554,0.0222626,0.0175218,0.114286,False
2021-22,regime,A,90000,0.0428792,0.021137,0.0167717,0.111111,False
2021-22,regime,A,92500,0.0412084,0.0200974,0.0160697,0.108108,False
2021-22,regime,A,95000,0.0396312,0.0191051,0.0154114,0.105263,False
2021-22,regime,A,97500,0.0381541,0.0181995,0.0147934,0.102564,False
2021-22,regime,A,100000,0.0367703,0.0173455,0.0142121,0.1,False
2021-22,regime,A,110000,0.0319099,0.0145035,0.0121997,0.0909091,False
2021-22,regime,A,120000,0.0280004,0.0122938,0.0105865,0.0833333,False
2021-22,regime,A,130000,0.0247624,0.0105615,0.00927074,0.0769231,False
2021-22,regime,A,140000,0.0220404,0.00914749,0.00818391,0.0714286,False
2021-22,regime,A,150000,0.0197098,0.00798302,0.00727704,0.0666667,False
2021-22,regime,A,160000,0.0177595,0.007034,0.00651341,0.0625,False
2021-22,regime,A,170000,0.0160292,0.00623171,0.00586504,0.0588235,False
2021-22,regime,A,180000,0.0145501,0.00553391,0.00531089,0.0555556,False
2021-22,regime,A,190000,0.0132716,0.00494723,0.00483326,0.0526316,False
2021-22,regime,A,200000,0.0121701,0.00445565,0.00441816,0.05,False
2021-22,regime,A,250000,0.00832391,0.00283102,0.00297046,0.04,False
2021-22,regime,A,300000,0.00597739,0.00190877,0.00213859,0.0333333,False
2021-22,regime,A,400000,0.0035404,0.000998572,0.00128149,0.025,True
2021-22,regime,A,500000,0.0023424,0.000606724,0.000870648,0.02,True
2021-22,regime,A,1000000,0.000722121,0.000179596,0.000293718,0.01,True
2021-22,regime,B,20000,0.32717,0.317304,0.209234,0.5,False
2021-22,regime,B,22500,0.3088,0.297925,0.19562,0.444444,False
2021-22,regime,B,25000,0.292989,0.281277,0.183905,0.4,False
2021-22,regime,B,27500,0.278973,0.266534,0.173688,0.363636,False
2021-22,regime,B,30000,0.266449,0.253415,0.164678,0.333333,False
2021-22,regime,B,32500,0.255248,0.241757,0.156658,0.307692,False
2021-22,regime,B,35000,0.245161,0.231297,0.149458,0.285714,False
2021-22,regime,B,37500,0.235951,0.22187,0.142947,0.266667,False
2021-22,regime,B,40000,0.22753,0.213215,0.137024,0.25,False
2021-22,regime,B,42500,0.219668,0.205264,0.13161,0.235294,False
2021-22,regime,B,45000,0.212377,0.197907,0.126644,0.222222,False
2021-22,regime,B,47500,0.205608,0.190992,0.122067,0.210526,False
2021-22,regime,B,50000,0.199215,0.184654,0.117836,0.2,False
2021-22,regime,B,52500,0.193344,0.178735,0.113912,0.190476,False
2021-22,regime,B,55000,0.187881,0.173208,0.110259,0.181818,False
2021-22,regime,B,57500,0.182745,0.168052,0.106846,0.173913,False
2021-22,regime,B,60000,0.177868,0.163191,0.103651,0.166667,False
2021-22,regime,B,62500,0.173268,0.158676,0.100654,0.16,False
2021-22,regime,B,65000,0.168936,0.154363,0.0978358,0.153846,False
2021-22,regime,B,67500,0.164837,0.150311,0.0951793,0.148148,False
2021-22,regime,B,70000,0.1609,0.146446,0.0926716,0.142857,False
2021-22,regime,B,72500,0.157249,0.142817,0.0902996,0.137931,False
2021-22,regime,B,75000,0.153771,0.139364,0.0880508,0.133333,False
2021-22,regime,B,77500,0.150452,0.136109,0.0859146,0.129032,False
2021-22,regime,B,80000,0.147276,0.132962,0.0838833,0.125,False
2021-22,regime,B,82500,0.14422,0.130004,0.0819496,0.121212,False
2021-22,regime,B,85000,0.141306,0.127145,0.0801065,0.117647,False
2021-22,regime,B,87500,0.13848,0.124426,0.078348,0.114286,False
2021-22,regime,B,90000,0.135743,0.121802,0.0766686,0.111111,False
2021-22,regime,B,92500,0.133104,0.119252,0.0750638,0.108108,False
2021-22,regime,B,95000,0.13065,0.116842,0.0735284,0.105263,False
2021-22,regime,B,97500,0.128253,0.114536,0.0720569,0.102564,False
2021-22,regime,B,100000,0.125935,0.112336,0.0706456,0.1,False
2021-22,regime,B,110000,0.117591,0.104263,0.0655307,0.0909091,False
2021-22,regime,B,120000,0.110314,0.0973184,0.0611257,0.0833333,False
2021-22,regime,B,130000,0.10395,0.0912803,0.0572892,0.0769231,False
2021-22,regime,B,140000,0.0982625,0.0859143,0.0539184,0.0714286,False
2021-22,regime,B,150000,0.0932075,0.0811505,0.0509306,0.0666667,False
2021-22,regime,B,160000,0.088702,0.0769423,0.0482611,0.0625,False
2021-22,regime,B,170000,0.0845942,0.0731283,0.0458621,0.0588235,False
2021-22,regime,B,180000,0.0808689,0.0697161,0.0436928,0.0555556,False
2021-22,regime,B,190000,0.0774738,0.0665891,0.0417213,0.0526316,False
2021-22,regime,B,200000,0.0743695,0.0637263,0.039921,0.05,False
2021-22,regime,B,250000,0.0621033,0.0524807,0.0328202,0.04,False
2021-22,regime,B,300000,0.0532534,0.04456,0.0278358,0.0333333,False
2021-22,regime,B,400000,0.0414469,0.0341507,0.0213055,0.025,False
2021-22,regime,B,500000,0.0338854,0.0275523,0.0172038,0.02,False
2021-22,regime,B,1000000,0.0176187,0.0138381,0.00849443,0.01,False
2021-22,regime,C,20000,0.426605,0.424785,0.341876,0.5,False
2021-22,regime,C,22500,0.415693,0.413767,0.331947,0.444444,False
2021-22,regime,C,25000,0.406129,0.403931,0.32316,0.4,False
2021-22,regime,C,27500,0.397669,0.395221,0.315281,0.363636,False
2021-22,regime,C,30000,0.390027,0.387391,0.308131,0.333333,False
2021-22,regime,C,32500,0.383091,0.380285,0.301591,0.307692,False
2021-22,regime,C,35000,0.376645,0.373692,0.295563,0.285714,False
2021-22,regime,C,37500,0.370706,0.367618,0.289979,0.266667,False
2021-22,regime,C,40000,0.365065,0.361933,0.284782,0.25,False
2021-22,regime,C,42500,0.359786,0.356584,0.279926,0.235294,False
2021-22,regime,C,45000,0.354762,0.351577,0.275375,0.222222,False
2021-22,regime,C,47500,0.350024,0.346802,0.271094,0.210526,False
2021-22,regime,C,50000,0.345515,0.342192,0.267056,0.2,False
2021-22,regime,C,52500,0.341292,0.337947,0.263237,0.190476,False
2021-22,regime,C,55000,0.337336,0.33396,0.259612,0.181818,False
2021-22,regime,C,57500,0.333508,0.33009,0.256164,0.173913,False
2021-22,regime,C,60000,0.329768,0.326344,0.252881,0.166667,False
2021-22,regime,C,62500,0.326373,0.322836,0.249748,0.16,False
2021-22,regime,C,65000,0.322982,0.319469,0.24675,0.153846,False
2021-22,regime,C,67500,0.319751,0.316228,0.243879,0.148148,False
2021-22,regime,C,70000,0.316631,0.313148,0.241126,0.142857,False
2021-22,regime,C,72500,0.313618,0.310124,0.238482,0.137931,False
2021-22,regime,C,75000,0.31075,0.307286,0.23594,0.133333,False
2021-22,regime,C,77500,0.30801,0.304521,0.233491,0.129032,False
2021-22,regime,C,80000,0.305302,0.301791,0.23113,0.125,False
2021-22,regime,C,82500,0.302725,0.299265,0.228852,0.121212,False
2021-22,regime,C,85000,0.30022,0.296815,0.226651,0.117647,False
2021-22,regime,C,87500,0.29779,0.29442,0.224523,0.114286,False
2021-22,regime,C,90000,0.295348,0.291964,0.222464,0.111111,False
2021-22,regime,C,92500,0.293046,0.289677,0.220471,0.108108,False
2021-22,regime,C,95000,0.290739,0.287418,0.21854,0.105263,False
2021-22,regime,C,97500,0.288572,0.285238,0.216669,0.102564,False
2021-22,regime,C,100000,0.286467,0.283125,0.214852,0.1,False
2021-22,regime,C,110000,0.278492,0.275107,0.208083,0.0909091,False
2021-22,regime,C,120000,0.271421,0.267879,0.202002,0.0833333,False
2021-22,regime,C,130000,0.26502,0.261351,0.196481,0.0769231,False
2021-22,regime,C,140000,0.25916,0.25534,0.191431,0.0714286,False
2021-22,regime,C,150000,0.253835,0.24994,0.186781,0.0666667,False
2021-22,regime,C,160000,0.248878,0.244926,0.182474,0.0625,False
2021-22,regime,C,170000,0.244264,0.240315,0.178467,0.0588235,False
2021-22,regime,C,180000,0.239961,0.235978,0.174723,0.0555556,False
2021-22,regime,C,190000,0.235878,0.231886,0.17121,0.0526316,False
2021-22,regime,C,200000,0.231995,0.227939,0.167907,0.05,False
2021-22,regime,C,250000,0.215328,0.211563,0.153886,0.04,False
2021-22,regime,C,300000,0.20201,0.198344,0.142908,0.0333333,False
2021-22,regime,C,400000,0.182075,0.178497,0.126373,0.025,False
2021-22,regime,C,500000,0.167262,0.163819,0.114237,0.02,False
2021-22,regime,C,1000000,0.124495,0.121382,0.080481,0.01,False
2021-22,martingale,A,20000,0.157172,0.104051,0.0635777,0.5,False
2021-22,martingale,A,22500,0.137189,0.0841592,0.0531042,0.444444,False
2021-22,martingale,A,25000,0.120236,0.0686309,0.0446918,0.4,False
2021-22,martingale,A,27500,0.105714,0.0563882,0.0378516,0.363636,False
2021-22,martingale,A,30000,0.0930846,0.0465645,0.0322464,0.333333,False
2021-22,martingale,A,32500,0.0820402,0.0385887,0.02763,0.307692,False
2021-22,martingale,A,35000,0.072466,0.0321401,0.0238078,0.285714,False
2021-22,martingale,A,37500,0.0643529,0.026961,0.0206213,0.266667,False
2021-22,martingale,A,40000,0.0572201,0.0226994,0.0179427,0.25,False
2021-22,martingale,A,42500,0.0510971,0.0192592,0.0156786,0.235294,False
2021-22,martingale,A,45000,0.0457157,0.0163901,0.0137522,0.222222,False
2021-22,martingale,A,47500,0.0410324,0.0140376,0.0121061,0.210526,False
2021-22,martingale,A,50000,0.0368661,0.0120385,0.0106931,0.2,False
2021-22,martingale,A,52500,0.0331929,0.0103559,0.00947633,0.190476,False
2021-22,martingale,A,55000,0.0299169,0.00894241,0.00842478,0.181818,False
2021-22,martingale,A,57500,0.0270508,0.00776222,0.00751303,0.173913,False
2021-22,martingale,A,60000,0.0244757,0.00673796,0.00671952,0.166667,False
2021-22,martingale,A,62500,0.0222152,0.00589633,0.00602629,0.16,False
2021-22,martingale,A,65000,0.020244,0.00519612,0.00541862,0.153846,False
2021-22,martingale,A,67500,0.0184786,0.00459461,0.00488285,0.148148,False
2021-22,martingale,A,70000,0.0168939,0.00407078,0.00440877,0.142857,False
2021-22,martingale,A,72500,0.0154879,0.00361045,0.00398795,0.137931,False
2021-22,martingale,A,75000,0.0141842,0.00320501,0.00361372,0.133333,False
2021-22,martingale,A,77500,0.0130296,0.00285644,0.00328066,0.129032,False
2021-22,martingale,A,80000,0.0119743,0.002553,0.00298308,0.125,False
2021-22,martingale,A,82500,0.0110294,0.00228559,0.00271688,0.121212,False
2021-22,martingale,A,85000,0.0101653,0.00204859,0.0024781,0.117647,False
2021-22,martingale,A,87500,0.00938646,0.00184423,0.0022634,0.114286,False
2021-22,martingale,A,90000,0.00867384,0.00165393,0.00207011,0.111111,False
2021-22,martingale,A,92500,0.00802766,0.00148746,0.00189572,0.108108,False
2021-22,martingale,A,95000,0.00742885,0.00133561,0.00173808,0.105263,False
2021-22,martingale,A,97500,0.00687632,0.0012005,0.00159558,0.102564,False
2021-22,martingale,A,100000,0.00637655,0.00107894,0.00146659,0.1,False
2021-22,martingale,A,110000,0.00476403,0.000715307,0.0010575,0.0909091,True
2021-22,martingale,A,120000,0.00359376,0.000475092,0.000774939,0.0833333,True
2021-22,martingale,A,130000,0.00272819,0.000322785,0.000577028,0.0769231,True
2021-22,martingale,A,140000,0.00209655,0.000225513,0.000436282,0.0714286,True
2021-22,martingale,A,150000,0.00162762,0.00016483,0.000335059,0.0666667,True
2021-22,martingale,A,160000,0.00129352,0.000123899,0.000260349,0.0625,True
2021-22,martingale,A,170000,0.00103744,9.42794e-05,0.00020406,0.0588235,True
2021-22,martingale,A,180000,0.000832519,6.94052e-05,0.000161183,0.0555556,True
2021-22,martingale,A,190000,0.000683545,5.16727e-05,0.000128258,0.0526316,True
2021-22,martingale,A,200000,0.000559291,3.62184e-05,0.000102413,0.05,True
2021-22,martingale,A,250000,0.000217387,8.1436e-06,3.50452e-05,0.04,True
2021-22,martingale,A,300000,8.85306e-05,1.49031e-06,1.25337e-05,0.0333333,True
2021-22,martingale,A,400000,1.53024e-05,9.91728e-08,1.83022e-06,0.025,True
2021-22,martingale,A,500000,3.02273e-06,0,2.56682e-07,0.02,True
2021-22,martingale,A,1000000,0,0,0,0.01,True
2021-22,martingale,B,20000,0.261431,0.24952,0.18277,0.5,False
2021-22,martingale,B,22500,0.252695,0.239348,0.173458,0.444444,False
2021-22,martingale,B,25000,0.244676,0.230039,0.165079,0.4,False
2021-22,martingale,B,27500,0.237202,0.22149,0.157473,0.363636,False
2021-22,martingale,B,30000,0.229957,0.213319,0.15054,0.333333,False
2021-22,martingale,B,32500,0.222892,0.205476,0.144203,0.307692,False
2021-22,martingale,B,35000,0.216239,0.198175,0.138396,0.285714,False
2021-22,martingale,B,37500,0.210331,0.191676,0.133044,0.266667,False
2021-22,martingale,B,40000,0.204562,0.185366,0.128079,0.25,False
2021-22,martingale,B,42500,0.199247,0.179599,0.12346,0.235294,False
2021-22,martingale,B,45000,0.194099,0.174145,0.119148,0.222222,False
2021-22,martingale,B,47500,0.189143,0.168905,0.115119,0.210526,False
2021-22,martingale,B,50000,0.18439,0.163906,0.111343,0.2,False
2021-22,martingale,B,52500,0.179875,0.159206,0.107801,0.190476,False
2021-22,martingale,B,55000,0.175571,0.154743,0.104468,0.181818,False
2021-22,martingale,B,57500,0.171402,0.150503,0.101328,0.173913,False
2021-22,martingale,B,60000,0.167426,0.146435,0.0983657,0.166667,False
2021-22,martingale,B,62500,0.163579,0.142535,0.0955662,0.16,False
2021-22,martingale,B,65000,0.15996,0.138934,0.0929165,0.153846,False
2021-22,martingale,B,67500,0.15656,0.135523,0.0904018,0.148148,False
2021-22,martingale,B,70000,0.15325,0.132221,0.0880113,0.142857,False
2021-22,martingale,B,72500,0.150176,0.129168,0.0857348,0.137931,False
2021-22,martingale,B,75000,0.147215,0.126241,0.0835631,0.133333,False
2021-22,martingale,B,77500,0.144317,0.12339,0.0814883,0.129032,False
2021-22,martingale,B,80000,0.141446,0.120602,0.0795064,0.125,False
2021-22,martingale,B,82500,0.138739,0.117991,0.077612,0.121212,False
2021-22,martingale,B,85000,0.136185,0.115518,0.0757973,0.117647,False
2021-22,martingale,B,87500,0.133633,0.113068,0.074058,0.114286,False
2021-22,martingale,B,90000,0.131221,0.110746,0.0723892,0.111111,False
2021-22,martingale,B,92500,0.128866,0.10848,0.0707873,0.108108,False
2021-22,martingale,B,95000,0.126611,0.106338,0.0692474,0.105263,False
2021-22,martingale,B,97500,0.124364,0.104193,0.0677671,0.102564,False
2021-22,martingale,B,100000,0.122186,0.10213,0.0663436,0.1,False
2021-22,martingale,B,110000,0.1142,0.0945675,0.0611543,0.0909091,False
2021-22,martingale,B,120000,0.107003,0.0879013,0.0566507,0.0833333,False
2021-22,martingale,B,130000,0.100656,0.0820359,0.0527156,0.0769231,False
2021-22,martingale,B,140000,0.094939,0.0767813,0.0492443,0.0714286,False
2021-22,martingale,B,150000,0.0897711,0.0721482,0.0461638,0.0666667,False
2021-22,martingale,B,160000,0.0851584,0.0680154,0.0434092,0.0625,False
2021-22,martingale,B,170000,0.0809744,0.0643111,0.0409296,0.0588235,False
2021-22,martingale,B,180000,0.0772113,0.0609339,0.0386838,0.0555556,False
2021-22,martingale,B,190000,0.0737466,0.0578884,0.0366409,0.0526316,False
2021-22,martingale,B,200000,0.0705433,0.0550954,0.034772,0.05,False
2021-22,martingale,B,250000,0.0577372,0.0441483,0.0274079,0.04,False
2021-22,martingale,B,300000,0.0486157,0.0364446,0.0222385,0.0333333,False
2021-22,martingale,B,400000,0.0359337,0.0260511,0.0155169,0.025,False
2021-22,martingale,B,500000,0.0276897,0.0194575,0.0114314,0.02,False
2021-22,martingale,B,1000000,0.0104258,0.00661819,0.0037749,0.01,False
2021-22,martingale,C,20000,0.564456,0.549988,0.477697,0.5,False
2021-22,martingale,C,22500,0.555406,0.54086,0.467386,0.444444,False
2021-22,martingale,C,25000,0.547276,0.532645,0.458032,0.4,False
2021-22,martingale,C,27500,0.539939,0.525243,0.449448,0.363636,False
2021-22,martingale,C,30000,0.532749,0.517988,0.441531,0.333333,False
2021-22,martingale,C,32500,0.52567,0.510841,0.434206,0.307692,False
2021-22,martingale,C,35000,0.519056,0.504214,0.427411,0.285714,False
2021-22,martingale,C,37500,0.513531,0.498689,0.421056,0.266667,False
2021-22,martingale,C,40000,0.508186,0.493327,0.415064,0.25,False
2021-22,martingale,C,42500,0.503202,0.488344,0.409392,0.235294,False
2021-22,martingale,C,45000,0.49833,0.483473,0.40401,0.222222,False
2021-22,martingale,C,47500,0.493516,0.47868,0.398896,0.210526,False
2021-22,martingale,C,50000,0.48888,0.474025,0.39403,0.2,False
2021-22,martingale,C,52500,0.484343,0.469487,0.389396,0.190476,False
2021-22,martingale,C,55000,0.47992,0.46507,0.384971,0.181818,False
2021-22,martingale,C,57500,0.475631,0.460784,0.380748,0.173913,False
2021-22,martingale,C,60000,0.471544,0.456708,0.376707,0.166667,False
2021-22,martingale,C,62500,0.467462,0.452632,0.372836,0.16,False
2021-22,martingale,C,65000,0.46383,0.449004,0.369121,0.153846,False
2021-22,martingale,C,67500,0.460457,0.445644,0.365539,0.148148,False
2021-22,martingale,C,70000,0.457134,0.442322,0.362083,0.142857,False
2021-22,martingale,C,72500,0.454232,0.439414,0.358737,0.137931,False
2021-22,martingale,C,75000,0.451405,0.436573,0.355491,0.133333,False
2021-22,martingale,C,77500,0.448448,0.433617,0.35234,0.129032,False
2021-22,martingale,C,80000,0.445396,0.430576,0.349286,0.125,False
2021-22,martingale,C,82500,0.442668,0.427862,0.346322,0.121212,False
2021-22,martingale,C,85000,0.440113,0.425306,0.343439,0.117647,False
2021-22,martingale,C,87500,0.437391,0.422586,0.340633,0.114286,False
2021-22,martingale,C,90000,0.434898,0.420105,0.337902,0.111111,False
2021-22,martingale,C,92500,0.432385,0.41761,0.335242,0.108108,False
2021-22,martingale,C,95000,0.430055,0.415293,0.332646,0.105263,False
2021-22,martingale,C,97500,0.427564,0.41281,0.330115,0.102564,False
2021-22,martingale,C,100000,0.425083,0.410345,0.327648,0.1,False
2021-22,martingale,C,110000,0.416026,0.401381,0.318352,0.0909091,False
2021-22,martingale,C,120000,0.407489,0.392936,0.30984,0.0833333,False
2021-22,martingale,C,130000,0.399638,0.385166,0.302015,0.0769231,False
2021-22,martingale,C,140000,0.392246,0.37783,0.294779,0.0714286,False
2021-22,martingale,C,150000,0.385225,0.370911,0.288062,0.0666667,False
2021-22,martingale,C,160000,0.378739,0.364515,0.281797,0.0625,False
2021-22,martingale,C,170000,0.372642,0.358514,0.275929,0.0588235,False
2021-22,martingale,C,180000,0.366938,0.352907,0.270407,0.0555556,False
2021-22,martingale,C,190000,0.361521,0.347581,0.265199,0.0526316,False
2021-22,martingale,C,200000,0.356412,0.342554,0.260264,0.05,False
2021-22,martingale,C,250000,0.334199,0.320682,0.238926,0.04,False
2021-22,martingale,C,300000,0.316875,0.303686,0.221549,0.0333333,False
2021-22,martingale,C,400000,0.289072,0.276554,0.194101,0.025,False
2021-22,martingale,C,500000,0.267505,0.255603,0.172931,0.02,False
2021-22,martingale,C,1000000,0.196467,0.187115,0.109022,0.01,False
2021-22,history,A,20000,0.184647,0.117572,0.0539952,0.5,False
2021-22,history,A,22500,0.152035,0.086086,0.0395531,0.444444,False
2021-22,history,A,25000,0.124535,0.0659455,0.0284546,0.4,False
2021-22,history,A,27500,0.0985773,0.049515,0.0200864,0.363636,False
2021-22,history,A,30000,0.0767476,0.0365001,0.0139034,0.333333,False
2021-22,history,A,32500,0.0589931,0.0278437,0.00939817,0.307692,False
2021-22,history,A,35000,0.0422758,0.0218495,0.00624755,0.285714,False
2021-22,history,A,37500,0.0313333,0.0172628,0.00404515,0.266667,False
2021-22,history,A,40000,0.0215939,0.0135136,0.00254658,0.25,False
2021-22,history,A,42500,0.0147806,0.00995118,0.00157941,0.235294,False
2021-22,history,A,45000,0.0111648,0.00715719,0.000920236,0.222222,False
2021-22,history,A,47500,0.0070503,0.00455394,0.000473195,0.210526,False
2021-22,history,A,50000,0.00400945,0.00281179,0.000212656,0.2,True
2021-22,history,A,52500,0.00195061,0.00165107,7.82219e-05,0.190476,True
2021-22,history,A,55000,0.000979416,0.000780524,2.24687e-05,0.181818,True
2021-22,history,A,57500,9.76563e-05,9.76563e-05,5.83073e-07,0.173913,True
2021-22,history,A,60000,0,0,0,0.166667,True
2021-22,history,A,62500,0,0,0,0.16,True
2021-22,history,A,65000,0,0,0,0.153846,True
2021-22,history,A,67500,0,0,0,0.148148,True
2021-22,history,A,70000,0,0,0,0.142857,True
2021-22,history,A,72500,0,0,0,0.137931,True
2021-22,history,A,75000,0,0,0,0.133333,True
2021-22,history,A,77500,0,0,0,0.129032,True
2021-22,history,A,80000,0,0,0,0.125,True
2021-22,history,A,82500,0,0,0,0.121212,True
2021-22,history,A,85000,0,0,0,0.117647,True
2021-22,history,A,87500,0,0,0,0.114286,True
2021-22,history,A,90000,0,0,0,0.111111,True
2021-22,history,A,92500,0,0,0,0.108108,True
2021-22,history,A,95000,0,0,0,0.105263,True
2021-22,history,A,97500,0,0,0,0.102564,True
2021-22,history,A,100000,0,0,0,0.1,True
2021-22,history,A,110000,0,0,0,0.0909091,True
2021-22,history,A,120000,0,0,0,0.0833333,True
2021-22,history,A,130000,0,0,0,0.0769231,True
2021-22,history,A,140000,0,0,0,0.0714286,True
2021-22,history,A,150000,0,0,0,0.0666667,True
2021-22,history,A,160000,0,0,0,0.0625,True
2021-22,history,A,170000,0,0,0,0.0588235,True
2021-22,history,A,180000,0,0,0,0.0555556,True
2021-22,history,A,190000,0,0,0,0.0526316,True
2021-22,history,A,200000,0,0,0,0.05,True
2021-22,history,A,250000,0,0,0,0.04,True
2021-22,history,A,300000,0,0,0,0.0333333,True
2021-22,history,A,400000,0,0,0,0.025,True
2021-22,history,A,500000,0,0,0,0.02,True
2021-22,history,A,1000000,0,0,0,0.01,True
2021-22,history,B,20000,0.459419,0.41121,0.203131,0.5,False
2021-22,history,B,22500,0.423303,0.375,0.173257,0.444444,False
2021-22,history,B,25000,0.388235,0.343207,0.147424,0.4,False
2021-22,history,B,27500,0.354141,0.309693,0.125113,0.363636,False
2021-22,history,B,30000,0.326409,0.279513,0.105514,0.333333,False
2021-22,history,B,32500,0.291057,0.250999,0.0885364,0.307692,False
2021-22,history,B,35000,0.259975,0.223858,0.0742001,0.285714,False
2021-22,history,B,37500,0.230506,0.19711,0.0619563,0.266667,False
2021-22,history,B,40000,0.198308,0.174726,0.0518159,0.25,False
2021-22,history,B,42500,0.175729,0.15369,0.0434033,0.235294,False
2021-22,history,B,45000,0.153299,0.135293,0.0362887,0.222222,False
2021-22,history,B,47500,0.134074,0.11582,0.0303902,0.210526,False
2021-22,history,B,50000,0.11912,0.101495,0.0253205,0.2,False
2021-22,history,B,52500,0.102318,0.0913373,0.0210293,0.190476,False
2021-22,history,B,55000,0.0897126,0.0752294,0.0174569,0.181818,False
2021-22,history,B,57500,0.0783419,0.0643092,0.0144164,0.173913,False
2021-22,history,B,60000,0.0684064,0.0564833,0.0118472,0.166667,False
2021-22,history,B,62500,0.0591462,0.0487873,0.00966849,0.16,False
2021-22,history,B,65000,0.0490229,0.0419944,0.00788952,0.153846,False
2021-22,history,B,67500,0.0419828,0.0364445,0.00645658,0.148148,False
2021-22,history,B,70000,0.034042,0.0310856,0.00529357,0.142857,False
2021-22,history,B,72500,0.0277074,0.0268478,0.00438767,0.137931,False
2021-22,history,B,75000,0.0237281,0.0237888,0.00365273,0.133333,False
2021-22,history,B,77500,0.020469,0.0193022,0.0030394,0.129032,False
2021-22,history,B,80000,0.0172127,0.0170317,0.00253067,0.125,False
2021-22,history,B,82500,0.0146032,0.0146821,0.00210854,0.121212,False
2021-22,history,B,85000,0.0133038,0.0129634,0.00175818,0.117647,False
2021-22,history,B,87500,0.0110224,0.0114544,0.00145562,0.114286,False
2021-22,history,B,90000,0.00901874,0.0102687,0.00121061,0.111111,True
2021-22,history,B,92500,0.00771808,0.0085424,0.00101139,0.108108,True
2021-22,history,B,95000,0.00673079,0.00676011,0.000847386,0.105263,True
2021-22,history,B,97500,0.00556874,0.00542075,0.000711445,0.102564,True
2021-22,history,B,100000,0.00467827,0.00492945,0.000599583,0.1,True
2021-22,history,B,110000,0.00276422,0.0031248,0.000302762,0.0909091,True
2021-22,history,B,120000,0.00151166,0.00201066,0.000147803,0.0833333,True
2021-22,history,B,130000,0.000884985,0.00101597,6.2586e-05,0.0769231,True
2021-22,history,B,140000,0.000254065,0.000512295,1.43966e-05,0.0714286,True
2021-22,history,B,150000,0.000127033,0.000128074,1.90035e-06,0.0666667,True
2021-22,history,B,160000,0,0,0,0.0625,True
2021-22,history,B,170000,0,0,0,0.0588235,True
2021-22,history,B,180000,0,0,0,0.0555556,True
2021-22,history,B,190000,0,0,0,0.0526316,True
2021-22,history,B,200000,0,0,0,0.05,True
2021-22,history,B,250000,0,0,0,0.04,True
2021-22,history,B,300000,0,0,0,0.0333333,True
2021-22,history,B,400000,0,0,0,0.025,True
2021-22,history,B,500000,0,0,0,0.02,True
2021-22,history,B,1000000,0,0,0,0.01,True
2021-22,history,C,20000,nan,nan,nan,0.5,False
2021-22,history,C,22500,nan,nan,nan,0.444444,False
2021-22,history,C,25000,nan,nan,nan,0.4,False
2021-22,history,C,27500,nan,nan,nan,0.363636,False
2021-22,history,C,30000,nan,nan,nan,0.333333,False
2021-22,history,C,32500,nan,nan,nan,0.307692,False
2021-22,history,C,35000,nan,nan,nan,0.285714,False
2021-22,history,C,37500,nan,nan,nan,0.266667,False
2021-22,history,C,40000,nan,nan,nan,0.25,False
2021-22,history,C,42500,nan,nan,nan,0.235294,False
2021-22,history,C,45000,nan,nan,nan,0.222222,False
2021-22,history,C,47500,nan,nan,nan,0.210526,False
2021-22,history,C,50000,nan,nan,nan,0.2,False
2021-22,history,C,52500,nan,nan,nan,0.190476,False
2021-22,history,C,55000,nan,nan,nan,0.181818,False
2021-22,history,C,57500,nan,nan,nan,0.173913,False
2021-22,history,C,60000,nan,nan,nan,0.166667,False
2021-22,history,C,62500,nan,nan,nan,0.16,False
2021-22,history,C,65000,nan,nan,nan,0.153846,False
2021-22,history,C,67500,nan,nan,nan,0.148148,False
2021-22,history,C,70000,nan,nan,nan,0.142857,False
2021-22,history,C,72500,nan,nan,nan,0.137931,False
2021-22,history,C,75000,nan,nan,nan,0.133333,False
2021-22,history,C,77500,nan,nan,nan,0.129032,False
2021-22,history,C,80000,nan,nan,nan,0.125,False
2021-22,history,C,82500,nan,nan,nan,0.121212,False
2021-22,history,C,85000,nan,nan,nan,0.117647,False
2021-22,history,C,87500,nan,nan,nan,0.114286,False
2021-22,history,C,90000,nan,nan,nan,0.111111,False
2021-22,history,C,92500,nan,nan,nan,0.108108,False
2021-22,history,C,95000,nan,nan,nan,0.105263,False
2021-22,history,C,97500,nan,nan,nan,0.102564,False
2021-22,history,C,100000,nan,nan,nan,0.1,False
2021-22,history,C,110000,nan,nan,nan,0.0909091,False
2021-22,history,C,120000,nan,nan,nan,0.0833333,False
2021-22,history,C,130000,nan,nan,nan,0.0769231,False
2021-22,history,C,140000,nan,nan,nan,0.0714286,False
2021-22,history,C,150000,nan,nan,nan,0.0666667,False
2021-22,history,C,160000,nan,nan,nan,0.0625,False
2021-22,history,C,170000,nan,nan,nan,0.0588235,False
2021-22,history,C,180000,nan,nan,nan,0.0555556,False
2021-22,history,C,190000,nan,nan,nan,0.0526316,False
2021-22,history,C,200000,nan,nan,nan,0.05,False
2021-22,history,C,250000,nan,nan,nan,0.04,False
2021-22,history,C,300000,nan,nan,nan,0.0333333,False
2021-22,history,C,400000,nan,nan,nan,0.025,False
2021-22,history,C,500000,nan,nan,nan,0.02,False
2021-22,history,C,1000000,nan,nan,nan,0.01,False
2025-26,bootstrap-30d,A,20000,0.285166,0.218742,0.104542,0.5,False
2025-26,bootstrap-30d,A,22500,0.245127,0.169508,0.0844206,0.444444,False
2025-26,bootstrap-30d,A,25000,0.210016,0.131218,0.0684893,0.4,False
2025-26,bootstrap-30d,A,27500,0.179857,0.102159,0.055834,0.363636,False
2025-26,bootstrap-30d,A,30000,0.153957,0.0798478,0.0457288,0.333333,False
2025-26,bootstrap-30d,A,32500,0.131775,0.0628705,0.0376314,0.307692,False
2025-26,bootstrap-30d,A,35000,0.112825,0.0498105,0.0311196,0.285714,False
2025-26,bootstrap-30d,A,37500,0.0966913,0.0396267,0.0258613,0.266667,False
2025-26,bootstrap-30d,A,40000,0.0829985,0.0316084,0.0215993,0.25,False
2025-26,bootstrap-30d,A,42500,0.0713645,0.0252683,0.0181287,0.235294,False
2025-26,bootstrap-30d,A,45000,0.0616209,0.0203559,0.015286,0.222222,False
2025-26,bootstrap-30d,A,47500,0.0534022,0.016503,0.0129421,0.210526,False
2025-26,bootstrap-30d,A,50000,0.046322,0.0134178,0.0110009,0.2,False
2025-26,bootstrap-30d,A,52500,0.0403239,0.0109695,0.0093862,0.190476,False
2025-26,bootstrap-30d,A,55000,0.0351783,0.00901355,0.00803637,0.181818,False
2025-26,bootstrap-30d,A,57500,0.0307852,0.00745128,0.0069033,0.173913,False
2025-26,bootstrap-30d,A,60000,0.0269955,0.00617958,0.00594773,0.166667,False
2025-26,bootstrap-30d,A,62500,0.0237395,0.0051318,0.00513931,0.16,False
2025-26,bootstrap-30d,A,65000,0.0208819,0.00427674,0.00445281,0.153846,False
2025-26,bootstrap-30d,A,67500,0.0184136,0.00357438,0.00386907,0.148148,False
2025-26,bootstrap-30d,A,70000,0.0162796,0.00300354,0.00337003,0.142857,False
2025-26,bootstrap-30d,A,72500,0.0144177,0.002524,0.00294247,0.137931,False
2025-26,bootstrap-30d,A,75000,0.012796,0.00212673,0.00257487,0.133333,False
2025-26,bootstrap-30d,A,77500,0.0113671,0.00180145,0.00225816,0.129032,False
2025-26,bootstrap-30d,A,80000,0.010113,0.00152154,0.00198478,0.125,False
2025-26,bootstrap-30d,A,82500,0.00902691,0.00129064,0.00174794,0.121212,False
2025-26,bootstrap-30d,A,85000,0.00806753,0.00109226,0.00154206,0.117647,False
2025-26,bootstrap-30d,A,87500,0.00722866,0.000928768,0.0013627,0.114286,False
2025-26,bootstrap-30d,A,90000,0.00648758,0.000793613,0.00120597,0.111111,False
2025-26,bootstrap-30d,A,92500,0.00581198,0.000677884,0.00106872,0.108108,False
2025-26,bootstrap-30d,A,95000,0.0052173,0.000578337,0.000948585,0.105263,False
2025-26,bootstrap-30d,A,97500,0.00468889,0.000496846,0.00084333,0.102564,True
2025-26,bootstrap-30d,A,100000,0.00421467,0.000427951,0.000750933,0.1,True
2025-26,bootstrap-30d,A,110000,0.00279924,0.000242517,0.000478164,0.0909091,True
2025-26,bootstrap-30d,A,120000,0.00188773,0.000138819,0.000310336,0.0833333,True
2025-26,bootstrap-30d,A,130000,0.00129576,8.13956e-05,0.000204635,0.0769231,True
2025-26,bootstrap-30d,A,140000,0.000898425,4.84087e-05,0.000136699,0.0714286,True
2025-26,bootstrap-30d,A,150000,0.000630082,2.85345e-05,9.24792e-05,0.0666667,True
2025-26,bootstrap-30d,A,160000,0.000447262,1.61072e-05,6.28658e-05,0.0625,True
2025-26,bootstrap-30d,A,170000,0.000321343,9.94076e-06,4.27776e-05,0.0588235,True
2025-26,bootstrap-30d,A,180000,0.000228805,6.45886e-06,2.92339e-05,0.0555556,True
2025-26,bootstrap-30d,A,190000,0.000162001,4.47121e-06,2.00637e-05,0.0526316,True
2025-26,bootstrap-30d,A,200000,0.000114297,2.98147e-06,1.38997e-05,0.05,True
2025-26,bootstrap-30d,A,250000,2.27727e-05,5.9721e-07,2.71517e-06,0.04,True
2025-26,bootstrap-30d,A,300000,5.34726e-06,0,6.28431e-07,0.0333333,True
2025-26,bootstrap-30d,A,400000,3.02929e-07,0,1.47113e-08,0.025,True
2025-26,bootstrap-30d,A,500000,0,0,0,0.02,True
2025-26,bootstrap-30d,A,1000000,0,0,0,0.01,True
2025-26,bootstrap-30d,B,20000,0.357175,0.349259,0.209355,0.5,False
2025-26,bootstrap-30d,B,22500,0.334331,0.324628,0.192276,0.444444,False
2025-26,bootstrap-30d,B,25000,0.314018,0.30261,0.177602,0.4,False
2025-26,bootstrap-30d,B,27500,0.295993,0.283069,0.164848,0.363636,False
2025-26,bootstrap-30d,B,30000,0.279691,0.265534,0.153659,0.333333,False
2025-26,bootstrap-30d,B,32500,0.264997,0.249745,0.143761,0.307692,False
2025-26,bootstrap-30d,B,35000,0.251693,0.23545,0.134941,0.285714,False
2025-26,bootstrap-30d,B,37500,0.239493,0.222411,0.127034,0.266667,False
2025-26,bootstrap-30d,B,40000,0.228216,0.21048,0.119909,0.25,False
2025-26,bootstrap-30d,B,42500,0.217857,0.199566,0.113462,0.235294,False
2025-26,bootstrap-30d,B,45000,0.208383,0.189685,0.107597,0.222222,False
2025-26,bootstrap-30d,B,47500,0.199592,0.180595,0.10224,0.210526,False
2025-26,bootstrap-30d,B,50000,0.191389,0.172108,0.0973305,0.2,False
2025-26,bootstrap-30d,B,52500,0.183807,0.164405,0.0928159,0.190476,False
2025-26,bootstrap-30d,B,55000,0.176753,0.157225,0.0886502,0.181818,False
2025-26,bootstrap-30d,B,57500,0.170182,0.150605,0.0847943,0.173913,False
2025-26,bootstrap-30d,B,60000,0.163976,0.14445,0.0812157,0.166667,False
2025-26,bootstrap-30d,B,62500,0.158156,0.138723,0.077888,0.16,False
2025-26,bootstrap-30d,B,65000,0.152672,0.133364,0.0747865,0.153846,False
2025-26,bootstrap-30d,B,67500,0.147496,0.128317,0.0718898,0.148148,False
2025-26,bootstrap-30d,B,70000,0.142618,0.123621,0.0691796,0.142857,False
2025-26,bootstrap-30d,B,72500,0.138068,0.119216,0.0666378,0.137931,False
2025-26,bootstrap-30d,B,75000,0.133704,0.115069,0.0642496,0.133333,False
2025-26,bootstrap-30d,B,77500,0.129601,0.111177,0.0620027,0.129032,False
2025-26,bootstrap-30d,B,80000,0.12572,0.107502,0.059884,0.125,False
2025-26,bootstrap-30d,B,82500,0.12202,0.104017,0.0578844,0.121212,False
2025-26,bootstrap-30d,B,85000,0.118489,0.10067,0.0559945,0.117647,False
2025-26,bootstrap-30d,B,87500,0.115162,0.0975349,0.0542053,0.114286,False
2025-26,bootstrap-30d,B,90000,0.111914,0.0945529,0.0525101,0.111111,False
2025-26,bootstrap-30d,B,92500,0.10887,0.0917328,0.0509021,0.108108,False
2025-26,bootstrap-30d,B,95000,0.105961,0.0890684,0.0493748,0.105263,False
2025-26,bootstrap-30d,B,97500,0.10322,0.0865109,0.0479217,0.102564,False
2025-26,bootstrap-30d,B,100000,0.100566,0.0840832,0.0465378,0.1,False
2025-26,bootstrap-30d,B,110000,0.0909646,0.0754179,0.0416121,0.0909091,False
2025-26,bootstrap-30d,B,120000,0.0827878,0.068152,0.0374958,0.0833333,False
2025-26,bootstrap-30d,B,130000,0.0757614,0.0619266,0.0340131,0.0769231,False
2025-26,bootstrap-30d,B,140000,0.069618,0.0564984,0.031038,0.0714286,False
2025-26,bootstrap-30d,B,150000,0.064321,0.051868,0.0284699,0.0666667,False
2025-26,bootstrap-30d,B,160000,0.0596657,0.0477957,0.0262351,0.0625,False
2025-26,bootstrap-30d,B,170000,0.055573,0.0442514,0.0242736,0.0588235,False
2025-26,bootstrap-30d,B,180000,0.0519343,0.0411464,0.0225394,0.0555556,False
2025-26,bootstrap-30d,B,190000,0.048685,0.0383603,0.0209957,0.0526316,False
2025-26,bootstrap-30d,B,200000,0.0457589,0.0358611,0.0196151,0.05,False
2025-26,bootstrap-30d,B,250000,0.0346846,0.0265037,0.0144684,0.04,False
2025-26,bootstrap-30d,B,300000,0.0273712,0.0204282,0.0111572,0.0333333,False
2025-26,bootstrap-30d,B,400000,0.0184448,0.0132688,0.00725281,0.025,False
2025-26,bootstrap-30d,B,500000,0.0134132,0.00931736,0.00509111,0.02,False
2025-26,bootstrap-30d,B,1000000,0.00436816,0.00270254,0.00143877,0.01,True
2025-26,bootstrap-30d,C,20000,0.426593,0.42507,0.333204,0.5,False
2025-26,bootstrap-30d,C,22500,0.414776,0.412882,0.322249,0.444444,False
2025-26,bootstrap-30d,C,25000,0.404022,0.40197,0.312555,0.4,False
2025-26,bootstrap-30d,C,27500,0.394369,0.392316,0.303881,0.363636,False
2025-26,bootstrap-30d,C,30000,0.385558,0.383534,0.296051,0.333333,False
2025-26,bootstrap-30d,C,32500,0.377562,0.375595,0.288921,0.307692,False
2025-26,bootstrap-30d,C,35000,0.370186,0.368216,0.282384,0.285714,False
2025-26,bootstrap-30d,C,37500,0.363353,0.361325,0.276354,0.266667,False
2025-26,bootstrap-30d,C,40000,0.356931,0.354838,0.270767,0.25,False
2025-26,bootstrap-30d,C,42500,0.351059,0.348786,0.265564,0.235294,False
2025-26,bootstrap-30d,C,45000,0.345514,0.343074,0.260697,0.222222,False
2025-26,bootstrap-30d,C,47500,0.340225,0.337731,0.25613,0.210526,False
2025-26,bootstrap-30d,C,50000,0.335279,0.332643,0.251832,0.2,False
2025-26,bootstrap-30d,C,52500,0.330601,0.327709,0.247776,0.190476,False
2025-26,bootstrap-30d,C,55000,0.326143,0.323054,0.243937,0.181818,False
2025-26,bootstrap-30d,C,57500,0.321936,0.318663,0.240295,0.173913,False
2025-26,bootstrap-30d,C,60000,0.317984,0.314473,0.236831,0.166667,False
2025-26,bootstrap-30d,C,62500,0.314167,0.310466,0.233528,0.16,False
2025-26,bootstrap-30d,C,65000,0.310455,0.306597,0.230377,0.153846,False
2025-26,bootstrap-30d,C,67500,0.306866,0.302905,0.227365,0.148148,False
2025-26,bootstrap-30d,C,70000,0.303428,0.299434,0.224484,0.142857,False
2025-26,bootstrap-30d,C,72500,0.300097,0.296102,0.221723,0.137931,False
2025-26,bootstrap-30d,C,75000,0.296915,0.29288,0.219075,0.133333,False
2025-26,bootstrap-30d,C,77500,0.293874,0.289829,0.216531,0.129032,False
2025-26,bootstrap-30d,C,80000,0.290861,0.286927,0.214084,0.125,False
2025-26,bootstrap-30d,C,82500,0.288044,0.28412,0.211728,0.121212,False
2025-26,bootstrap-30d,C,85000,0.285265,0.281418,0.209458,0.117647,False
2025-26,bootstrap-30d,C,87500,0.282558,0.278763,0.207268,0.114286,False
2025-26,bootstrap-30d,C,90000,0.279969,0.276225,0.205153,0.111111,False
2025-26,bootstrap-30d,C,92500,0.277448,0.273749,0.20311,0.108108,False
2025-26,bootstrap-30d,C,95000,0.274994,0.271352,0.201134,0.105263,False
2025-26,bootstrap-30d,C,97500,0.272648,0.26904,0.199221,0.102564,False
2025-26,bootstrap-30d,C,100000,0.270359,0.266782,0.197368,0.1,False
2025-26,bootstrap-30d,C,110000,0.261895,0.25834,0.190484,0.0909091,False
2025-26,bootstrap-30d,C,120000,0.254249,0.250658,0.184335,0.0833333,False
2025-26,bootstrap-30d,C,130000,0.247226,0.243646,0.178798,0.0769231,False
2025-26,bootstrap-30d,C,140000,0.240843,0.23724,0.173777,0.0714286,False
2025-26,bootstrap-30d,C,150000,0.235087,0.23148,0.16919,0.0666667,False
2025-26,bootstrap-30d,C,160000,0.229888,0.226228,0.164969,0.0625,False
2025-26,bootstrap-30d,C,170000,0.225074,0.221362,0.161061,0.0588235,False
2025-26,bootstrap-30d,C,180000,0.220531,0.216749,0.157428,0.0555556,False
2025-26,bootstrap-30d,C,190000,0.216274,0.212427,0.15404,0.0526316,False
2025-26,bootstrap-30d,C,200000,0.212246,0.208423,0.15087,0.05,False
2025-26,bootstrap-30d,C,250000,0.195445,0.191387,0.137572,0.04,False
2025-26,bootstrap-30d,C,300000,0.182166,0.178189,0.127294,0.0333333,False
2025-26,bootstrap-30d,C,400000,0.162001,0.15802,0.112243,0.025,False
2025-26,bootstrap-30d,C,500000,0.147775,0.143763,0.101529,0.02,False
2025-26,bootstrap-30d,C,1000000,0.109682,0.106164,0.0728171,0.01,False
2025-26,bootstrap-365d,A,20000,0.296595,0.24605,0.09782,0.5,False
2025-26,bootstrap-365d,A,22500,0.251796,0.186093,0.0756566,0.444444,False
2025-26,bootstrap-365d,A,25000,0.208416,0.138043,0.0584527,0.4,False
2025-26,bootstrap-365d,A,27500,0.171441,0.102871,0.0453054,0.363636,False
2025-26,bootstrap-365d,A,30000,0.140599,0.0763115,0.0352407,0.333333,False
2025-26,bootstrap-365d,A,32500,0.115096,0.0571523,0.0275316,0.307692,False
2025-26,bootstrap-365d,A,35000,0.0942868,0.0434193,0.0216042,0.285714,False
2025-26,bootstrap-365d,A,37500,0.0771832,0.0330285,0.0170277,0.266667,False
2025-26,bootstrap-365d,A,40000,0.0630706,0.0248488,0.0134926,0.25,False
2025-26,bootstrap-365d,A,42500,0.0515904,0.0185892,0.0107589,0.235294,False
2025-26,bootstrap-365d,A,45000,0.0425288,0.0141068,0.00862813,0.222222,False
2025-26,bootstrap-365d,A,47500,0.0352379,0.0108485,0.00694979,0.210526,False
2025-26,bootstrap-365d,A,50000,0.0291919,0.00839926,0.00562164,0.2,False
2025-26,bootstrap-365d,A,52500,0.0241992,0.00652401,0.00456986,0.190476,False
2025-26,bootstrap-365d,A,55000,0.0201351,0.00516469,0.00373344,0.181818,False
2025-26,bootstrap-365d,A,57500,0.0168272,0.00414669,0.00306426,0.173913,False
2025-26,bootstrap-365d,A,60000,0.0140545,0.00331744,0.00252724,0.166667,False
2025-26,bootstrap-365d,A,62500,0.0117551,0.00262101,0.00209569,0.16,False
2025-26,bootstrap-365d,A,65000,0.00989026,0.00206082,0.00174759,0.153846,False
2025-26,bootstrap-365d,A,67500,0.00836088,0.00162902,0.00146458,0.148148,False
2025-26,bootstrap-365d,A,70000,0.00712736,0.00131214,0.00123228,0.142857,False
2025-26,bootstrap-365d,A,72500,0.00611199,0.00107808,0.0010404,0.137931,False
2025-26,bootstrap-365d,A,75000,0.0052445,0.000885789,0.00088068,0.133333,False
2025-26,bootstrap-365d,A,77500,0.00451027,0.000727827,0.000747748,0.129032,True
2025-26,bootstrap-365d,A,80000,0.00386813,0.000592169,0.000636836,0.125,True
2025-26,bootstrap-365d,A,82500,0.00331249,0.000479805,0.000544736,0.121212,True
2025-26,bootstrap-365d,A,85000,0.00283512,0.000383725,0.000468259,0.117647,True
2025-26,bootstrap-365d,A,87500,0.0024651,0.000311835,0.000404283,0.114286,True
2025-26,bootstrap-365d,A,90000,0.00214443,0.00025175,0.000350067,0.111111,True
2025-26,bootstrap-365d,A,92500,0.00187957,0.000205453,0.000304032,0.108108,True
2025-26,bootstrap-365d,A,95000,0.00165159,0.000172072,0.000264561,0.105263,True
2025-26,bootstrap-365d,A,97500,0.00145718,0.000147131,0.000230657,0.102564,True
2025-26,bootstrap-365d,A,100000,0.00129335,0.000129845,0.000201364,0.1,True
2025-26,bootstrap-365d,A,110000,0.000808462,7.5001e-05,0.000117459,0.0909091,True
2025-26,bootstrap-365d,A,120000,0.000495184,3.27929e-05,6.95875e-05,0.0833333,True
2025-26,bootstrap-365d,A,130000,0.000311075,9.93998e-06,4.21351e-05,0.0769231,True
2025-26,bootstrap-365d,A,140000,0.000197303,2.38572e-06,2.61467e-05,0.0714286,True
2025-26,bootstrap-365d,A,150000,0.00012895,6.96903e-07,1.65096e-05,0.0666667,True
2025-26,bootstrap-365d,A,160000,8.42342e-05,1.99221e-07,1.05841e-05,0.0625,True
2025-26,bootstrap-365d,A,170000,5.72421e-05,9.96052e-08,6.89508e-06,0.0588235,True
2025-26,bootstrap-365d,A,180000,3.81036e-05,9.96052e-08,4.50409e-06,0.0555556,True
2025-26,bootstrap-365d,A,190000,2.6217e-05,9.96052e-08,3.00527e-06,0.0526316,True
2025-26,bootstrap-365d,A,200000,1.77461e-05,0,1.99854e-06,0.05,True
2025-26,bootstrap-365d,A,250000,2.92685e-06,0,3.55288e-07,0.04,True
2025-26,bootstrap-365d,A,300000,8.07638e-07,0,8.70772e-08,0.0333333,True
2025-26,bootstrap-365d,A,400000,0,0,0,0.025,True
2025-26,bootstrap-365d,A,500000,0,0,0,0.02,True
2025-26,bootstrap-365d,A,1000000,0,0,0,0.01,True
2025-26,bootstrap-365d,B,20000,0.335384,0.330362,0.165651,0.5,False
2025-26,bootstrap-365d,B,22500,0.306169,0.29925,0.146222,0.444444,False
2025-26,bootstrap-365d,B,25000,0.279891,0.271057,0.12988,0.4,False
2025-26,bootstrap-365d,B,27500,0.255962,0.245732,0.116058,0.363636,False
2025-26,bootstrap-365d,B,30000,0.234481,0.222982,0.104309,0.333333,False
2025-26,bootstrap-365d,B,32500,0.215595,0.202733,0.0942428,0.307692,False
2025-26,bootstrap-365d,B,35000,0.198939,0.185075,0.0855464,0.285714,False
2025-26,bootstrap-365d,B,37500,0.184042,0.169381,0.0779748,0.266667,False
2025-26,bootstrap-365d,B,40000,0.170593,0.155595,0.0713503,0.25,False
2025-26,bootstrap-365d,B,42500,0.158602,0.143383,0.0655211,0.235294,False
2025-26,bootstrap-365d,B,45000,0.147887,0.132465,0.0603597,0.222222,False
2025-26,bootstrap-365d,B,47500,0.138258,0.122595,0.0557642,0.210526,False
2025-26,bootstrap-365d,B,50000,0.129395,0.113853,0.0516538,0.2,False
2025-26,bootstrap-365d,B,52500,0.121295,0.106094,0.0479688,0.190476,False
2025-26,bootstrap-365d,B,55000,0.113896,0.0991819,0.0446532,0.181818,False
2025-26,bootstrap-365d,B,57500,0.107168,0.0928401,0.0416585,0.173913,False
2025-26,bootstrap-365d,B,60000,0.101056,0.0869685,0.0389432,0.166667,False
2025-26,bootstrap-365d,B,62500,0.0953792,0.081612,0.0364734,0.16,False
2025-26,bootstrap-365d,B,65000,0.0901538,0.0767171,0.0342219,0.153846,False
2025-26,bootstrap-365d,B,67500,0.0853137,0.0722063,0.0321639,0.148148,False
2025-26,bootstrap-365d,B,70000,0.0808788,0.0680391,0.0302772,0.142857,False
2025-26,bootstrap-365d,B,72500,0.0766983,0.0642079,0.0285448,0.137931,False
2025-26,bootstrap-365d,B,75000,0.0728412,0.0607041,0.0269509,0.133333,False
2025-26,bootstrap-365d,B,77500,0.0692388,0.0574353,0.0254811,0.129032,False
2025-26,bootstrap-365d,B,80000,0.0658458,0.0543855,0.0241242,0.125,False
2025-26,bootstrap-365d,B,82500,0.0626667,0.0515545,0.0228701,0.121212,False
2025-26,bootstrap-365d,B,85000,0.0596895,0.0489068,0.0217094,0.117647,False
2025-26,bootstrap-365d,B,87500,0.0569261,0.0464325,0.0206329,0.114286,False
2025-26,bootstrap-365d,B,90000,0.0543455,0.0441554,0.0196329,0.111111,False
2025-26,bootstrap-365d,B,92500,0.0519455,0.0420732,0.0187022,0.108108,False
2025-26,bootstrap-365d,B,95000,0.0497038,0.0400997,0.0178342,0.105263,False
2025-26,bootstrap-365d,B,97500,0.0476189,0.0382908,0.017023,0.102564,False
2025-26,bootstrap-365d,B,100000,0.0456625,0.0365971,0.0162635,0.1,False
2025-26,bootstrap-365d,B,110000,0.0388341,0.0307784,0.0136665,0.0909091,False
2025-26,bootstrap-365d,B,120000,0.0333721,0.0262376,0.0116284,0.0833333,False
2025-26,bootstrap-365d,B,130000,0.0290192,0.0226055,0.00999934,0.0769231,False
2025-26,bootstrap-365d,B,140000,0.0254742,0.0196218,0.00867371,0.0714286,False
2025-26,bootstrap-365d,B,150000,0.0224845,0.0171672,0.0075809,0.0666667,False
2025-26,bootstrap-365d,B,160000,0.0199564,0.015111,0.00667203,0.0625,False
2025-26,bootstrap-365d,B,170000,0.017813,0.013386,0.00590945,0.0588235,False
2025-26,bootstrap-365d,B,180000,0.0159774,0.0119071,0.00526444,0.0555556,False
2025-26,bootstrap-365d,B,190000,0.0143736,0.0106259,0.00471375,0.0526316,False
2025-26,bootstrap-365d,B,200000,0.0129919,0.0095375,0.00424212,0.05,False
2025-26,bootstrap-365d,B,250000,0.00833003,0.00588155,0.00265548,0.04,True
2025-26,bootstrap-365d,B,300000,0.00575449,0.00393224,0.00178526,0.0333333,True
2025-26,bootstrap-365d,B,400000,0.00313813,0.00203729,0.000916602,0.025,True
2025-26,bootstrap-365d,B,500000,0.00190663,0.00117393,0.000521073,0.02,True
2025-26,bootstrap-365d,B,1000000,0.000276238,0.000140004,6.3478e-05,0.01,True
2025-26,bootstrap-365d,C,20000,0.379234,0.378443,0.264292,0.5,False
2025-26,bootstrap-365d,C,22500,0.36241,0.361325,0.250956,0.444444,False
2025-26,bootstrap-365d,C,25000,0.347541,0.346258,0.239383,0.4,False
2025-26,bootstrap-365d,C,27500,0.334321,0.332878,0.22922,0.363636,False
2025-26,bootstrap-365d,C,30000,0.322501,0.321064,0.220195,0.333333,False
2025-26,bootstrap-365d,C,32500,0.311923,0.310225,0.212106,0.307692,False
2025-26,bootstrap-365d,C,35000,0.302355,0.300381,0.204791,0.285714,False
2025-26,bootstrap-365d,C,37500,0.293453,0.291382,0.198136,0.266667,False
2025-26,bootstrap-365d,C,40000,0.285214,0.283012,0.192053,0.25,False
2025-26,bootstrap-365d,C,42500,0.277601,0.275351,0.186467,0.235294,False
2025-26,bootstrap-365d,C,45000,0.270422,0.268152,0.181316,0.222222,False
2025-26,bootstrap-365d,C,47500,0.26377,0.261544,0.176549,0.210526,False
2025-26,bootstrap-365d,C,50000,0.257621,0.255382,0.172119,0.2,False
2025-26,bootstrap-365d,C,52500,0.251883,0.249629,0.167986,0.190476,False
2025-26,bootstrap-365d,C,55000,0.246584,0.244237,0.164116,0.181818,False
2025-26,bootstrap-365d,C,57500,0.241586,0.239193,0.16048,0.173913,False
2025-26,bootstrap-365d,C,60000,0.236858,0.234404,0.157056,0.166667,False
2025-26,bootstrap-365d,C,62500,0.232352,0.229883,0.153824,0.16,False
2025-26,bootstrap-365d,C,65000,0.22814,0.225621,0.150767,0.153846,False
2025-26,bootstrap-365d,C,67500,0.224125,0.221599,0.147868,0.148148,False
2025-26,bootstrap-365d,C,70000,0.220312,0.217758,0.145113,0.142857,False
2025-26,bootstrap-365d,C,72500,0.216654,0.214109,0.142493,0.137931,False
2025-26,bootstrap-365d,C,75000,0.213171,0.210586,0.139995,0.133333,False
2025-26,bootstrap-365d,C,77500,0.20987,0.207214,0.13761,0.129032,False
2025-26,bootstrap-365d,C,80000,0.206719,0.204003,0.13533,0.125,False
2025-26,bootstrap-365d,C,82500,0.203659,0.200921,0.133147,0.121212,False
2025-26,bootstrap-365d,C,85000,0.200673,0.197976,0.131056,0.117647,False
2025-26,bootstrap-365d,C,87500,0.197831,0.195105,0.129049,0.114286,False
2025-26,bootstrap-365d,C,90000,0.195133,0.192357,0.127122,0.111111,False
2025-26,bootstrap-365d,C,92500,0.192478,0.189675,0.12527,0.108108,False
2025-26,bootstrap-365d,C,95000,0.189964,0.187073,0.123487,0.105263,False
2025-26,bootstrap-365d,C,97500,0.187552,0.184591,0.12177,0.102564,False
2025-26,bootstrap-365d,C,100000,0.185189,0.182213,0.120113,0.1,False
2025-26,bootstrap-365d,C,110000,0.176583,0.173394,0.114033,0.0909091,False
2025-26,bootstrap-365d,C,120000,0.168955,0.16566,0.108688,0.0833333,False
2025-26,bootstrap-365d,C,130000,0.162138,0.158684,0.103948,0.0769231,False
2025-26,bootstrap-365d,C,140000,0.155924,0.152534,0.0997102,0.0714286,False
2025-26,bootstrap-365d,C,150000,0.150377,0.146972,0.0958912,0.0666667,False
2025-26,bootstrap-365d,C,160000,0.145312,0.141943,0.0924262,0.0625,False
2025-26,bootstrap-365d,C,170000,0.14072,0.137323,0.0892645,0.0588235,False
2025-26,bootstrap-365d,C,180000,0.136408,0.13316,0.0863643,0.0555556,False
2025-26,bootstrap-365d,C,190000,0.132395,0.129266,0.0836954,0.0526316,False
2025-26,bootstrap-365d,C,200000,0.12873,0.125711,0.0812282,0.05,False
2025-26,bootstrap-365d,C,250000,0.113916,0.111197,0.0711765,0.04,False
2025-26,bootstrap-365d,C,300000,0.103049,0.100267,0.0637035,0.0333333,False
2025-26,bootstrap-365d,C,400000,0.0875744,0.0844106,0.0530898,0.025,False
2025-26,bootstrap-365d,C,500000,0.0766626,0.0736091,0.0457922,0.02,False
2025-26,bootstrap-365d,C,1000000,0.04911,0.0472342,0.0280268,0.01,False
2025-26,regime,A,20000,0.239919,0.19862,0.109078,0.5,False
2025-26,regime,A,22500,0.212199,0.168715,0.0944379,0.444444,False
2025-26,regime,A,25000,0.189142,0.144417,0.0826241,0.4,False
2025-26,regime,A,27500,0.169819,0.124796,0.0729341,0.363636,False
2025-26,regime,A,30000,0.153398,0.108704,0.06487,0.333333,False
2025-26,regime,A,32500,0.13928,0.0953856,0.0580762,0.307692,False
2025-26,regime,A,35000,0.127065,0.0840995,0.0522981,0.285714,False
2025-26,regime,A,37500,0.116317,0.0745575,0.0473407,0.266667,False
2025-26,regime,A,40000,0.106928,0.0665522,0.0430536,0.25,False
2025-26,regime,A,42500,0.0986014,0.0597304,0.0393224,0.235294,False
2025-26,regime,A,45000,0.0912926,0.0539457,0.0360503,0.222222,False
2025-26,regime,A,47500,0.0847026,0.0488402,0.0331642,0.210526,False
2025-26,regime,A,50000,0.078813,0.0443945,0.0306053,0.2,False
2025-26,regime,A,52500,0.0734857,0.040528,0.0283278,0.190476,False
2025-26,regime,A,55000,0.0686989,0.0371353,0.0262915,0.181818,False
2025-26,regime,A,57500,0.0643827,0.0341129,0.0244622,0.173913,False
2025-26,regime,A,60000,0.0604238,0.031405,0.0228123,0.166667,False
2025-26,regime,A,62500,0.0568195,0.0290051,0.02132,0.16,False
2025-26,regime,A,65000,0.053526,0.0268646,0.0199659,0.153846,False
2025-26,regime,A,67500,0.0505207,0.0249251,0.0187333,0.148148,False
2025-26,regime,A,70000,0.0478282,0.0232213,0.0176058,0.142857,False
2025-26,regime,A,72500,0.0452961,0.0216472,0.0165716,0.137931,False
2025-26,regime,A,75000,0.04293,0.0201847,0.015622,0.133333,False
2025-26,regime,A,77500,0.0407381,0.0188557,0.0147483,0.129032,False
2025-26,regime,A,80000,0.038672,0.0176299,0.0139433,0.125,False
2025-26,regime,A,82500,0.0367567,0.0165222,0.0132003,0.121212,False
2025-26,regime,A,85000,0.034975,0.0154943,0.0125135,0.117647,False
2025-26,regime,A,87500,0.0333193,0.0145377,0.0118773,0.114286,False
2025-26,regime,A,90000,0.0317785,0.0136525,0.0112869,0.111111,False
2025-26,regime,A,92500,0.0303483,0.0128696,0.0107376,0.108108,False
2025-26,regime,A,95000,0.0290514,0.0121628,0.0102253,0.105263,False
2025-26,regime,A,97500,0.0278019,0.011487,0.00974636,0.102564,False
2025-26,regime,A,100000,0.0266305,0.0108698,0.00929841,0.1,False
2025-26,regime,A,110000,0.0225898,0.00881089,0.00776898,0.0909091,False
2025-26,regime,A,120000,0.0193502,0.00723379,0.00657002,0.0833333,False
2025-26,regime,A,130000,0.0167263,0.00603613,0.00561508,0.0769231,False
2025-26,regime,A,140000,0.0145856,0.00509712,0.00484369,0.0714286,False
2025-26,regime,A,150000,0.0127849,0.00434552,0.00421247,0.0666667,False
2025-26,regime,A,160000,0.0113085,0.00374021,0.00369036,0.0625,False
2025-26,regime,A,170000,0.0100616,0.00322979,0.003253,0.0588235,False
2025-26,regime,A,180000,0.00899491,0.00279454,0.00288373,0.0555556,False
2025-26,regime,A,190000,0.00807151,0.00245494,0.00257026,0.0526316,False
2025-26,regime,A,200000,0.00728161,0.00217194,0.00230145,0.05,False
2025-26,regime,A,250000,0.00455143,0.0012687,0.00140903,0.04,True
2025-26,regime,A,300000,0.00302481,0.000799411,0.000938535,0.0333333,True
2025-26,regime,A,400000,0.0015785,0.000389364,0.000496088,0.025,True
2025-26,regime,A,500000,0.000949882,0.000229474,0.000307889,0.02,True
2025-26,regime,A,1000000,0.000224934,4.46828e-05,7.44906e-05,0.01,True
2025-26,regime,B,20000,0.317212,0.307183,0.198521,0.5,False
2025-26,regime,B,22500,0.298147,0.287038,0.184855,0.444444,False
2025-26,regime,B,25000,0.281531,0.269555,0.173178,0.4,False
2025-26,regime,B,27500,0.267144,0.254476,0.16305,0.363636,False
2025-26,regime,B,30000,0.25438,0.241101,0.154157,0.333333,False
2025-26,regime,B,32500,0.242909,0.229197,0.146278,0.307692,False
2025-26,regime,B,35000,0.232634,0.218567,0.139237,0.285714,False
2025-26,regime,B,37500,0.223335,0.208996,0.132896,0.266667,False
2025-26,regime,B,40000,0.214935,0.200363,0.127142,0.25,False
2025-26,regime,B,42500,0.207132,0.192339,0.121897,0.235294,False
2025-26,regime,B,45000,0.199945,0.185038,0.117093,0.222222,False
2025-26,regime,B,47500,0.193292,0.178269,0.112674,0.210526,False
2025-26,regime,B,50000,0.18716,0.171989,0.108591,0.2,False
2025-26,regime,B,52500,0.181361,0.166177,0.104805,0.190476,False
2025-26,regime,B,55000,0.17598,0.160753,0.101286,0.181818,False
2025-26,regime,B,57500,0.170946,0.155717,0.0980048,0.173913,False
2025-26,regime,B,60000,0.166156,0.150994,0.0949361,0.166667,False
2025-26,regime,B,62500,0.161657,0.146555,0.0920613,0.16,False
2025-26,regime,B,65000,0.157421,0.142356,0.0893618,0.153846,False
2025-26,regime,B,67500,0.153474,0.138431,0.0868197,0.148148,False
2025-26,regime,B,70000,0.1497,0.134712,0.0844207,0.142857,False
2025-26,regime,B,72500,0.146153,0.131213,0.0821521,0.137931,False
2025-26,regime,B,75000,0.142748,0.127894,0.0800037,0.133333,False
2025-26,regime,B,77500,0.139451,0.124699,0.0779667,0.129032,False
2025-26,regime,B,80000,0.136347,0.121671,0.0760331,0.125,False
2025-26,regime,B,82500,0.133411,0.118815,0.0741938,0.121212,False
2025-26,regime,B,85000,0.130573,0.11605,0.0724421,0.117647,False
2025-26,regime,B,87500,0.127886,0.113453,0.0707716,0.114286,False
2025-26,regime,B,90000,0.125291,0.11093,0.0691765,0.111111,False
2025-26,regime,B,92500,0.122811,0.108559,0.0676521,0.108108,False
2025-26,regime,B,95000,0.120387,0.106259,0.0661939,0.105263,False
2025-26,regime,B,97500,0.118044,0.104029,0.064799,0.102564,False
2025-26,regime,B,100000,0.115816,0.101903,0.0634622,0.1,False
2025-26,regime,B,110000,0.107732,0.0942088,0.0586279,0.0909091,False
2025-26,regime,B,120000,0.100794,0.0876506,0.0544776,0.0833333,False
2025-26,regime,B,130000,0.0946562,0.0818588,0.0508714,0.0769231,False
2025-26,regime,B,140000,0.0891655,0.0767597,0.0477132,0.0714286,False
2025-26,regime,B,150000,0.0842714,0.0721672,0.0449253,0.0666667,False
2025-26,regime,B,160000,0.0798526,0.0681274,0.0424483,0.0625,False
2025-26,regime,B,170000,0.0758791,0.0644841,0.0402332,0.0588235,False
2025-26,regime,B,180000,0.0723179,0.0612427,0.0382403,0.0555556,False
2025-26,regime,B,190000,0.0690405,0.0582659,0.036438,0.0526316,False
2025-26,regime,B,200000,0.0660923,0.0555849,0.0347999,0.05,False
2025-26,regime,B,250000,0.0545737,0.0452264,0.0284073,0.04,False
2025-26,regime,B,300000,0.0465148,0.0381364,0.0239755,0.0333333,False
2025-26,regime,B,400000,0.0359121,0.0289128,0.0182067,0.025,False
2025-26,regime,B,500000,0.029285,0.0232342,0.0146029,0.02,False
2025-26,regime,B,1000000,0.0149578,0.0113184,0.00692861,0.01,False
2025-26,regime,C,20000,0.414296,0.412299,0.336858,0.5,False
2025-26,regime,C,22500,0.404264,0.401963,0.327795,0.444444,False
2025-26,regime,C,25000,0.395241,0.392769,0.319791,0.4,False
2025-26,regime,C,27500,0.387375,0.384736,0.31263,0.363636,False
2025-26,regime,C,30000,0.380197,0.377388,0.306156,0.333333,False
2025-26,regime,C,32500,0.373576,0.370653,0.300259,0.307692,False
2025-26,regime,C,35000,0.367603,0.36455,0.294845,0.285714,False
2025-26,regime,C,37500,0.362022,0.358922,0.289846,0.266667,False
2025-26,regime,C,40000,0.356818,0.353654,0.285204,0.25,False
2025-26,regime,C,42500,0.351952,0.348739,0.280879,0.235294,False
2025-26,regime,C,45000,0.347381,0.344142,0.276831,0.222222,False
2025-26,regime,C,47500,0.343042,0.339802,0.27303,0.210526,False
2025-26,regime,C,50000,0.339017,0.3357,0.26945,0.2,False
2025-26,regime,C,52500,0.33522,0.331944,0.266067,0.190476,False
2025-26,regime,C,55000,0.331597,0.32836,0.262858,0.181818,False
2025-26,regime,C,57500,0.328117,0.324861,0.259812,0.173913,False
2025-26,regime,C,60000,0.324881,0.321507,0.256912,0.166667,False
2025-26,regime,C,62500,0.321778,0.318402,0.254144,0.16,False
2025-26,regime,C,65000,0.318733,0.315359,0.251499,0.153846,False
2025-26,regime,C,67500,0.315895,0.312474,0.248968,0.148148,False
2025-26,regime,C,70000,0.313139,0.30967,0.246539,0.142857,False
2025-26,regime,C,72500,0.310514,0.306964,0.244207,0.137931,False
2025-26,regime,C,75000,0.30803,0.304417,0.241963,0.133333,False
2025-26,regime,C,77500,0.305552,0.301924,0.239801,0.129032,False
2025-26,regime,C,80000,0.303164,0.299503,0.237719,0.125,False
2025-26,regime,C,82500,0.300903,0.297276,0.235709,0.121212,False
2025-26,regime,C,85000,0.298721,0.295069,0.233766,0.117647,False
2025-26,regime,C,87500,0.296606,0.292923,0.231886,0.114286,False
2025-26,regime,C,90000,0.294517,0.290824,0.230067,0.111111,False
2025-26,regime,C,92500,0.2925,0.288804,0.228304,0.108108,False
2025-26,regime,C,95000,0.290558,0.286829,0.226595,0.105263,False
2025-26,regime,C,97500,0.288663,0.284934,0.224937,0.102564,False
2025-26,regime,C,100000,0.286802,0.283119,0.223326,0.1,False
2025-26,regime,C,110000,0.27993,0.27618,0.217315,0.0909091,False
2025-26,regime,C,120000,0.273765,0.26992,0.2119,0.0833333,False
2025-26,regime,C,130000,0.268135,0.264128,0.206976,0.0769231,False
2025-26,regime,C,140000,0.263052,0.258991,0.202463,0.0714286,False
2025-26,regime,C,150000,0.258289,0.254225,0.198305,0.0666667,False
2025-26,regime,C,160000,0.253918,0.249762,0.19445,0.0625,False
2025-26,regime,C,170000,0.249801,0.24559,0.19086,0.0588235,False
2025-26,regime,C,180000,0.245994,0.241745,0.187503,0.0555556,False
2025-26,regime,C,190000,0.242468,0.238199,0.184352,0.0526316,False
2025-26,regime,C,200000,0.239079,0.234805,0.181382,0.05,False
2025-26,regime,C,250000,0.224447,0.220297,0.168717,0.04,False
2025-26,regime,C,300000,0.212727,0.208473,0.158712,0.0333333,False
2025-26,regime,C,400000,0.194954,0.190633,0.143538,0.025,False
2025-26,regime,C,500000,0.18153,0.177175,0.132305,0.02,False
2025-26,regime,C,1000000,0.142779,0.13849,0.100818,0.01,False
2025-26,martingale,A,20000,0.251183,0.207706,0.128933,0.5,False
2025-26,martingale,A,22500,0.232577,0.182031,0.114774,0.444444,False
2025-26,martingale,A,25000,0.215883,0.159576,0.102588,0.4,False
2025-26,martingale,A,27500,0.200686,0.139805,0.0919987,0.363636,False
2025-26,martingale,A,30000,0.186695,0.122537,0.0827394,0.333333,False
2025-26,martingale,A,32500,0.173758,0.10763,0.0746051,0.307692,False
2025-26,martingale,A,35000,0.161819,0.0946209,0.0674287,0.285714,False
2025-26,martingale,A,37500,0.150692,0.0833376,0.0610765,0.266667,False
2025-26,martingale,A,40000,0.140292,0.0735115,0.0554433,0.25,False
2025-26,martingale,A,42500,0.1308,0.0650823,0.0504318,0.235294,False
2025-26,martingale,A,45000,0.121946,0.0576598,0.0459602,0.222222,False
2025-26,martingale,A,47500,0.113843,0.051265,0.0419612,0.210526,False
2025-26,martingale,A,50000,0.10627,0.0455706,0.0383758,0.2,False
2025-26,martingale,A,52500,0.0991989,0.0405714,0.0351559,0.190476,False
2025-26,martingale,A,55000,0.0927148,0.0362062,0.0322593,0.181818,False
2025-26,martingale,A,57500,0.0867281,0.0323737,0.0296453,0.173913,False
2025-26,martingale,A,60000,0.0811397,0.0289622,0.0272841,0.166667,False
2025-26,martingale,A,62500,0.0760054,0.0259546,0.0251462,0.16,False
2025-26,martingale,A,65000,0.0712642,0.023319,0.0232057,0.153846,False
2025-26,martingale,A,67500,0.0668221,0.0209791,0.0214424,0.148148,False
2025-26,martingale,A,70000,0.062674,0.0188988,0.019838,0.142857,False
2025-26,martingale,A,72500,0.0588403,0.0170305,0.0183758,0.137931,False
2025-26,martingale,A,75000,0.0552375,0.0153699,0.0170422,0.133333,False
2025-26,martingale,A,77500,0.0518754,0.0138862,0.0158247,0.129032,False
2025-26,martingale,A,80000,0.0487517,0.0125673,0.0147122,0.125,False
2025-26,martingale,A,82500,0.0458711,0.0113855,0.0136929,0.121212,False
2025-26,martingale,A,85000,0.0431716,0.010332,0.0127587,0.117647,False
2025-26,martingale,A,87500,0.040682,0.00940154,0.0119007,0.114286,False
2025-26,martingale,A,90000,0.0383189,0.00853582,0.0111118,0.111111,False
2025-26,martingale,A,92500,0.0361557,0.00777761,0.010386,0.108108,False
2025-26,martingale,A,95000,0.0341532,0.00709892,0.0097164,0.105263,False
2025-26,martingale,A,97500,0.032275,0.00648578,0.00909821,0.102564,False
2025-26,martingale,A,100000,0.0304841,0.00593432,0.0085268,0.1,False
2025-26,martingale,A,110000,0.0244813,0.00419699,0.00663482,0.0909091,False
2025-26,martingale,A,120000,0.0197882,0.00302778,0.00522777,0.0833333,False
2025-26,martingale,A,130000,0.0161491,0.00223863,0.00416827,0.0769231,False
2025-26,martingale,A,140000,0.0132353,0.00167426,0.00336,0.0714286,False
2025-26,martingale,A,150000,0.0109233,0.00127364,0.00273794,0.0666667,False
2025-26,martingale,A,160000,0.00910438,0.000984015,0.00225384,0.0625,False
2025-26,martingale,A,170000,0.00764986,0.00077306,0.00187196,0.0588235,False
2025-26,martingale,A,180000,0.00645242,0.00060598,0.00156783,0.0555556,False
2025-26,martingale,A,190000,0.00548076,0.000485691,0.00132389,0.0526316,False
2025-26,martingale,A,200000,0.00468584,0.000392573,0.00112645,0.05,True
2025-26,martingale,A,250000,0.00234846,0.000163822,0.000549406,0.04,True
2025-26,martingale,A,300000,0.00128695,7.67735e-05,0.00030132,0.0333333,True
2025-26,martingale,A,400000,0.000499517,1.75708e-05,0.000119472,0.025,True
2025-26,martingale,A,500000,0.000251606,4.07086e-06,5.78277e-05,0.02,True
2025-26,martingale,A,1000000,2.13598e-05,0,2.59004e-06,0.01,True
2025-26,martingale,B,20000,0.356847,0.340776,0.261785,0.5,False
2025-26,martingale,B,22500,0.345262,0.328427,0.250588,0.444444,False
2025-26,martingale,B,25000,0.334754,0.317301,0.240637,0.4,False
2025-26,martingale,B,27500,0.325235,0.307154,0.231684,0.363636,False
2025-26,martingale,B,30000,0.31666,0.297955,0.223558,0.333333,False
2025-26,martingale,B,32500,0.308563,0.289322,0.216124,0.307692,False
2025-26,martingale,B,35000,0.301168,0.281455,0.209288,0.285714,False
2025-26,martingale,B,37500,0.294066,0.273929,0.20297,0.266667,False
2025-26,martingale,B,40000,0.287352,0.266819,0.197117,0.25,False
2025-26,martingale,B,42500,0.281036,0.260119,0.191667,0.235294,False
2025-26,martingale,B,45000,0.275074,0.253807,0.186579,0.222222,False
2025-26,martingale,B,47500,0.26963,0.248015,0.181809,0.210526,False
2025-26,martingale,B,50000,0.264384,0.242483,0.177323,0.2,False
2025-26,martingale,B,52500,0.259436,0.237218,0.173092,0.190476,False
2025-26,martingale,B,55000,0.254711,0.232204,0.16909,0.181818,False
2025-26,martingale,B,57500,0.25015,0.227425,0.165299,0.173913,False
2025-26,martingale,B,60000,0.245818,0.222917,0.161703,0.166667,False
2025-26,martingale,B,62500,0.241729,0.218636,0.158281,0.16,False
2025-26,martingale,B,65000,0.237856,0.21456,0.155019,0.153846,False
2025-26,martingale,B,67500,0.234109,0.210574,0.151904,0.148148,False
2025-26,martingale,B,70000,0.230477,0.206798,0.148926,0.142857,False
2025-26,martingale,B,72500,0.226976,0.203118,0.146075,0.137931,False
2025-26,martingale,B,75000,0.223556,0.199547,0.143343,0.133333,False
2025-26,martingale,B,77500,0.220226,0.196061,0.140723,0.129032,False
2025-26,martingale,B,80000,0.216935,0.19267,0.138211,0.125,False
2025-26,martingale,B,82500,0.213838,0.189464,0.135799,0.121212,False
2025-26,martingale,B,85000,0.210828,0.186377,0.133479,0.117647,False
2025-26,martingale,B,87500,0.207972,0.183428,0.131246,0.114286,False
2025-26,martingale,B,90000,0.205164,0.180546,0.129093,0.111111,False
2025-26,martingale,B,92500,0.202438,0.177743,0.127017,0.108108,False
2025-26,martingale,B,95000,0.19985,0.175132,0.125012,0.105263,False
2025-26,martingale,B,97500,0.197331,0.172564,0.123075,0.102564,False
2025-26,martingale,B,100000,0.194841,0.170045,0.121202,0.1,False
2025-26,martingale,B,110000,0.185642,0.160797,0.114291,0.0909091,False
2025-26,martingale,B,120000,0.177392,0.15259,0.108172,0.0833333,False
2025-26,martingale,B,130000,0.169688,0.145089,0.10272,0.0769231,False
2025-26,martingale,B,140000,0.162725,0.138302,0.0978301,0.0714286,False
2025-26,martingale,B,150000,0.156361,0.13221,0.0934213,0.0666667,False
2025-26,martingale,B,160000,0.150435,0.126606,0.0894202,0.0625,False
2025-26,martingale,B,170000,0.144951,0.121478,0.085776,0.0588235,False
2025-26,martingale,B,180000,0.139942,0.116843,0.0824407,0.0555556,False
2025-26,martingale,B,190000,0.135348,0.112566,0.0793731,0.0526316,False
2025-26,martingale,B,200000,0.131063,0.108601,0.0765393,0.05,False
2025-26,martingale,B,250000,0.113849,0.0928847,0.0650135,0.04,False
2025-26,martingale,B,300000,0.100853,0.0812072,0.056525,0.0333333,False
2025-26,martingale,B,400000,0.0822306,0.064911,0.0447541,0.025,False
2025-26,martingale,B,500000,0.0693635,0.053788,0.0369578,0.02,False
2025-26,martingale,B,1000000,0.0386749,0.0284298,0.0192442,0.01,False
2025-26,martingale,C,20000,0.712091,0.700216,0.641618,0.5,False
2025-26,martingale,C,22500,0.704702,0.692581,0.633242,0.444444,False
2025-26,martingale,C,25000,0.698089,0.685739,0.625655,0.4,False
2025-26,martingale,C,27500,0.692176,0.679672,0.618692,0.363636,False
2025-26,martingale,C,30000,0.686859,0.674275,0.612244,0.333333,False
2025-26,martingale,C,32500,0.681687,0.669023,0.606231,0.307692,False
2025-26,martingale,C,35000,0.676901,0.664176,0.600601,0.285714,False
2025-26,martingale,C,37500,0.67205,0.65926,0.595315,0.266667,False
2025-26,martingale,C,40000,0.667551,0.654701,0.590344,0.25,False
2025-26,martingale,C,42500,0.663206,0.650319,0.585646,0.235294,False
2025-26,martingale,C,45000,0.659173,0.646203,0.581195,0.222222,False
2025-26,martingale,C,47500,0.655551,0.642555,0.576958,0.210526,False
2025-26,martingale,C,50000,0.65216,0.639121,0.572907,0.2,False
2025-26,martingale,C,52500,0.648917,0.635833,0.569024,0.190476,False
2025-26,martingale,C,55000,0.6457,0.63255,0.565291,0.181818,False
2025-26,martingale,C,57500,0.642531,0.629344,0.561705,0.173913,False
2025-26,martingale,C,60000,0.63946,0.626215,0.558256,0.166667,False
2025-26,martingale,C,62500,0.636569,0.623278,0.554929,0.16,False
2025-26,martingale,C,65000,0.633811,0.620484,0.551715,0.153846,False
2025-26,martingale,C,67500,0.6311,0.617725,0.548607,0.148148,False
2025-26,martingale,C,70000,0.628509,0.61503,0.545599,0.142857,False
2025-26,martingale,C,72500,0.625948,0.612413,0.542682,0.137931,False
2025-26,martingale,C,75000,0.623464,0.609868,0.53985,0.133333,False
2025-26,martingale,C,77500,0.62088,0.607214,0.537105,0.129032,False
2025-26,martingale,C,80000,0.6183,0.604588,0.534442,0.125,False
2025-26,martingale,C,82500,0.615913,0.602163,0.531858,0.121212,False
2025-26,martingale,C,85000,0.613652,0.599857,0.529344,0.117647,False
2025-26,martingale,C,87500,0.611426,0.597584,0.526897,0.114286,False
2025-26,martingale,C,90000,0.609305,0.595429,0.524511,0.111111,False
2025-26,martingale,C,92500,0.607164,0.593247,0.522183,0.108108,False
2025-26,martingale,C,95000,0.6051,0.591157,0.519912,0.105263,False
2025-26,martingale,C,97500,0.603063,0.589086,0.517695,0.102564,False
2025-26,martingale,C,100000,0.601077,0.587068,0.515531,0.1,False
2025-26,martingale,C,110000,0.593491,0.579381,0.507346,0.0909091,False
2025-26,martingale,C,120000,0.5866,0.572415,0.499817,0.0833333,False
2025-26,martingale,C,130000,0.579846,0.565591,0.492859,0.0769231,False
2025-26,martingale,C,140000,0.573496,0.55916,0.486401,0.0714286,False
2025-26,martingale,C,150000,0.567804,0.553386,0.48038,0.0666667,False
2025-26,martingale,C,160000,0.562064,0.547501,0.474739,0.0625,False
2025-26,martingale,C,170000,0.556648,0.542022,0.469448,0.0588235,False
2025-26,martingale,C,180000,0.551539,0.536816,0.464466,0.0555556,False
2025-26,martingale,C,190000,0.546805,0.532042,0.45976,0.0526316,False
2025-26,martingale,C,200000,0.542325,0.527518,0.455295,0.05,False
2025-26,martingale,C,250000,0.52396,0.508976,0.435771,0.04,False
2025-26,martingale,C,300000,0.509138,0.494076,0.419561,0.0333333,False
2025-26,martingale,C,400000,0.484318,0.469304,0.393604,0.025,False
2025-26,martingale,C,500000,0.464657,0.449682,0.373293,0.02,False
2025-26,martingale,C,1000000,0.401324,0.386591,0.309803,0.01,False
2025-26,history,A,20000,0.196206,0.178778,0.048917,0.5,False
2025-26,history,A,22500,0.149729,0.119252,0.0336105,0.444444,False
2025-26,history,A,25000,0.113919,0.0827729,0.0226173,0.4,False
2025-26,history,A,27500,0.0783135,0.0507094,0.0153479,0.363636,False
2025-26,history,A,30000,0.0584403,0.0350156,0.0105557,0.333333,False
2025-26,history,A,32500,0.0420322,0.0244689,0.00723279,0.307692,False
2025-26,history,A,35000,0.0296065,0.0163173,0.00502212,0.285714,False
2025-26,history,A,37500,0.0212095,0.0101634,0.00360268,0.266667,False
2025-26,history,A,40000,0.0160956,0.0080731,0.00258196,0.25,False
2025-26,history,A,42500,0.0119942,0.00519854,0.00187927,0.235294,False
2025-26,history,A,45000,0.0094436,0.00432911,0.0013526,0.222222,False
2025-26,history,A,47500,0.00714282,0.00344541,0.000988928,0.210526,False
2025-26,history,A,50000,0.00552879,0.00278644,0.000716663,0.2,False
2025-26,history,A,52500,0.00405226,0.00178319,0.000509991,0.190476,True
2025-26,history,A,55000,0.00290984,0.000998829,0.000364926,0.181818,True
2025-26,history,A,57500,0.00209535,0.000777579,0.000266633,0.173913,True
2025-26,history,A,60000,0.00186613,0.000666959,0.00019203,0.166667,True
2025-26,history,A,62500,0.00150555,0.000666959,0.0001335,0.16,True
2025-26,history,A,65000,0.00103619,0.00055634,8.87985e-05,0.153846,True
2025-26,history,A,67500,0.000567267,0.000447074,6.1712e-05,0.148148,True
2025-26,history,A,70000,0.000337232,0.000337232,4.60967e-05,0.142857,True
2025-26,history,A,72500,0.000337232,0.000337232,3.5699e-05,0.137931,True
2025-26,history,A,75000,0.000112208,0.000112208,2.70963e-05,0.133333,True
2025-26,history,A,77500,0.000112208,0.000112208,2.42592e-05,0.129032,True
2025-26,history,A,80000,0.000112208,0.000112208,2.14221e-05,0.125,True
2025-26,history,A,82500,0.000112208,0.000112208,1.85851e-05,0.121212,True
2025-26,history,A,85000,0.000112208,0.000112208,1.5748e-05,0.117647,True
2025-26,history,A,87500,0.000112208,0.000112208,1.29109e-05,0.114286,True
2025-26,history,A,90000,0.000112208,0.000112208,1.00739e-05,0.111111,True
2025-26,history,A,92500,0.000112208,0.000112208,7.2368e-06,0.108108,True
2025-26,history,A,95000,0.000112208,0.000112208,4.39973e-06,0.105263,True
2025-26,history,A,97500,0.000112208,0.000112208,1.56266e-06,0.102564,True
2025-26,history,A,100000,0,0,0,0.1,True
2025-26,history,A,110000,0,0,0,0.0909091,True
2025-26,history,A,120000,0,0,0,0.0833333,True
2025-26,history,A,130000,0,0,0,0.0769231,True
2025-26,history,A,140000,0,0,0,0.0714286,True
2025-26,history,A,150000,0,0,0,0.0666667,True
2025-26,history,A,160000,0,0,0,0.0625,True
2025-26,history,A,170000,0,0,0,0.0588235,True
2025-26,history,A,180000,0,0,0,0.0555556,True
2025-26,history,A,190000,0,0,0,0.0526316,True
2025-26,history,A,200000,0,0,0,0.05,True
2025-26,history,A,250000,0,0,0,0.04,True
2025-26,history,A,300000,0,0,0,0.0333333,True
2025-26,history,A,400000,0,0,0,0.025,True
2025-26,history,A,500000,0,0,0,0.02,True
2025-26,history,A,1000000,0,0,0,0.01,True
2025-26,history,B,20000,0.107962,0.128228,0.0319592,0.5,False
2025-26,history,B,22500,0.0818893,0.099084,0.0241818,0.444444,False
2025-26,history,B,25000,0.0628188,0.0754735,0.0187365,0.4,False
2025-26,history,B,27500,0.0509573,0.0596239,0.0148733,0.363636,False
2025-26,history,B,30000,0.0416875,0.0474314,0.0120762,0.333333,False
2025-26,history,B,32500,0.0352794,0.0386239,0.00984644,0.307692,False
2025-26,history,B,35000,0.0309546,0.0338091,0.00805442,0.285714,False
2025-26,history,B,37500,0.0263699,0.029588,0.0066027,0.266667,False
2025-26,history,B,40000,0.022134,0.0246492,0.00544516,0.25,False
2025-26,history,B,42500,0.0199933,0.0221376,0.00446351,0.235294,False
2025-26,history,B,45000,0.0175821,0.0197103,0.00360829,0.222222,False
2025-26,history,B,47500,0.0158746,0.0162721,0.00288676,0.210526,False
2025-26,history,B,50000,0.0128074,0.0147189,0.0022807,0.2,False
2025-26,history,B,52500,0.0109269,0.0112475,0.00180005,0.190476,False
2025-26,history,B,55000,0.00981765,0.00915752,0.00139556,0.181818,True
2025-26,history,B,57500,0.00799641,0.00730394,0.00105252,0.173913,True
2025-26,history,B,60000,0.00610696,0.00574609,0.000788859,0.166667,True
2025-26,history,B,62500,0.00515771,0.00476886,0.000581162,0.16,True
2025-26,history,B,65000,0.00414979,0.0035104,0.000418028,0.153846,True
2025-26,history,B,67500,0.00315789,0.00334056,0.000299939,0.148148,True
2025-26,history,B,70000,0.00244545,0.00234669,0.000205067,0.142857,True
2025-26,history,B,72500,0.00171052,0.00206059,0.000134097,0.137931,True
2025-26,history,B,75000,0.00110573,0.00189825,9.4595e-05,0.133333,True
2025-26,history,B,77500,0.000784391,0.00132605,6.66258e-05,0.129032,True
2025-26,history,B,80000,0.00049669,0.00119797,4.83477e-05,0.125,True
2025-26,history,B,82500,0.00049669,0.000865799,3.4337e-05,0.121212,True
2025-26,history,B,85000,0.000328679,0.000742037,2.42469e-05,0.117647,True
2025-26,history,B,87500,0.000328679,0.000332175,1.5293e-05,0.114286,True
2025-26,history,B,90000,0.000168011,0.000332175,9.13577e-06,0.111111,True
2025-26,history,B,92500,0.000168011,0.000332175,4.72257e-06,0.108108,True
2025-26,history,B,95000,0.000168011,0.000332175,3.09378e-07,0.105263,True
2025-26,history,B,97500,0,0.000332175,0,0.102564,True
2025-26,history,B,100000,0,0.000332175,0,0.1,True
2025-26,history,B,110000,0,0.000332175,0,0.0909091,True
2025-26,history,B,120000,0,0.000169837,0,0.0833333,True
2025-26,history,B,130000,0,0,0,0.0769231,True
2025-26,history,B,140000,0,0,0,0.0714286,True
2025-26,history,B,150000,0,0,0,0.0666667,True
2025-26,history,B,160000,0,0,0,0.0625,True
2025-26,history,B,170000,0,0,0,0.0588235,True
2025-26,history,B,180000,0,0,0,0.0555556,True
2025-26,history,B,190000,0,0,0,0.0526316,True
2025-26,history,B,200000,0,0,0,0.05,True
2025-26,history,B,250000,0,0,0,0.04,True
2025-26,history,B,300000,0,0,0,0.0333333,True
2025-26,history,B,400000,0,0,0,0.025,True
2025-26,history,B,500000,0,0,0,0.02,True
2025-26,history,B,1000000,0,0,0,0.01,True
2025-26,history,C,20000,nan,nan,nan,0.5,False
2025-26,history,C,22500,nan,nan,nan,0.444444,False
2025-26,history,C,25000,nan,nan,nan,0.4,False
2025-26,history,C,27500,nan,nan,nan,0.363636,False
2025-26,history,C,30000,nan,nan,nan,0.333333,False
2025-26,history,C,32500,nan,nan,nan,0.307692,False
2025-26,history,C,35000,nan,nan,nan,0.285714,False
2025-26,history,C,37500,nan,nan,nan,0.266667,False
2025-26,history,C,40000,nan,nan,nan,0.25,False
2025-26,history,C,42500,nan,nan,nan,0.235294,False
2025-26,history,C,45000,nan,nan,nan,0.222222,False
2025-26,history,C,47500,nan,nan,nan,0.210526,False
2025-26,history,C,50000,nan,nan,nan,0.2,False
2025-26,history,C,52500,nan,nan,nan,0.190476,False
2025-26,history,C,55000,nan,nan,nan,0.181818,False
2025-26,history,C,57500,nan,nan,nan,0.173913,False
2025-26,history,C,60000,nan,nan,nan,0.166667,False
2025-26,history,C,62500,nan,nan,nan,0.16,False
2025-26,history,C,65000,nan,nan,nan,0.153846,False
2025-26,history,C,67500,nan,nan,nan,0.148148,False
2025-26,history,C,70000,nan,nan,nan,0.142857,False
2025-26,history,C,72500,nan,nan,nan,0.137931,False
2025-26,history,C,75000,nan,nan,nan,0.133333,False
2025-26,history,C,77500,nan,nan,nan,0.129032,False
2025-26,history,C,80000,nan,nan,nan,0.125,False
2025-26,history,C,82500,nan,nan,nan,0.121212,False
2025-26,history,C,85000,nan,nan,nan,0.117647,False
2025-26,history,C,87500,nan,nan,nan,0.114286,False
2025-26,history,C,90000,nan,nan,nan,0.111111,False
2025-26,history,C,92500,nan,nan,nan,0.108108,False
2025-26,history,C,95000,nan,nan,nan,0.105263,False
2025-26,history,C,97500,nan,nan,nan,0.102564,False
2025-26,history,C,100000,nan,nan,nan,0.1,False
2025-26,history,C,110000,nan,nan,nan,0.0909091,False
2025-26,history,C,120000,nan,nan,nan,0.0833333,False
2025-26,history,C,130000,nan,nan,nan,0.0769231,False
2025-26,history,C,140000,nan,nan,nan,0.0714286,False
2025-26,history,C,150000,nan,nan,nan,0.0666667,False
2025-26,history,C,160000,nan,nan,nan,0.0625,False
2025-26,history,C,170000,nan,nan,nan,0.0588235,False
2025-26,history,C,180000,nan,nan,nan,0.0555556,False
2025-26,history,C,190000,nan,nan,nan,0.0526316,False
2025-26,history,C,200000,nan,nan,nan,0.05,False
2025-26,history,C,250000,nan,nan,nan,0.04,False
2025-26,history,C,300000,nan,nan,nan,0.0333333,False
2025-26,history,C,400000,nan,nan,nan,0.025,False
2025-26,history,C,500000,nan,nan,nan,0.02,False
2025-26,history,C,1000000,nan,nan,nan,0.01,False
ex-launch,bootstrap-30d,A,20000,0.161062,0.108223,0.0448606,0.5,False
ex-launch,bootstrap-30d,A,22500,0.122995,0.0753703,0.0327397,0.444444,False
ex-launch,bootstrap-30d,A,25000,0.0949532,0.0534539,0.0242916,0.4,False
ex-launch,bootstrap-30d,A,27500,0.0740225,0.0384688,0.0182866,0.363636,False
ex-launch,bootstrap-30d,A,30000,0.0581294,0.0279974,0.0139558,0.333333,False
ex-launch,bootstrap-30d,A,32500,0.0460877,0.020674,0.0107858,0.307692,False
ex-launch,bootstrap-30d,A,35000,0.0369173,0.015489,0.00843011,0.285714,False
ex-launch,bootstrap-30d,A,37500,0.0298825,0.0117387,0.00665128,0.266667,False
ex-launch,bootstrap-30d,A,40000,0.0243323,0.00897151,0.0052903,0.25,False
ex-launch,bootstrap-30d,A,42500,0.0199039,0.00689237,0.00424126,0.235294,False
ex-launch,bootstrap-30d,A,45000,0.0163555,0.00532905,0.00342618,0.222222,False
ex-launch,bootstrap-30d,A,47500,0.0134932,0.00413624,0.00278865,0.210526,False
ex-launch,bootstrap-30d,A,50000,0.0111967,0.00324413,0.00228658,0.2,False
ex-launch,bootstrap-30d,A,52500,0.00933942,0.00256083,0.00188784,0.190476,False
ex-launch,bootstrap-30d,A,55000,0.00783456,0.00203596,0.00156952,0.181818,False
ex-launch,bootstrap-30d,A,57500,0.00659989,0.00163507,0.00131345,0.173913,False
ex-launch,bootstrap-30d,A,60000,0.00559183,0.00132391,0.00110577,0.166667,False
ex-launch,bootstrap-30d,A,62500,0.00477329,0.00108075,0.000936066,0.16,True
ex-launch,bootstrap-30d,A,65000,0.00410489,0.0008961,0.000796192,0.153846,True
ex-launch,bootstrap-30d,A,67500,0.00353042,0.000739176,0.000680292,0.148148,True
ex-launch,bootstrap-30d,A,70000,0.00306188,0.000623168,0.000583474,0.142857,True
ex-launch,bootstrap-30d,A,72500,0.00266598,0.000524581,0.000502137,0.137931,True
ex-launch,bootstrap-30d,A,75000,0.00232535,0.000444967,0.000433499,0.133333,True
ex-launch,bootstrap-30d,A,77500,0.00202997,0.000378988,0.000375479,0.129032,True
ex-launch,bootstrap-30d,A,80000,0.00177693,0.000324714,0.000326327,0.125,True
ex-launch,bootstrap-30d,A,82500,0.00154215,0.000277161,0.000284731,0.121212,True
ex-launch,bootstrap-30d,A,85000,0.00134969,0.000239316,0.000249632,0.117647,True
ex-launch,bootstrap-30d,A,87500,0.00118569,0.000208898,0.000219694,0.114286,True
ex-launch,bootstrap-30d,A,90000,0.00103858,0.000179663,0.000194237,0.111111,True
ex-launch,bootstrap-30d,A,92500,0.000922481,0.000158353,0.000172425,0.108108,True
ex-launch,bootstrap-30d,A,95000,0.000815969,0.000139922,0.000153614,0.105263,True
ex-launch,bootstrap-30d,A,97500,0.000720698,0.000123473,0.000137468,0.102564,True
ex-launch,bootstrap-30d,A,100000,0.000640252,0.00011,0.000123559,0.1,True
ex-launch,bootstrap-30d,A,110000,0.000424031,6.97052e-05,8.335e-05,0.0909091,True
ex-launch,bootstrap-30d,A,120000,0.000295744,4.59371e-05,5.85102e-05,0.0833333,True
ex-launch,bootstrap-30d,A,130000,0.000215362,3.18841e-05,4.21259e-05,0.0769231,True
ex-launch,bootstrap-30d,A,140000,0.000152237,2.12969e-05,3.13538e-05,0.0714286,True
ex-launch,bootstrap-30d,A,150000,0.000113505,1.50639e-05,2.41348e-05,0.0666667,True
ex-launch,bootstrap-30d,A,160000,8.56001e-05,1.1895e-05,1.914e-05,0.0625,True
ex-launch,bootstrap-30d,A,170000,6.66427e-05,9.11489e-06,1.55896e-05,0.0588235,True
ex-launch,bootstrap-30d,A,180000,5.65084e-05,7.23264e-06,1.28843e-05,0.0555556,True
ex-launch,bootstrap-30d,A,190000,4.93955e-05,5.54903e-06,1.06512e-05,0.0526316,True
ex-launch,bootstrap-30d,A,200000,4.26823e-05,4.16286e-06,8.80564e-06,0.05,True
ex-launch,bootstrap-30d,A,250000,1.84031e-05,6.9267e-07,3.52312e-06,0.04,True
ex-launch,bootstrap-30d,A,300000,9.36971e-06,9.88571e-08,1.64078e-06,0.0333333,True
ex-launch,bootstrap-30d,A,400000,3.12842e-06,0,3.22573e-07,0.025,True
ex-launch,bootstrap-30d,A,500000,5.05038e-07,0,5.49546e-08,0.02,True
ex-launch,bootstrap-30d,A,1000000,0,0,0,0.01,True
ex-launch,bootstrap-30d,B,20000,0.292566,0.275388,0.132622,0.5,False
ex-launch,bootstrap-30d,B,22500,0.259633,0.241086,0.114664,0.444444,False
ex-launch,bootstrap-30d,B,25000,0.231848,0.212671,0.100086,0.4,False
ex-launch,bootstrap-30d,B,27500,0.208232,0.188701,0.0880788,0.363636,False
ex-launch,bootstrap-30d,B,30000,0.187898,0.168376,0.0780762,0.333333,False
ex-launch,bootstrap-30d,B,32500,0.170369,0.151145,0.0696506,0.307692,False
ex-launch,bootstrap-30d,B,35000,0.155136,0.136375,0.0624871,0.285714,False
ex-launch,bootstrap-30d,B,37500,0.14177,0.123545,0.0563471,0.266667,False
ex-launch,bootstrap-30d,B,40000,0.130077,0.11242,0.0510418,0.25,False
ex-launch,bootstrap-30d,B,42500,0.11974,0.102721,0.0464244,0.235294,False
ex-launch,bootstrap-30d,B,45000,0.110557,0.0941508,0.0423813,0.222222,False
ex-launch,bootstrap-30d,B,47500,0.102328,0.0865169,0.038822,0.210526,False
ex-launch,bootstrap-30d,B,50000,0.0949808,0.0798022,0.035673,0.2,False
ex-launch,bootstrap-30d,B,52500,0.0883303,0.0737835,0.0328734,0.190476,False
ex-launch,bootstrap-30d,B,55000,0.08232,0.0683445,0.0303761,0.181818,False
ex-launch,bootstrap-30d,B,57500,0.0768434,0.0635081,0.0281401,0.173913,False
ex-launch,bootstrap-30d,B,60000,0.0718962,0.0590815,0.0261299,0.166667,False
ex-launch,bootstrap-30d,B,62500,0.0673883,0.0551109,0.0243165,0.16,False
ex-launch,bootstrap-30d,B,65000,0.063287,0.0514938,0.0226757,0.153846,False
ex-launch,bootstrap-30d,B,67500,0.0594904,0.0481976,0.0211867,0.148148,False
ex-launch,bootstrap-30d,B,70000,0.0560661,0.0451941,0.0198315,0.142857,False
ex-launch,bootstrap-30d,B,72500,0.05288,0.0424433,0.0185946,0.137931,False
ex-launch,bootstrap-30d,B,75000,0.0499293,0.0399174,0.0174632,0.133333,False
ex-launch,bootstrap-30d,B,77500,0.0472032,0.0375887,0.0164264,0.129032,False
ex-launch,bootstrap-30d,B,80000,0.0447144,0.0354514,0.015474,0.125,False
ex-launch,bootstrap-30d,B,82500,0.0424047,0.0334783,0.0145964,0.121212,False
ex-launch,bootstrap-30d,B,85000,0.0402364,0.0316612,0.0137867,0.117647,False
ex-launch,bootstrap-30d,B,87500,0.0382378,0.0299934,0.0130384,0.114286,False
ex-launch,bootstrap-30d,B,90000,0.0363341,0.0284306,0.0123458,0.111111,False
ex-launch,bootstrap-30d,B,92500,0.0345899,0.0269852,0.0117037,0.108108,False
ex-launch,bootstrap-30d,B,95000,0.0329659,0.0256435,0.0111071,0.105263,False
ex-launch,bootstrap-30d,B,97500,0.031464,0.0243557,0.0105516,0.102564,False
ex-launch,bootstrap-30d,B,100000,0.0300398,0.0231944,0.0100336,0.1,False
ex-launch,bootstrap-30d,B,110000,0.0252184,0.0192239,0.00827661,0.0909091,False
ex-launch,bootstrap-30d,B,120000,0.0213795,0.0160967,0.00691159,0.0833333,False
ex-launch,bootstrap-30d,B,130000,0.0183205,0.013645,0.0058342,0.0769231,False
ex-launch,bootstrap-30d,B,140000,0.0158522,0.0116595,0.00496908,0.0714286,False
ex-launch,bootstrap-30d,B,150000,0.013816,0.0100092,0.00426502,0.0666667,False
ex-launch,bootstrap-30d,B,160000,0.0120975,0.00866112,0.0036862,0.0625,False
ex-launch,bootstrap-30d,B,170000,0.0106595,0.00756225,0.00320568,0.0588235,False
ex-launch,bootstrap-30d,B,180000,0.00943899,0.0066149,0.00280346,0.0555556,True
ex-launch,bootstrap-30d,B,190000,0.00839378,0.00582979,0.00246403,0.0526316,True
ex-launch,bootstrap-30d,B,200000,0.00750673,0.00515615,0.00217535,0.05,True
ex-launch,bootstrap-30d,B,250000,0.00445489,0.00294867,0.00123443,0.04,True
ex-launch,bootstrap-30d,B,300000,0.00280844,0.00177794,0.000761348,0.0333333,True
ex-launch,bootstrap-30d,B,400000,0.00132049,0.000780106,0.000345297,0.025,True
ex-launch,bootstrap-30d,B,500000,0.000723636,0.000410887,0.000180491,0.02,True
ex-launch,bootstrap-30d,B,1000000,8.84815e-05,5.1337e-05,1.40714e-05,0.01,True
ex-launch,bootstrap-30d,C,20000,0.410104,0.407749,0.28774,0.5,False
ex-launch,bootstrap-30d,C,22500,0.3927,0.390398,0.273517,0.444444,False
ex-launch,bootstrap-30d,C,25000,0.37754,0.375107,0.261104,0.4,False
ex-launch,bootstrap-30d,C,27500,0.363924,0.36144,0.250134,0.363636,False
ex-launch,bootstrap-30d,C,30000,0.351623,0.349011,0.240342,0.333333,False
ex-launch,bootstrap-30d,C,32500,0.340458,0.337658,0.231526,0.307692,False
ex-launch,bootstrap-30d,C,35000,0.330283,0.32724,0.223533,0.285714,False
ex-launch,bootstrap-30d,C,37500,0.320826,0.317649,0.216242,0.266667,False
ex-launch,bootstrap-30d,C,40000,0.312128,0.308778,0.209556,0.25,False
ex-launch,bootstrap-30d,C,42500,0.304121,0.300484,0.203394,0.235294,False
ex-launch,bootstrap-30d,C,45000,0.296617,0.292726,0.197688,0.222222,False
ex-launch,bootstrap-30d,C,47500,0.289621,0.285571,0.192385,0.210526,False
ex-launch,bootstrap-30d,C,50000,0.283042,0.278827,0.187439,0.2,False
ex-launch,bootstrap-30d,C,52500,0.276814,0.27251,0.182814,0.190476,False
ex-launch,bootstrap-30d,C,55000,0.270917,0.266614,0.178477,0.181818,False
ex-launch,bootstrap-30d,C,57500,0.265289,0.261014,0.174402,0.173913,False
ex-launch,bootstrap-30d,C,60000,0.260017,0.255763,0.170563,0.166667,False
ex-launch,bootstrap-30d,C,62500,0.255058,0.250791,0.16694,0.16,False
ex-launch,bootstrap-30d,C,65000,0.250277,0.245996,0.16351,0.153846,False
ex-launch,bootstrap-30d,C,67500,0.245788,0.24151,0.160259,0.148148,False
ex-launch,bootstrap-30d,C,70000,0.241467,0.237216,0.157171,0.142857,False
ex-launch,bootstrap-30d,C,72500,0.237382,0.233066,0.154233,0.137931,False
ex-launch,bootstrap-30d,C,75000,0.233423,0.229131,0.151434,0.133333,False
ex-launch,bootstrap-30d,C,77500,0.229608,0.225347,0.148764,0.129032,False
ex-launch,bootstrap-30d,C,80000,0.225967,0.221756,0.146215,0.125,False
ex-launch,bootstrap-30d,C,82500,0.222505,0.218265,0.143776,0.121212,False
ex-launch,bootstrap-30d,C,85000,0.219096,0.21493,0.141442,0.117647,False
ex-launch,bootstrap-30d,C,87500,0.215829,0.211749,0.139206,0.114286,False
ex-launch,bootstrap-30d,C,90000,0.21276,0.208704,0.137061,0.111111,False
ex-launch,bootstrap-30d,C,92500,0.209823,0.205774,0.134999,0.108108,False
ex-launch,bootstrap-30d,C,95000,0.206997,0.202989,0.133015,0.105263,False
ex-launch,bootstrap-30d,C,97500,0.204228,0.200257,0.131105,0.102564,False
ex-launch,bootstrap-30d,C,100000,0.201639,0.197675,0.129263,0.1,False
ex-launch,bootstrap-30d,C,110000,0.192035,0.188072,0.122501,0.0909091,False
ex-launch,bootstrap-30d,C,120000,0.183611,0.179728,0.11656,0.0833333,False
ex-launch,bootstrap-30d,C,130000,0.176238,0.172229,0.111276,0.0769231,False
ex-launch,bootstrap-30d,C,140000,0.169457,0.165411,0.106539,0.0714286,False
ex-launch,bootstrap-30d,C,150000,0.163365,0.159107,0.102261,0.0666667,False
ex-launch,bootstrap-30d,C,160000,0.157706,0.153377,0.0983743,0.0625,False
ex-launch,bootstrap-30d,C,170000,0.15246,0.148201,0.0948277,0.0588235,False
ex-launch,bootstrap-30d,C,180000,0.147623,0.143339,0.0915786,0.0555556,False
ex-launch,bootstrap-30d,C,190000,0.143138,0.138934,0.0885887,0.0526316,False
ex-launch,bootstrap-30d,C,200000,0.139004,0.134858,0.085826,0.05,False
ex-launch,bootstrap-30d,C,250000,0.122002,0.118262,0.0746046,0.04,False
ex-launch,bootstrap-30d,C,300000,0.109337,0.105852,0.0663779,0.0333333,False
ex-launch,bootstrap-30d,C,400000,0.0919777,0.0889448,0.0548782,0.025,False
ex-launch,bootstrap-30d,C,500000,0.0800946,0.0773806,0.0470655,0.02,False
ex-launch,bootstrap-30d,C,1000000,0.0506404,0.0486392,0.0279315,0.01,False
ex-launch,bootstrap-365d,A,20000,0.138345,0.0990653,0.0339859,0.5,False
ex-launch,bootstrap-365d,A,22500,0.101168,0.0656533,0.0233104,0.444444,False
ex-launch,bootstrap-365d,A,25000,0.0747196,0.0443641,0.0161516,0.4,False
ex-launch,bootstrap-365d,A,27500,0.0553103,0.0302726,0.0112859,0.363636,False
ex-launch,bootstrap-365d,A,30000,0.0413629,0.0211402,0.00793527,0.333333,False
ex-launch,bootstrap-365d,A,32500,0.0310916,0.0151839,0.00558505,0.307692,False
ex-launch,bootstrap-365d,A,35000,0.023149,0.0110976,0.00393425,0.285714,False
ex-launch,bootstrap-365d,A,37500,0.0171226,0.00816857,0.00278225,0.266667,False
ex-launch,bootstrap-365d,A,40000,0.0126946,0.00608072,0.00197775,0.25,False
ex-launch,bootstrap-365d,A,42500,0.00946048,0.00449647,0.00141208,0.235294,False
ex-launch,bootstrap-365d,A,45000,0.00709236,0.00330104,0.00101074,0.222222,False
ex-launch,bootstrap-365d,A,47500,0.00528444,0.00239182,0.00072425,0.210526,False
ex-launch,bootstrap-365d,A,50000,0.00391181,0.00172007,0.000521058,0.2,True
ex-launch,bootstrap-365d,A,52500,0.00286306,0.001198,0.000378626,0.190476,True
ex-launch,bootstrap-365d,A,55000,0.00208195,0.000802884,0.000279527,0.181818,True
ex-launch,bootstrap-365d,A,57500,0.00152968,0.000522328,0.000210999,0.173913,True
ex-launch,bootstrap-365d,A,60000,0.00115472,0.000348504,0.000162326,0.166667,True
ex-launch,bootstrap-365d,A,62500,0.000900218,0.000252429,0.000126494,0.16,True
ex-launch,bootstrap-365d,A,65000,0.000707625,0.000192084,9.9553e-05,0.153846,True
ex-launch,bootstrap-365d,A,67500,0.000561781,0.000154934,7.905e-05,0.148148,True
ex-launch,bootstrap-365d,A,70000,0.000444212,0.000126826,6.3481e-05,0.142857,True
ex-launch,bootstrap-365d,A,72500,0.000348374,9.85178e-05,5.1653e-05,0.137931,True
ex-launch,bootstrap-365d,A,75000,0.000282804,7.74115e-05,4.25974e-05,0.133333,True
ex-launch,bootstrap-365d,A,77500,0.000228376,5.83736e-05,3.55197e-05,0.129032,True
ex-launch,bootstrap-365d,A,80000,0.000190929,4.54659e-05,2.99351e-05,0.125,True
ex-launch,bootstrap-365d,A,82500,0.000162759,3.9707e-05,2.53637e-05,0.121212,True
ex-launch,bootstrap-365d,A,85000,0.000139406,3.46447e-05,2.15633e-05,0.117647,True
ex-launch,bootstrap-365d,A,87500,0.000120857,3.05734e-05,1.83752e-05,0.114286,True
ex-launch,bootstrap-365d,A,90000,0.000106314,2.75955e-05,1.56523e-05,0.111111,True
ex-launch,bootstrap-365d,A,92500,9.40758e-05,2.54122e-05,1.32959e-05,0.108108,True
ex-launch,bootstrap-365d,A,95000,8.20423e-05,2.34269e-05,1.1293e-05,0.105263,True
ex-launch,bootstrap-365d,A,97500,7.25314e-05,2.05487e-05,9.56236e-06,0.102564,True
ex-launch,bootstrap-365d,A,100000,6.18186e-05,1.65784e-05,8.08683e-06,0.1,True
ex-launch,bootstrap-365d,A,110000,3.39148e-05,5.16542e-06,4.21606e-06,0.0909091,True
ex-launch,bootstrap-365d,A,120000,2.02808e-05,1.78978e-06,2.1682e-06,0.0833333,True
ex-launch,bootstrap-365d,A,130000,1.18449e-05,9.94903e-07,1.02723e-06,0.0769231,True
ex-launch,bootstrap-365d,A,140000,6.32177e-06,4.97522e-07,4.37395e-07,0.0714286,True
ex-launch,bootstrap-365d,A,150000,2.91038e-06,1.98971e-07,1.36048e-07,0.0666667,True
ex-launch,bootstrap-365d,A,160000,7.02222e-07,9.93905e-08,4.9414e-08,0.0625,True
ex-launch,bootstrap-365d,A,170000,3.01764e-07,0,2.27192e-08,0.0588235,True
ex-launch,bootstrap-365d,A,180000,2.01801e-07,0,1.17883e-08,0.0555556,True
ex-launch,bootstrap-365d,A,190000,1.00998e-07,0,4.03278e-09,0.0526316,True
ex-launch,bootstrap-365d,A,200000,0,0,0,0.05,True
ex-launch,bootstrap-365d,A,250000,0,0,0,0.04,True
ex-launch,bootstrap-365d,A,300000,0,0,0,0.0333333,True
ex-launch,bootstrap-365d,A,400000,0,0,0,0.025,True
ex-launch,bootstrap-365d,A,500000,0,0,0,0.02,True
ex-launch,bootstrap-365d,A,1000000,0,0,0,0.01,True
ex-launch,bootstrap-365d,B,20000,0.214366,0.2031,0.0782508,0.5,False
ex-launch,bootstrap-365d,B,22500,0.178339,0.166789,0.0635088,0.444444,False
ex-launch,bootstrap-365d,B,25000,0.15096,0.139332,0.0522844,0.4,False
ex-launch,bootstrap-365d,B,27500,0.128986,0.11745,0.0435183,0.363636,False
ex-launch,bootstrap-365d,B,30000,0.111067,0.0999796,0.0365697,0.333333,False
ex-launch,bootstrap-365d,B,32500,0.0966225,0.0859406,0.0309671,0.307692,False
ex-launch,bootstrap-365d,B,35000,0.0845005,0.0742334,0.0263852,0.285714,False
ex-launch,bootstrap-365d,B,37500,0.0741898,0.0644902,0.0226033,0.266667,False
ex-launch,bootstrap-365d,B,40000,0.0653689,0.0563825,0.0194592,0.25,False
ex-launch,bootstrap-365d,B,42500,0.057697,0.0496217,0.0168308,0.235294,False
ex-launch,bootstrap-365d,B,45000,0.051129,0.0438338,0.0146218,0.222222,False
ex-launch,bootstrap-365d,B,47500,0.0455595,0.0387874,0.0127498,0.210526,False
ex-launch,bootstrap-365d,B,50000,0.0407233,0.0344266,0.0111513,0.2,False
ex-launch,bootstrap-365d,B,52500,0.0364971,0.0306028,0.00977931,0.190476,False
ex-launch,bootstrap-365d,B,55000,0.0327911,0.0272669,0.00859578,0.181818,False
ex-launch,bootstrap-365d,B,57500,0.0294273,0.0242885,0.00757191,0.173913,False
ex-launch,bootstrap-365d,B,60000,0.026448,0.0216361,0.00668647,0.166667,False
ex-launch,bootstrap-365d,B,62500,0.0237997,0.0193293,0.00591842,0.16,False
ex-launch,bootstrap-365d,B,65000,0.0214235,0.0173044,0.00525063,0.153846,False
ex-launch,bootstrap-365d,B,67500,0.0192898,0.0155299,0.00466982,0.148148,False
ex-launch,bootstrap-365d,B,70000,0.0173494,0.0139498,0.0041645,0.142857,False
ex-launch,bootstrap-365d,B,72500,0.0156194,0.0125611,0.00372463,0.137931,False
ex-launch,bootstrap-365d,B,75000,0.014074,0.0113312,0.00334139,0.133333,False
ex-launch,bootstrap-365d,B,77500,0.0127163,0.0102322,0.00300662,0.129032,False
ex-launch,bootstrap-365d,B,80000,0.0115309,0.00924396,0.00271263,0.125,False
ex-launch,bootstrap-365d,B,82500,0.0104779,0.00836515,0.0024537,0.121212,False
ex-launch,bootstrap-365d,B,85000,0.0095582,0.00759963,0.00222475,0.117647,True
ex-launch,bootstrap-365d,B,87500,0.00872727,0.00692625,0.00202129,0.114286,True
ex-launch,bootstrap-365d,B,90000,0.00800359,0.00630139,0.00184018,0.111111,True
ex-launch,bootstrap-365d,B,92500,0.00733715,0.00574698,0.00167824,0.108108,True
ex-launch,bootstrap-365d,B,95000,0.00674557,0.00525222,0.0015334,0.105263,True
ex-launch,bootstrap-365d,B,97500,0.00620393,0.00480256,0.00140353,0.102564,True
ex-launch,bootstrap-365d,B,100000,0.00570923,0.00439492,0.00128678,0.1,True
ex-launch,bootstrap-365d,B,110000,0.00414361,0.0031309,0.000926276,0.0909091,True
ex-launch,bootstrap-365d,B,120000,0.00310945,0.0023183,0.000682318,0.0833333,True
ex-launch,bootstrap-365d,B,130000,0.00237306,0.00173873,0.000511468,0.0769231,True
ex-launch,bootstrap-365d,B,140000,0.00184007,0.00132142,0.000389062,0.0714286,True
ex-launch,bootstrap-365d,B,150000,0.00144601,0.00101129,0.000299834,0.0666667,True
ex-launch,bootstrap-365d,B,160000,0.00115203,0.000783315,0.000233625,0.0625,True
ex-launch,bootstrap-365d,B,170000,0.000928084,0.000606326,0.000183352,0.0588235,True
ex-launch,bootstrap-365d,B,180000,0.000751998,0.000478129,0.000144696,0.0555556,True
ex-launch,bootstrap-365d,B,190000,0.000603557,0.000386157,0.000115229,0.0526316,True
ex-launch,bootstrap-365d,B,200000,0.000493382,0.000312389,9.25358e-05,0.05,True
ex-launch,bootstrap-365d,B,250000,0.000203471,0.000116778,3.29985e-05,0.04,True
ex-launch,bootstrap-365d,B,300000,8.85971e-05,4.63082e-05,1.13005e-05,0.0333333,True
ex-launch,bootstrap-365d,B,400000,1.09863e-05,6.34765e-06,9.59926e-07,0.025,True
ex-launch,bootstrap-365d,B,500000,1.02603e-06,7.95761e-07,7.1431e-08,0.02,True
ex-launch,bootstrap-365d,B,1000000,0,0,0,0.01,True
ex-launch,bootstrap-365d,C,20000,0.325406,0.323117,0.186727,0.5,False
ex-launch,bootstrap-365d,C,22500,0.301475,0.298703,0.17087,0.444444,False
ex-launch,bootstrap-365d,C,25000,0.280947,0.277976,0.157491,0.4,False
ex-launch,bootstrap-365d,C,27500,0.263125,0.260107,0.146027,0.363636,False
ex-launch,bootstrap-365d,C,30000,0.247453,0.244563,0.136087,0.333333,False
ex-launch,bootstrap-365d,C,32500,0.233575,0.230689,0.127382,0.307692,False
ex-launch,bootstrap-365d,C,35000,0.22114,0.218238,0.119688,0.285714,False
ex-launch,bootstrap-365d,C,37500,0.210033,0.207046,0.112836,0.266667,False
ex-launch,bootstrap-365d,C,40000,0.20002,0.196924,0.106688,0.25,False
ex-launch,bootstrap-365d,C,42500,0.191027,0.187729,0.101135,0.235294,False
ex-launch,bootstrap-365d,C,45000,0.182745,0.179287,0.0960899,0.222222,False
ex-launch,bootstrap-365d,C,47500,0.175123,0.171671,0.0914861,0.210526,False
ex-launch,bootstrap-365d,C,50000,0.167991,0.164658,0.0872704,0.2,False
ex-launch,bootstrap-365d,C,52500,0.161379,0.158148,0.0833983,0.190476,False
ex-launch,bootstrap-365d,C,55000,0.15529,0.15198,0.0798297,0.181818,False
ex-launch,bootstrap-365d,C,57500,0.1496,0.146241,0.0765294,0.173913,False
ex-launch,bootstrap-365d,C,60000,0.144287,0.140891,0.0734676,0.166667,False
ex-launch,bootstrap-365d,C,62500,0.139318,0.135845,0.0706198,0.16,False
ex-launch,bootstrap-365d,C,65000,0.134646,0.131182,0.0679654,0.153846,False
ex-launch,bootstrap-365d,C,67500,0.130229,0.126783,0.0654857,0.148148,False
ex-launch,bootstrap-365d,C,70000,0.126106,0.122669,0.0631643,0.142857,False
ex-launch,bootstrap-365d,C,72500,0.122192,0.118741,0.0609865,0.137931,False
ex-launch,bootstrap-365d,C,75000,0.118534,0.115027,0.0589388,0.133333,False
ex-launch,bootstrap-365d,C,77500,0.115095,0.111521,0.0570096,0.129032,False
ex-launch,bootstrap-365d,C,80000,0.111774,0.108168,0.0551897,0.125,False
ex-launch,bootstrap-365d,C,82500,0.108662,0.105036,0.0534696,0.121212,False
ex-launch,bootstrap-365d,C,85000,0.105648,0.102111,0.0518425,0.117647,False
ex-launch,bootstrap-365d,C,87500,0.102785,0.0992429,0.0503017,0.114286,False
ex-launch,bootstrap-365d,C,90000,0.100032,0.0965721,0.0488413,0.111111,False
ex-launch,bootstrap-365d,C,92500,0.0974403,0.0940907,0.047455,0.108108,False
ex-launch,bootstrap-365d,C,95000,0.0949407,0.0916807,0.0461378,0.105263,False
ex-launch,bootstrap-365d,C,97500,0.0925148,0.089409,0.0448855,0.102564,False
ex-launch,bootstrap-365d,C,100000,0.0902475,0.0872223,0.0436931,0.1,False
ex-launch,bootstrap-365d,C,110000,0.0821287,0.0793261,0.039443,0.0909091,False
ex-launch,bootstrap-365d,C,120000,0.0751925,0.0727175,0.0358758,0.0833333,False
ex-launch,bootstrap-365d,C,130000,0.0693524,0.0670467,0.032842,0.0769231,False
ex-launch,bootstrap-365d,C,140000,0.0642286,0.0620968,0.0302303,0.0714286,False
ex-launch,bootstrap-365d,C,150000,0.0598142,0.0576993,0.0279586,0.0666667,False
ex-launch,bootstrap-365d,C,160000,0.0559149,0.0537784,0.0259643,0.0625,False
ex-launch,bootstrap-365d,C,170000,0.0524505,0.050364,0.0241993,0.0588235,False
ex-launch,bootstrap-365d,C,180000,0.0493199,0.0472659,0.0226289,0.0555556,False
ex-launch,bootstrap-365d,C,190000,0.0464942,0.0445523,0.0212246,0.0526316,False
ex-launch,bootstrap-365d,C,200000,0.0439226,0.0420701,0.0199617,0.05,False
ex-launch,bootstrap-365d,C,250000,0.0341078,0.0325931,0.0151961,0.04,False
ex-launch,bootstrap-365d,C,300000,0.0275393,0.0263184,0.0120708,0.0333333,False
ex-launch,bootstrap-365d,C,400000,0.0194705,0.0183529,0.00826336,0.025,True
ex-launch,bootstrap-365d,C,500000,0.0146053,0.0135749,0.00606361,0.02,True
ex-launch,bootstrap-365d,C,1000000,0.00532316,0.00499688,0.00230724,0.01,True
ex-launch,regime,A,20000,0.238411,0.191874,0.103063,0.5,False
ex-launch,regime,A,22500,0.208459,0.160189,0.0879998,0.444444,False
ex-launch,regime,A,25000,0.183642,0.1352,0.075985,0.4,False
ex-launch,regime,A,27500,0.162964,0.11529,0.0662464,0.363636,False
ex-launch,regime,A,30000,0.145559,0.0992266,0.0582462,0.333333,False
ex-launch,regime,A,32500,0.130925,0.0861737,0.0515794,0.307692,False
ex-launch,regime,A,35000,0.118293,0.0753253,0.0459612,0.285714,False
ex-launch,regime,A,37500,0.107381,0.0662187,0.0411858,0.266667,False
ex-launch,regime,A,40000,0.097837,0.0585607,0.0370919,0.25,False
ex-launch,regime,A,42500,0.0894805,0.052077,0.0335562,0.235294,False
ex-launch,regime,A,45000,0.082075,0.0464892,0.0304838,0.222222,False
ex-launch,regime,A,47500,0.0754556,0.0416984,0.0278004,0.210526,False
ex-launch,regime,A,50000,0.0696073,0.0375307,0.0254464,0.2,False
ex-launch,regime,A,52500,0.0643694,0.0339498,0.0233696,0.190476,False
ex-launch,regime,A,55000,0.0597178,0.030803,0.0215272,0.181818,False
ex-launch,regime,A,57500,0.0555537,0.0280417,0.0198864,0.173913,False
ex-launch,regime,A,60000,0.051833,0.0256418,0.0184161,0.166667,False
ex-launch,regime,A,62500,0.0483951,0.0234731,0.0170955,0.16,False
ex-launch,regime,A,65000,0.0452715,0.0215441,0.0159058,0.153846,False
ex-launch,regime,A,67500,0.0424093,0.0198335,0.0148315,0.148148,False
ex-launch,regime,A,70000,0.0397953,0.0182788,0.0138586,0.142857,False
ex-launch,regime,A,72500,0.0374298,0.0169055,0.0129745,0.137931,False
ex-launch,regime,A,75000,0.0352791,0.0156733,0.012168,0.133333,False
ex-launch,regime,A,77500,0.0333078,0.0145716,0.0114305,0.129032,False
ex-launch,regime,A,80000,0.0314877,0.0135632,0.0107541,0.125,False
ex-launch,regime,A,82500,0.0298006,0.0126527,0.0101326,0.121212,False
ex-launch,regime,A,85000,0.0282407,0.0118199,0.00956052,0.117647,False
ex-launch,regime,A,87500,0.0267976,0.0110621,0.00903251,0.114286,False
ex-launch,regime,A,90000,0.0254381,0.010367,0.00854452,0.111111,False
ex-launch,regime,A,92500,0.0241736,0.00972015,0.00809285,0.108108,False
ex-launch,regime,A,95000,0.022976,0.00910816,0.00767455,0.105263,False
ex-launch,regime,A,97500,0.0218804,0.00855704,0.00728625,0.102564,False
ex-launch,regime,A,100000,0.0208441,0.00805784,0.00692543,0.1,False
ex-launch,regime,A,110000,0.0174191,0.00643312,0.00570597,0.0909091,False
ex-launch,regime,A,120000,0.0147085,0.00519742,0.00476547,0.0833333,False
ex-launch,regime,A,130000,0.0125205,0.00425773,0.00402808,0.0769231,False
ex-launch,regime,A,140000,0.0107451,0.00351304,0.00344365,0.0714286,False
ex-launch,regime,A,150000,0.00932834,0.00295369,0.00297333,0.0666667,False
ex-launch,regime,A,160000,0.00816395,0.00251363,0.00258884,0.0625,False
ex-launch,regime,A,170000,0.00721036,0.00216801,0.00227051,0.0588235,False
ex-launch,regime,A,180000,0.00639484,0.00188364,0.0020036,0.0555556,False
ex-launch,regime,A,190000,0.00571131,0.00164746,0.0017788,0.0526316,False
ex-launch,regime,A,200000,0.00510607,0.00143029,0.00158785,0.05,False
ex-launch,regime,A,250000,0.00311593,0.000778322,0.000967395,0.04,True
ex-launch,regime,A,300000,0.00212748,0.000495796,0.00064217,0.0333333,True
ex-launch,regime,A,400000,0.00113362,0.00020574,0.000319155,0.025,True
ex-launch,regime,A,500000,0.000677219,0.000101032,0.000174752,0.02,True
ex-launch,regime,A,1000000,7.31507e-05,1.30165e-06,1.38952e-05,0.01,True
ex-launch,regime,B,20000,0.323641,0.312712,0.193368,0.5,False
ex-launch,regime,B,22500,0.302244,0.290255,0.178397,0.444444,False
ex-launch,regime,B,25000,0.2835,0.270752,0.165665,0.4,False
ex-launch,regime,B,27500,0.26732,0.253748,0.154682,0.363636,False
ex-launch,regime,B,30000,0.253029,0.238956,0.145086,0.333333,False
ex-launch,regime,B,32500,0.240308,0.225863,0.136615,0.307692,False
ex-launch,regime,B,35000,0.228726,0.213972,0.129081,0.285714,False
ex-launch,regime,B,37500,0.218288,0.203287,0.122333,0.266667,False
ex-launch,regime,B,40000,0.208834,0.193679,0.116248,0.25,False
ex-launch,regime,B,42500,0.200137,0.184934,0.11073,0.235294,False
ex-launch,regime,B,45000,0.192069,0.176833,0.105707,0.222222,False
ex-launch,regime,B,47500,0.184629,0.169363,0.101114,0.210526,False
ex-launch,regime,B,50000,0.177659,0.162403,0.0969007,0.2,False
ex-launch,regime,B,52500,0.171285,0.156047,0.0930218,0.190476,False
ex-launch,regime,B,55000,0.165353,0.150151,0.0894359,0.181818,False
ex-launch,regime,B,57500,0.159727,0.144602,0.0861118,0.173913,False
ex-launch,regime,B,60000,0.154493,0.139453,0.0830248,0.166667,False
ex-launch,regime,B,62500,0.149602,0.134622,0.0801485,0.16,False
ex-launch,regime,B,65000,0.144963,0.130085,0.0774621,0.153846,False
ex-launch,regime,B,67500,0.140552,0.12579,0.0749505,0.148148,False
ex-launch,regime,B,70000,0.136438,0.121782,0.0725965,0.142857,False
ex-launch,regime,B,72500,0.132541,0.118039,0.0703856,0.137931,False
ex-launch,regime,B,75000,0.128916,0.114509,0.0683043,0.133333,False
ex-launch,regime,B,77500,0.125486,0.111201,0.0663408,0.129032,False
ex-launch,regime,B,80000,0.12221,0.108056,0.064485,0.125,False
ex-launch,regime,B,82500,0.119127,0.105075,0.0627289,0.121212,False
ex-launch,regime,B,85000,0.116195,0.102253,0.0610642,0.117647,False
ex-launch,regime,B,87500,0.113398,0.0996045,0.0594837,0.114286,False
ex-launch,regime,B,90000,0.110678,0.0970756,0.057982,0.111111,False
ex-launch,regime,B,92500,0.108109,0.0946415,0.0565535,0.108108,False
ex-launch,regime,B,95000,0.105628,0.0923162,0.0551935,0.105263,False
ex-launch,regime,B,97500,0.103299,0.0901195,0.053897,0.102564,False
ex-launch,regime,B,100000,0.101056,0.0879851,0.052659,0.1,False
ex-launch,regime,B,110000,0.0929749,0.0804375,0.0482191,0.0909091,False
ex-launch,regime,B,120000,0.086119,0.0740585,0.0444617,0.0833333,False
ex-launch,regime,B,130000,0.0802348,0.0685978,0.0412347,0.0769231,False
ex-launch,regime,B,140000,0.0751226,0.0638606,0.0384311,0.0714286,False
ex-launch,regime,B,150000,0.0706296,0.0597812,0.0359709,0.0666667,False
ex-launch,regime,B,160000,0.0667177,0.0562359,0.0337905,0.0625,False
ex-launch,regime,B,170000,0.0631506,0.0530384,0.0318438,0.0588235,False
ex-launch,regime,B,180000,0.059947,0.0501542,0.0300971,0.0555556,False
ex-launch,regime,B,190000,0.0570632,0.0475611,0.0285192,0.0526316,False
ex-launch,regime,B,200000,0.0544091,0.0451767,0.0270869,0.05,False
ex-launch,regime,B,250000,0.0439296,0.0359587,0.0215491,0.04,False
ex-launch,regime,B,300000,0.0367172,0.0296411,0.0177881,0.0333333,False
ex-launch,regime,B,400000,0.0273849,0.0217105,0.0130247,0.025,False
ex-launch,regime,B,500000,0.0215748,0.0168301,0.0101585,0.02,False
ex-launch,regime,B,1000000,0.00989061,0.00736562,0.00457336,0.01,True
ex-launch,regime,C,20000,0.419149,0.417141,0.329955,0.5,False
ex-launch,regime,C,22500,0.407723,0.40548,0.319503,0.444444,False
ex-launch,regime,C,25000,0.397482,0.395092,0.310256,0.4,False
ex-launch,regime,C,27500,0.388278,0.385798,0.301988,0.363636,False
ex-launch,regime,C,30000,0.37992,0.377357,0.294519,0.333333,False
ex-launch,regime,C,32500,0.372268,0.369575,0.287716,0.307692,False
ex-launch,regime,C,35000,0.365248,0.362341,0.281478,0.285714,False
ex-launch,regime,C,37500,0.358701,0.355723,0.275725,0.266667,False
ex-launch,regime,C,40000,0.352625,0.349532,0.270395,0.25,False
ex-launch,regime,C,42500,0.346961,0.343773,0.265432,0.235294,False
ex-launch,regime,C,45000,0.341598,0.338362,0.260791,0.222222,False
ex-launch,regime,C,47500,0.336662,0.333264,0.256437,0.210526,False
ex-launch,regime,C,50000,0.331974,0.328493,0.252337,0.2,False
ex-launch,regime,C,52500,0.327496,0.32398,0.248465,0.190476,False
ex-launch,regime,C,55000,0.323201,0.319686,0.244803,0.181818,False
ex-launch,regime,C,57500,0.319133,0.315616,0.241332,0.173913,False
ex-launch,regime,C,60000,0.315264,0.31177,0.238033,0.166667,False
ex-launch,regime,C,62500,0.311629,0.308039,0.23489,0.16,False
ex-launch,regime,C,65000,0.308115,0.304532,0.231891,0.153846,False
ex-launch,regime,C,67500,0.304755,0.301073,0.229023,0.148148,False
ex-launch,regime,C,70000,0.301509,0.297838,0.226278,0.142857,False
ex-launch,regime,C,72500,0.29836,0.294744,0.223647,0.137931,False
ex-launch,regime,C,75000,0.295344,0.291776,0.221122,0.133333,False
ex-launch,regime,C,77500,0.292458,0.288942,0.218696,0.129032,False
ex-launch,regime,C,80000,0.289662,0.28611,0.216361,0.125,False
ex-launch,regime,C,82500,0.286969,0.28345,0.214112,0.121212,False
ex-launch,regime,C,85000,0.28434,0.280865,0.211944,0.117647,False
ex-launch,regime,C,87500,0.281828,0.278386,0.209851,0.114286,False
ex-launch,regime,C,90000,0.279341,0.275919,0.207831,0.111111,False
ex-launch,regime,C,92500,0.276996,0.273583,0.205876,0.108108,False
ex-launch,regime,C,95000,0.274687,0.271294,0.203985,0.105263,False
ex-launch,regime,C,97500,0.272457,0.269065,0.202153,0.102564,False
ex-launch,regime,C,100000,0.270293,0.266886,0.200378,0.1,False
ex-launch,regime,C,110000,0.26221,0.258785,0.193785,0.0909091,False
ex-launch,regime,C,120000,0.25502,0.251469,0.187888,0.0833333,False
ex-launch,regime,C,130000,0.248538,0.244796,0.182561,0.0769231,False
ex-launch,regime,C,140000,0.242632,0.238774,0.17771,0.0714286,False
ex-launch,regime,C,150000,0.237155,0.233182,0.173267,0.0666667,False
ex-launch,regime,C,160000,0.232163,0.228094,0.169173,0.0625,False
ex-launch,regime,C,170000,0.227548,0.223373,0.165379,0.0588235,False
ex-launch,regime,C,180000,0.223237,0.219061,0.161848,0.0555556,False
ex-launch,regime,C,190000,0.219141,0.214954,0.158551,0.0526316,False
ex-launch,regime,C,200000,0.215297,0.211064,0.155462,0.05,False
ex-launch,regime,C,250000,0.198671,0.194504,0.142526,0.04,False
ex-launch,regime,C,300000,0.185786,0.181766,0.132559,0.0333333,False
ex-launch,regime,C,400000,0.166906,0.163123,0.117863,0.025,False
ex-launch,regime,C,500000,0.153375,0.149532,0.10724,0.02,False
ex-launch,regime,C,1000000,0.114908,0.111725,0.0786754,0.01,False
ex-launch,martingale,A,20000,0.244156,0.163658,0.093315,0.5,False
ex-launch,martingale,A,22500,0.211043,0.130107,0.0764823,0.444444,False
ex-launch,martingale,A,25000,0.182373,0.103793,0.0630993,0.4,False
ex-launch,martingale,A,27500,0.157683,0.0830796,0.0523906,0.363636,False
ex-launch,martingale,A,30000,0.136445,0.0666683,0.0437749,0.333333,False
ex-launch,martingale,A,32500,0.11835,0.0538168,0.0368025,0.307692,False
ex-launch,martingale,A,35000,0.102866,0.0436738,0.0311246,0.285714,False
ex-launch,martingale,A,37500,0.0896492,0.0357148,0.0264706,0.266667,False
ex-launch,martingale,A,40000,0.0784709,0.0294183,0.0226309,0.25,False
ex-launch,martingale,A,42500,0.0689368,0.0243987,0.019439,0.235294,False
ex-launch,martingale,A,45000,0.0606882,0.0203081,0.016771,0.222222,False
ex-launch,martingale,A,47500,0.0536349,0.0169977,0.0145269,0.210526,False
ex-launch,martingale,A,50000,0.047568,0.014319,0.0126286,0.2,False
ex-launch,martingale,A,52500,0.0423479,0.0121009,0.0110117,0.190476,False
ex-launch,martingale,A,55000,0.03776,0.0102375,0.00962916,0.181818,False
ex-launch,martingale,A,57500,0.0337324,0.00867031,0.00844187,0.173913,False
ex-launch,martingale,A,60000,0.0301498,0.00739162,0.00742049,0.166667,False
ex-launch,martingale,A,62500,0.027023,0.0063095,0.00653865,0.16,False
ex-launch,martingale,A,65000,0.0242356,0.00540444,0.00577497,0.153846,False
ex-launch,martingale,A,67500,0.0217985,0.00466605,0.00511198,0.148148,False
ex-launch,martingale,A,70000,0.0196095,0.00401902,0.00453444,0.142857,False
ex-launch,martingale,A,72500,0.0176655,0.00348301,0.00403116,0.137931,False
ex-launch,martingale,A,75000,0.0159412,0.00302427,0.00359071,0.133333,False
ex-launch,martingale,A,77500,0.0143987,0.00264095,0.0032048,0.129032,False
ex-launch,martingale,A,80000,0.013019,0.00229862,0.00286611,0.125,False
ex-launch,martingale,A,82500,0.0118044,0.00202176,0.00256782,0.121212,False
ex-launch,martingale,A,85000,0.0106837,0.00177489,0.00230508,0.117647,False
ex-launch,martingale,A,87500,0.00969486,0.00157005,0.00207332,0.114286,False
ex-launch,martingale,A,90000,0.00882247,0.00138645,0.00186818,0.111111,False
ex-launch,martingale,A,92500,0.00800871,0.00122205,0.00168619,0.108108,False
ex-launch,martingale,A,95000,0.00729129,0.00108524,0.00152507,0.105263,False
ex-launch,martingale,A,97500,0.00663392,0.000963585,0.00138195,0.102564,False
ex-launch,martingale,A,100000,0.00604982,0.00085773,0.00125474,0.1,False
ex-launch,martingale,A,110000,0.00419393,0.000535306,0.0008716,0.0909091,True
ex-launch,martingale,A,120000,0.0029919,0.000349619,0.000626377,0.0833333,True
ex-launch,martingale,A,130000,0.00222103,0.000234791,0.000462018,0.0769231,True
ex-launch,martingale,A,140000,0.00168606,0.000158792,0.000347768,0.0714286,True
ex-launch,martingale,A,150000,0.00129467,0.000106948,0.000266284,0.0666667,True
ex-launch,martingale,A,160000,0.00101126,7.19495e-05,0.000207463,0.0625,True
ex-launch,martingale,A,170000,0.000800834,4.83447e-05,0.000163971,0.0588235,True
ex-launch,martingale,A,180000,0.000636919,3.38628e-05,0.000131427,0.0555556,True
ex-launch,martingale,A,190000,0.000519148,2.27424e-05,0.000106566,0.0526316,True
ex-launch,martingale,A,200000,0.0004391,1.53949e-05,8.69875e-05,0.05,True
ex-launch,martingale,A,250000,0.000181079,2.18469e-06,3.41764e-05,0.04,True
ex-launch,martingale,A,300000,8.86072e-05,2.98354e-07,1.49413e-05,0.0333333,True
ex-launch,martingale,A,400000,2.2052e-05,0,2.60847e-06,0.025,True
ex-launch,martingale,A,500000,4.63444e-06,0,3.83486e-07,0.02,True
ex-launch,martingale,A,1000000,0,0,0,0.01,True
ex-launch,martingale,B,20000,0.419944,0.396704,0.28027,0.5,False
ex-launch,martingale,B,22500,0.403304,0.377924,0.26381,0.444444,False
ex-launch,martingale,B,25000,0.387946,0.36071,0.249135,0.4,False
ex-launch,martingale,B,27500,0.373432,0.344659,0.235954,0.363636,False
ex-launch,martingale,B,30000,0.359772,0.329658,0.224063,0.333333,False
ex-launch,martingale,B,32500,0.347086,0.315794,0.213265,0.307692,False
ex-launch,martingale,B,35000,0.335161,0.302992,0.203419,0.285714,False
ex-launch,martingale,B,37500,0.323695,0.29081,0.194407,0.266667,False
ex-launch,martingale,B,40000,0.31312,0.279663,0.186132,0.25,False
ex-launch,martingale,B,42500,0.303029,0.269078,0.178501,0.235294,False
ex-launch,martingale,B,45000,0.293586,0.259372,0.171449,0.222222,False
ex-launch,martingale,B,47500,0.284755,0.250328,0.164905,0.210526,False
ex-launch,martingale,B,50000,0.276357,0.241801,0.158814,0.2,False
ex-launch,martingale,B,52500,0.268501,0.233838,0.15313,0.190476,False
ex-launch,martingale,B,55000,0.261037,0.226369,0.147811,0.181818,False
ex-launch,martingale,B,57500,0.253928,0.219346,0.142823,0.173913,False
ex-launch,martingale,B,60000,0.247255,0.212706,0.138135,0.166667,False
ex-launch,martingale,B,62500,0.240932,0.206506,0.133717,0.16,False
ex-launch,martingale,B,65000,0.234878,0.200556,0.129548,0.153846,False
ex-launch,martingale,B,67500,0.229057,0.194891,0.125608,0.148148,False
ex-launch,martingale,B,70000,0.223535,0.189501,0.121877,0.142857,False
ex-launch,martingale,B,72500,0.218143,0.184309,0.118342,0.137931,False
ex-launch,martingale,B,75000,0.212989,0.179338,0.114987,0.133333,False
ex-launch,martingale,B,77500,0.208139,0.174684,0.1118,0.129032,False
ex-launch,martingale,B,80000,0.203513,0.170271,0.108766,0.125,False
ex-launch,martingale,B,82500,0.199086,0.166028,0.105874,0.121212,False
ex-launch,martingale,B,85000,0.194808,0.161983,0.103114,0.117647,False
ex-launch,martingale,B,87500,0.190687,0.158123,0.100477,0.114286,False
ex-launch,martingale,B,90000,0.186724,0.154441,0.097956,0.111111,False
ex-launch,martingale,B,92500,0.182887,0.150866,0.0955424,0.108108,False
ex-launch,martingale,B,95000,0.179227,0.14747,0.0932305,0.105263,False
ex-launch,martingale,B,97500,0.175652,0.144133,0.0910141,0.102564,False
ex-launch,martingale,B,100000,0.172228,0.140946,0.0888875,0.1,False
ex-launch,martingale,B,110000,0.159579,0.129385,0.0811746,0.0909091,False
ex-launch,martingale,B,120000,0.148477,0.119349,0.0745479,0.0833333,False
ex-launch,martingale,B,130000,0.138741,0.110652,0.0687893,0.0769231,False
ex-launch,martingale,B,140000,0.130031,0.102918,0.0637409,0.0714286,False
ex-launch,martingale,B,150000,0.122227,0.0960795,0.0592819,0.0666667,False
ex-launch,martingale,B,160000,0.115276,0.0900024,0.0553152,0.0625,False
ex-launch,martingale,B,170000,0.10885,0.0844439,0.0517655,0.0588235,False
ex-launch,martingale,B,180000,0.103032,0.0794258,0.0485782,0.0555556,False
ex-launch,martingale,B,190000,0.0977304,0.0748968,0.0456998,0.0526316,False
ex-launch,martingale,B,200000,0.092852,0.0707931,0.0430896,0.05,False
ex-launch,martingale,B,250000,0.0734308,0.0545291,0.0330496,0.04,False
ex-launch,martingale,B,300000,0.0600654,0.0435492,0.0263045,0.0333333,False
ex-launch,martingale,B,400000,0.0426733,0.029799,0.017933,0.025,False
ex-launch,martingale,B,500000,0.0320833,0.0216904,0.0130614,0.02,False
ex-launch,martingale,B,1000000,0.0119301,0.0072557,0.0044083,0.01,False
ex-launch,martingale,C,20000,0.799307,0.788883,0.725764,0.5,False
ex-launch,martingale,C,22500,0.792465,0.781753,0.716975,0.444444,False
ex-launch,martingale,C,25000,0.786152,0.775168,0.708915,0.4,False
ex-launch,martingale,C,27500,0.780178,0.76904,0.701473,0.363636,False
ex-launch,martingale,C,30000,0.774645,0.763322,0.69456,0.333333,False
ex-launch,martingale,C,32500,0.769526,0.758081,0.688088,0.307692,False
ex-launch,martingale,C,35000,0.764771,0.753192,0.681999,0.285714,False
ex-launch,martingale,C,37500,0.759977,0.748275,0.67625,0.266667,False
ex-launch,martingale,C,40000,0.75548,0.743642,0.670809,0.25,False
ex-launch,martingale,C,42500,0.750873,0.73891,0.665654,0.235294,False
ex-launch,martingale,C,45000,0.746753,0.734632,0.660759,0.222222,False
ex-launch,martingale,C,47500,0.742942,0.730692,0.656084,0.210526,False
ex-launch,martingale,C,50000,0.73922,0.726831,0.651606,0.2,False
ex-launch,martingale,C,52500,0.735778,0.723244,0.647308,0.190476,False
ex-launch,martingale,C,55000,0.732362,0.719698,0.643172,0.181818,False
ex-launch,martingale,C,57500,0.729303,0.716503,0.639185,0.173913,False
ex-launch,martingale,C,60000,0.726264,0.713353,0.63533,0.166667,False
ex-launch,martingale,C,62500,0.723352,0.710304,0.631599,0.16,False
ex-launch,martingale,C,65000,0.720537,0.707387,0.627982,0.153846,False
ex-launch,martingale,C,67500,0.717641,0.704366,0.624477,0.148148,False
ex-launch,martingale,C,70000,0.714903,0.701542,0.621074,0.142857,False
ex-launch,martingale,C,72500,0.712035,0.698564,0.617773,0.137931,False
ex-launch,martingale,C,75000,0.709251,0.69567,0.614568,0.133333,False
ex-launch,martingale,C,77500,0.706596,0.692916,0.611455,0.129032,False
ex-launch,martingale,C,80000,0.704025,0.690265,0.608426,0.125,False
ex-launch,martingale,C,82500,0.70144,0.687589,0.605478,0.121212,False
ex-launch,martingale,C,85000,0.698936,0.684988,0.602607,0.117647,False
ex-launch,martingale,C,87500,0.696542,0.682488,0.599808,0.114286,False
ex-launch,martingale,C,90000,0.694234,0.680091,0.597077,0.111111,False
ex-launch,martingale,C,92500,0.691986,0.677753,0.594407,0.108108,False
ex-launch,martingale,C,95000,0.689816,0.675516,0.591798,0.105263,False
ex-launch,martingale,C,97500,0.687643,0.673272,0.589247,0.102564,False
ex-launch,martingale,C,100000,0.685516,0.671079,0.586752,0.1,False
ex-launch,martingale,C,110000,0.677532,0.662857,0.57726,0.0909091,False
ex-launch,martingale,C,120000,0.670073,0.655217,0.56848,0.0833333,False
ex-launch,martingale,C,130000,0.662897,0.647864,0.560306,0.0769231,False
ex-launch,martingale,C,140000,0.656137,0.640943,0.55267,0.0714286,False
ex-launch,martingale,C,150000,0.649666,0.634351,0.545505,0.0666667,False
ex-launch,martingale,C,160000,0.643877,0.628421,0.538748,0.0625,False
ex-launch,martingale,C,170000,0.638112,0.622479,0.532353,0.0588235,False
ex-launch,martingale,C,180000,0.63262,0.616837,0.526292,0.0555556,False
ex-launch,martingale,C,190000,0.627567,0.611605,0.520525,0.0526316,False
ex-launch,martingale,C,200000,0.622757,0.606665,0.515018,0.05,False
ex-launch,martingale,C,250000,0.600739,0.58416,0.490735,0.04,False
ex-launch,martingale,C,300000,0.583056,0.565976,0.470443,0.0333333,False
ex-launch,martingale,C,400000,0.553892,0.536187,0.437487,0.025,False
ex-launch,martingale,C,500000,0.529882,0.511938,0.411211,0.02,False
ex-launch,martingale,C,1000000,0.447539,0.429503,0.328466,0.01,False
ex-launch,history,A,20000,0.121523,0.0890962,0.028692,0.5,False
ex-launch,history,A,22500,0.0873495,0.0578165,0.0192913,0.444444,False
ex-launch,history,A,25000,0.0638801,0.0398677,0.0130274,0.4,False
ex-launch,history,A,27500,0.04519,0.0262645,0.0089123,0.363636,False
ex-launch,history,A,30000,0.033939,0.0183671,0.00613583,0.333333,False
ex-launch,history,A,32500,0.0253666,0.0134093,0.00417081,0.307692,False
ex-launch,history,A,35000,0.0180806,0.00980703,0.00282319,0.285714,False
ex-launch,history,A,37500,0.0132305,0.00709147,0.00190976,0.266667,False
ex-launch,history,A,40000,0.00948043,0.0055751,0.00127492,0.25,False
ex-launch,history,A,42500,0.00671478,0.00392703,0.00085432,0.235294,False
ex-launch,history,A,45000,0.00516113,0.00295966,0.000556751,0.222222,False
ex-launch,history,A,47500,0.0035292,0.00204366,0.000353398,0.210526,True
ex-launch,history,A,50000,0.00234429,0.00141529,0.000221042,0.2,True
ex-launch,history,A,52500,0.00145004,0.000865084,0.000137568,0.190476,True
ex-launch,history,A,55000,0.000924287,0.00044565,8.94809e-05,0.181818,True
ex-launch,history,A,57500,0.000502464,0.000209502,6.1245e-05,0.173913,True
ex-launch,history,A,60000,0.000423469,0.00015708,4.41616e-05,0.166667,True
ex-launch,history,A,62500,0.000343511,0.00015708,3.0846e-05,0.16,True
ex-launch,history,A,65000,0.000237494,0.00013093,2.06447e-05,0.153846,True
ex-launch,history,A,67500,0.000131508,0.000104855,1.44102e-05,0.148148,True
ex-launch,history,A,70000,7.87485e-05,7.87485e-05,1.07726e-05,0.142857,True
ex-launch,history,A,72500,7.87485e-05,7.87485e-05,8.34487e-06,0.137931,True
ex-launch,history,A,75000,2.62385e-05,2.62385e-05,6.33611e-06,0.133333,True
ex-launch,history,A,77500,2.62385e-05,2.62385e-05,5.6727e-06,0.129032,True
ex-launch,history,A,80000,2.62385e-05,2.62385e-05,5.00929e-06,0.125,True
ex-launch,history,A,82500,2.62385e-05,2.62385e-05,4.34588e-06,0.121212,True
ex-launch,history,A,85000,2.62385e-05,2.62385e-05,3.68247e-06,0.117647,True
ex-launch,history,A,87500,2.62385e-05,2.62385e-05,3.01905e-06,0.114286,True
ex-launch,history,A,90000,2.62385e-05,2.62385e-05,2.35564e-06,0.111111,True
ex-launch,history,A,92500,2.62385e-05,2.62385e-05,1.69223e-06,0.108108,True
ex-launch,history,A,95000,2.62385e-05,2.62385e-05,1.02882e-06,0.105263,True
ex-launch,history,A,97500,2.62385e-05,2.62385e-05,3.65409e-07,0.102564,True
ex-launch,history,A,100000,0,0,0,0.1,True
ex-launch,history,A,110000,0,0,0,0.0909091,True
ex-launch,history,A,120000,0,0,0,0.0833333,True
ex-launch,history,A,130000,0,0,0,0.0769231,True
ex-launch,history,A,140000,0,0,0,0.0714286,True
ex-launch,history,A,150000,0,0,0,0.0666667,True
ex-launch,history,A,160000,0,0,0,0.0625,True
ex-launch,history,A,170000,0,0,0,0.0588235,True
ex-launch,history,A,180000,0,0,0,0.0555556,True
ex-launch,history,A,190000,0,0,0,0.0526316,True
ex-launch,history,A,200000,0,0,0,0.05,True
ex-launch,history,A,250000,0,0,0,0.04,True
ex-launch,history,A,300000,0,0,0,0.0333333,True
ex-launch,history,A,400000,0,0,0,0.025,True
ex-launch,history,A,500000,0,0,0,0.02,True
ex-launch,history,A,1000000,0,0,0,0.01,True
ex-launch,history,B,20000,0.182097,0.171961,0.0630659,0.5,False
ex-launch,history,B,22500,0.149916,0.139653,0.0502277,0.444444,False
ex-launch,history,B,25000,0.12625,0.114821,0.0404362,0.4,False
ex-launch,history,B,27500,0.105912,0.0959344,0.0329137,0.363636,False
ex-launch,history,B,30000,0.0916679,0.0817822,0.0269376,0.333333,False
ex-launch,history,B,32500,0.0785346,0.0701188,0.0220832,0.307692,False
ex-launch,history,B,35000,0.0677629,0.0604452,0.0181666,0.285714,False
ex-launch,history,B,37500,0.0588559,0.0516313,0.0149449,0.266667,False
ex-launch,history,B,40000,0.0494565,0.0444079,0.012341,0.25,False
ex-launch,history,B,42500,0.0428811,0.0383534,0.0102325,0.235294,False
ex-launch,history,B,45000,0.0368446,0.0332564,0.00849068,0.222222,False
ex-launch,history,B,47500,0.03201,0.0281924,0.00705805,0.210526,False
ex-launch,history,B,50000,0.0280558,0.0245872,0.00584547,0.2,False
ex-launch,history,B,52500,0.0239313,0.0215014,0.00483411,0.190476,False
ex-launch,history,B,55000,0.0209466,0.0177346,0.00399738,0.181818,False
ex-launch,history,B,57500,0.0181068,0.0150806,0.00328866,0.173913,False
ex-launch,history,B,60000,0.0155711,0.0131234,0.00269706,0.166667,False
ex-launch,history,B,62500,0.0134898,0.0112757,0.00219948,0.16,False
ex-launch,history,B,65000,0.0111682,0.00963337,0.00179347,0.153846,False
ex-launch,history,B,67500,0.0094823,0.00844281,0.00147027,0.148148,True
ex-launch,history,B,70000,0.00770758,0.00708351,0.00120701,0.142857,True
ex-launch,history,B,72500,0.0063079,0.00611755,0.00100051,0.137931,True
ex-launch,history,B,75000,0.00535981,0.00546225,0.000835263,0.133333,True
ex-launch,history,B,77500,0.00464685,0.00441543,0.000696427,0.129032,True
ex-launch,history,B,80000,0.00387387,0.00390763,0.000581683,0.125,True
ex-launch,history,B,82500,0.00335698,0.00334404,0.000485988,0.121212,True
ex-launch,history,B,85000,0.00304728,0.00295028,0.000405807,0.117647,True
ex-launch,history,B,87500,0.00256632,0.00255557,0.000336038,0.114286,True
ex-launch,history,B,90000,0.00205406,0.00230162,0.000280286,0.111111,True
ex-launch,history,B,92500,0.0017726,0.00193427,0.000234823,0.108108,True
ex-launch,history,B,95000,0.00157267,0.00154214,0.000196677,0.105263,True
ex-launch,history,B,97500,0.00129141,0.001259,0.0001653,0.102564,True
ex-launch,history,B,100000,0.0010953,0.0011478,0.000139218,0.1,True
ex-launch,history,B,110000,0.000644737,0.000754576,6.92294e-05,0.0909091,True
ex-launch,history,B,120000,0.000335537,0.000475624,3.27528e-05,0.0833333,True
ex-launch,history,B,130000,0.000195889,0.000224092,1.38516e-05,0.0769231,True
ex-launch,history,B,140000,5.60287e-05,0.000112259,3.17486e-06,0.0714286,True
ex-launch,history,B,150000,2.80143e-05,2.80647e-05,4.19081e-07,0.0666667,True
ex-launch,history,B,160000,0,0,0,0.0625,True
ex-launch,history,B,170000,0,0,0,0.0588235,True
ex-launch,history,B,180000,0,0,0,0.0555556,True
ex-launch,history,B,190000,0,0,0,0.0526316,True
ex-launch,history,B,200000,0,0,0,0.05,True
ex-launch,history,B,250000,0,0,0,0.04,True
ex-launch,history,B,300000,0,0,0,0.0333333,True
ex-launch,history,B,400000,0,0,0,0.025,True
ex-launch,history,B,500000,0,0,0,0.02,True
ex-launch,history,B,1000000,0,0,0,0.01,True
ex-launch,history,C,20000,0.414884,0.40069,0.169928,0.5,False
ex-launch,history,C,22500,0.355387,0.347826,0.143006,0.444444,False
ex-launch,history,C,25000,0.310665,0.30364,0.121867,0.4,False
ex-launch,history,C,27500,0.270156,0.268693,0.104918,0.363636,False
ex-launch,history,C,30000,0.236288,0.240703,0.0914288,0.333333,False
ex-launch,history,C,32500,0.209975,0.218915,0.0804908,0.307692,False
ex-launch,history,C,35000,0.190078,0.198112,0.071278,0.285714,False
ex-launch,history,C,37500,0.17522,0.178671,0.0633579,0.266667,False
ex-launch,history,C,40000,0.162019,0.1646,0.0563522,0.25,False
ex-launch,history,C,42500,0.147376,0.152155,0.0501938,0.235294,False
ex-launch,history,C,45000,0.133674,0.138523,0.0449257,0.222222,False
ex-launch,history,C,47500,0.123432,0.12649,0.0402802,0.210526,False
ex-launch,history,C,50000,0.115095,0.116637,0.0361227,0.2,False
ex-launch,history,C,52500,0.106376,0.106918,0.0323841,0.190476,False
ex-launch,history,C,55000,0.0982367,0.0978449,0.0290803,0.181818,False
ex-launch,history,C,57500,0.0912247,0.0891428,0.0260927,0.173913,False
ex-launch,history,C,60000,0.0846319,0.081857,0.0234125,0.166667,False
ex-launch,history,C,62500,0.0793644,0.0742775,0.0209684,0.16,False
ex-launch,history,C,65000,0.0731862,0.0684233,0.0187586,0.153846,False
ex-launch,history,C,67500,0.0665676,0.062044,0.0167991,0.148148,False
ex-launch,history,C,70000,0.0602462,0.0570285,0.0150788,0.142857,False
ex-launch,history,C,72500,0.0549141,0.0524636,0.0135736,0.137931,False
ex-launch,history,C,75000,0.0506499,0.049511,0.012217,0.133333,False
ex-launch,history,C,77500,0.0465632,0.0459094,0.0110038,0.129032,False
ex-launch,history,C,80000,0.0427212,0.0417739,0.00992453,0.125,False
ex-launch,history,C,82500,0.0394815,0.037933,0.00895139,0.121212,False
ex-launch,history,C,85000,0.0363759,0.0344225,0.00807775,0.117647,False
ex-launch,history,C,87500,0.0338932,0.0315384,0.00728175,0.114286,False
ex-launch,history,C,90000,0.0311037,0.0282891,0.00655954,0.111111,False
ex-launch,history,C,92500,0.0280848,0.0259801,0.00592063,0.108108,False
ex-launch,history,C,95000,0.0252821,0.024393,0.00536184,0.105263,False
ex-launch,history,C,97500,0.0231887,0.0222998,0.00486786,0.102564,False
ex-launch,history,C,100000,0.0211117,0.0208706,0.00442303,0.1,False
ex-launch,history,C,110000,0.0154963,0.0156421,0.00303977,0.0909091,True
ex-launch,history,C,120000,0.0118088,0.0115571,0.00208263,0.0833333,True
ex-launch,history,C,130000,0.00879694,0.00867213,0.00140294,0.0769231,True
ex-launch,history,C,140000,0.0064414,0.0062661,0.000920644,0.0714286,True
ex-launch,history,C,150000,0.00451839,0.00527331,0.000602846,0.0666667,True
ex-launch,history,C,160000,0.0029329,0.00453044,0.00039842,0.0625,True
ex-launch,history,C,170000,0.00203497,0.00320659,0.000274467,0.0588235,True
ex-launch,history,C,180000,0.00153803,0.00187441,0.000190333,0.0555556,True
ex-launch,history,C,190000,0.00133178,0.00128709,0.000121761,0.0526316,True
ex-launch,history,C,200000,0.000959803,0.000832346,6.67992e-05,0.05,True
ex-launch,history,C,250000,0,0.000357483,0,0.04,True
ex-launch,history,C,300000,0,0.000119161,0,0.0333333,True
ex-launch,history,C,400000,0,0,0,0.025,True
ex-launch,history,C,500000,0,0,0,0.02,True
ex-launch,history,C,1000000,0,0,0,0.01,True
full,hourly-history,A,20000,0.120921,0.0874712,0.0289421,0.5,False
full,hourly-history,A,22500,0.0886363,0.0592021,0.0195377,0.444444,False
full,hourly-history,A,25000,0.0647128,0.0406268,0.0131701,0.4,False
full,hourly-history,A,27500,0.0467233,0.0267825,0.00895729,0.363636,False
full,hourly-history,A,30000,0.0349511,0.0194755,0.00608266,0.333333,False
full,hourly-history,A,32500,0.0252539,0.0139136,0.00411246,0.307692,False
full,hourly-history,A,35000,0.018579,0.00993819,0.00272718,0.285714,False
full,hourly-history,A,37500,0.0131751,0.00727895,0.00179581,0.266667,False
full,hourly-history,A,40000,0.0096582,0.00527782,0.00116163,0.25,False
full,hourly-history,A,42500,0.00647771,0.00343731,0.000730189,0.235294,False
full,hourly-history,A,45000,0.00445742,0.00231049,0.000443758,0.222222,True
full,hourly-history,A,47500,0.00307295,0.00165078,0.000262825,0.210526,True
full,hourly-history,A,50000,0.00191176,0.000990837,0.000146204,0.2,True
full,hourly-history,A,52500,0.000999532,0.000468235,8.27679e-05,0.190476,True
full,hourly-history,A,55000,0.000639781,0.000247981,4.77317e-05,0.181818,True
full,hourly-history,A,57500,0.000418891,5.50056e-05,2.623e-05,0.173913,True
full,hourly-history,A,60000,0.000279474,2.75452e-05,1.17179e-05,0.166667,True
full,hourly-history,A,62500,0.000139452,2.75452e-05,4.3368e-06,0.16,True
full,hourly-history,A,65000,5.59785e-05,0,9.63177e-07,0.153846,True
full,hourly-history,A,67500,0,0,0,0.148148,True
full,hourly-history,A,70000,0,0,0,0.142857,True
full,hourly-history,A,72500,0,0,0,0.137931,True
full,hourly-history,A,75000,0,0,0,0.133333,True
full,hourly-history,A,77500,0,0,0,0.129032,True
full,hourly-history,A,80000,0,0,0,0.125,True
full,hourly-history,A,82500,0,0,0,0.121212,True
full,hourly-history,A,85000,0,0,0,0.117647,True
full,hourly-history,A,87500,0,0,0,0.114286,True
full,hourly-history,A,90000,0,0,0,0.111111,True
full,hourly-history,A,92500,0,0,0,0.108108,True
full,hourly-history,A,95000,0,0,0,0.105263,True
full,hourly-history,A,97500,0,0,0,0.102564,True
full,hourly-history,A,100000,0,0,0,0.1,True
full,hourly-history,A,110000,0,0,0,0.0909091,True
full,hourly-history,A,120000,0,0,0,0.0833333,True
full,hourly-history,A,130000,0,0,0,0.0769231,True
full,hourly-history,A,140000,0,0,0,0.0714286,True
full,hourly-history,A,150000,0,0,0,0.0666667,True
full,hourly-history,A,160000,0,0,0,0.0625,True
full,hourly-history,A,170000,0,0,0,0.0588235,True
full,hourly-history,A,180000,0,0,0,0.0555556,True
full,hourly-history,A,190000,0,0,0,0.0526316,True
full,hourly-history,A,200000,0,0,0,0.05,True
full,hourly-history,A,250000,0,0,0,0.04,True
full,hourly-history,A,300000,0,0,0,0.0333333,True
full,hourly-history,A,400000,0,0,0,0.025,True
full,hourly-history,A,500000,0,0,0,0.02,True
full,hourly-history,A,1000000,0,0,0,0.01,True
full,hourly-history,B,20000,0.185805,0.175131,0.0647542,0.5,False
full,hourly-history,B,22500,0.153258,0.142412,0.0516545,0.444444,False
full,hourly-history,B,25000,0.128117,0.117651,0.0416899,0.4,False
full,hourly-history,B,27500,0.108862,0.0991637,0.0340093,0.363636,False
full,hourly-history,B,30000,0.0937999,0.0842289,0.0278968,0.333333,False
full,hourly-history,B,32500,0.0815066,0.0716969,0.0229085,0.307692,False
full,hourly-history,B,35000,0.0709216,0.0617473,0.0188189,0.285714,False
full,hourly-history,B,37500,0.0595601,0.0542014,0.0154934,0.266667,False
full,hourly-history,B,40000,0.0519219,0.0465494,0.0128181,0.25,False
full,hourly-history,B,42500,0.0452223,0.0396701,0.0105983,0.235294,False
full,hourly-history,B,45000,0.0387807,0.0341112,0.00874325,0.222222,False
full,hourly-history,B,47500,0.0331977,0.0295553,0.00724234,0.210526,False
full,hourly-history,B,50000,0.0292772,0.0254625,0.00598772,0.2,False
full,hourly-history,B,52500,0.0250698,0.0219415,0.00493148,0.190476,False
full,hourly-history,B,55000,0.0216634,0.0184407,0.00405695,0.181818,False
full,hourly-history,B,57500,0.0187795,0.0157252,0.00332449,0.173913,False
full,hourly-history,B,60000,0.0159512,0.0135357,0.00271652,0.166667,False
full,hourly-history,B,62500,0.0131906,0.0114145,0.00222078,0.16,False
full,hourly-history,B,65000,0.0112623,0.00979281,0.00182005,0.153846,False
full,hourly-history,B,67500,0.00932559,0.00844039,0.00149781,0.148148,True
full,hourly-history,B,70000,0.00800281,0.00696085,0.00122822,0.142857,True
full,hourly-history,B,72500,0.00685251,0.00588212,0.00100695,0.137931,True
full,hourly-history,B,75000,0.0057895,0.00498599,0.000825521,0.133333,True
full,hourly-history,B,77500,0.00491599,0.00438619,0.000676008,0.129032,True
full,hourly-history,B,80000,0.00407237,0.00364264,0.000556181,0.125,True
full,hourly-history,B,82500,0.00341095,0.00314076,0.000456798,0.121212,True
full,hourly-history,B,85000,0.00284782,0.00293385,0.000374335,0.117647,True
full,hourly-history,B,87500,0.00231252,0.00257527,0.000312727,0.114286,True
full,hourly-history,B,90000,0.00180665,0.00221685,0.000262703,0.111111,True
full,hourly-history,B,92500,0.00159765,0.00192042,0.000222082,0.108108,True
full,hourly-history,B,95000,0.00150711,0.00168139,0.000185992,0.105263,True
full,hourly-history,B,97500,0.00135739,0.00141548,0.000153336,0.102564,True
full,hourly-history,B,100000,0.00109085,0.00126812,0.000124881,0.1,True
full,hourly-history,B,110000,0.000619485,0.00064736,5.23453e-05,0.0909091,True
full,hourly-history,B,120000,0.000323853,0.000353834,1.84632e-05,0.0833333,True
full,hourly-history,B,130000,5.90179e-05,0.000177389,4.20297e-06,0.0769231,True
full,hourly-history,B,140000,2.9509e-05,5.91296e-05,5.4106e-07,0.0714286,True
full,hourly-history,B,150000,0,0,0,0.0666667,True
full,hourly-history,B,160000,0,0,0,0.0625,True
full,hourly-history,B,170000,0,0,0,0.0588235,True
full,hourly-history,B,180000,0,0,0,0.0555556,True
full,hourly-history,B,190000,0,0,0,0.0526316,True
full,hourly-history,B,200000,0,0,0,0.05,True
full,hourly-history,B,250000,0,0,0,0.04,True
full,hourly-history,B,300000,0,0,0,0.0333333,True
full,hourly-history,B,400000,0,0,0,0.025,True
full,hourly-history,B,500000,0,0,0,0.02,True
full,hourly-history,B,1000000,0,0,0,0.01,True
full,hourly-history,C,20000,0.405776,0.395691,0.168058,0.5,False
full,hourly-history,C,22500,0.349948,0.345479,0.141959,0.444444,False
full,hourly-history,C,25000,0.304999,0.299932,0.121396,0.4,False
full,hourly-history,C,27500,0.267238,0.267184,0.104893,0.363636,False
full,hourly-history,C,30000,0.233091,0.240593,0.091781,0.333333,False
full,hourly-history,C,32500,0.208912,0.217006,0.081068,0.307692,False
full,hourly-history,C,35000,0.191064,0.195743,0.0719196,0.285714,False
full,hourly-history,C,37500,0.174129,0.180229,0.0640288,0.266667,False
full,hourly-history,C,40000,0.160962,0.166336,0.057129,0.25,False
full,hourly-history,C,42500,0.147497,0.153399,0.051065,0.235294,False
full,hourly-history,C,45000,0.13473,0.139783,0.0457889,0.222222,False
full,hourly-history,C,47500,0.125769,0.127232,0.0410848,0.210526,False
full,hourly-history,C,50000,0.117816,0.118323,0.0368494,0.2,False
full,hourly-history,C,52500,0.109473,0.109055,0.0329975,0.190476,False
full,hourly-history,C,55000,0.0994319,0.100213,0.0295899,0.181818,False
full,hourly-history,C,57500,0.0922247,0.0906194,0.0265616,0.173913,False
full,hourly-history,C,60000,0.0860066,0.0827611,0.023841,0.166667,False
full,hourly-history,C,62500,0.080569,0.0758688,0.0213674,0.16,False
full,hourly-history,C,65000,0.0740672,0.0697589,0.0191154,0.153846,False
full,hourly-history,C,67500,0.0673702,0.0637509,0.0171272,0.148148,False
full,hourly-history,C,70000,0.0606672,0.0587284,0.0153939,0.142857,False
full,hourly-history,C,72500,0.0555659,0.0551125,0.0138674,0.137931,False
full,hourly-history,C,75000,0.0513718,0.0506181,0.0125036,0.133333,False
full,hourly-history,C,77500,0.0479274,0.0473094,0.0112642,0.129032,False
full,hourly-history,C,80000,0.0442882,0.0426268,0.0101332,0.125,False
full,hourly-history,C,82500,0.0405468,0.0391533,0.00912357,0.121212,False
full,hourly-history,C,85000,0.0371998,0.0353074,0.0082282,0.117647,False
full,hourly-history,C,87500,0.0351223,0.0315436,0.0074035,0.114286,False
full,hourly-history,C,90000,0.031204,0.02893,0.00666514,0.111111,False
full,hourly-history,C,92500,0.0276039,0.0270259,0.00603641,0.108108,False
full,hourly-history,C,95000,0.0252672,0.0248136,0.00548487,0.105263,False
full,hourly-history,C,97500,0.0234166,0.0232553,0.00498657,0.102564,False
full,hourly-history,C,100000,0.0215896,0.0213629,0.00453382,0.1,False
full,hourly-history,C,110000,0.0160896,0.016292,0.00310992,0.0909091,True
full,hourly-history,C,120000,0.0122043,0.0121316,0.00212227,0.0833333,True
full,hourly-history,C,130000,0.00895657,0.00844572,0.00142976,0.0769231,True
full,hourly-history,C,140000,0.00642511,0.00659834,0.000948746,0.0714286,True
full,hourly-history,C,150000,0.00438141,0.00555125,0.000621944,0.0666667,True
full,hourly-history,C,160000,0.00285044,0.00445153,0.000419605,0.0625,True
full,hourly-history,C,170000,0.0021694,0.00325598,0.000290115,0.0588235,True
full,hourly-history,C,180000,0.00167342,0.00192023,0.00019455,0.0555556,True
full,hourly-history,C,190000,0.00132191,0.00165792,0.000124758,0.0526316,True
full,hourly-history,C,200000,0.00109678,0.00114139,6.4816e-05,0.05,True
full,hourly-history,C,250000,0,0.000460526,0,0.04,True
full,hourly-history,C,300000,0,0.000197368,0,0.0333333,True
full,hourly-history,C,400000,0,0,0,0.025,True
full,hourly-history,C,500000,0,0,0,0.02,True
full,hourly-history,C,1000000,0,0,0,0.01,True
