window,member,class,term_days,ratio_needed_bps,n_starts
full,bootstrap-30d#1,A,31.875,62500,211934
full,bootstrap-30d#1,A,35.625,67500,211534
full,bootstrap-30d#1,A,39.375,72500,211234
full,bootstrap-30d#1,A,43.125,77500,210837
full,bootstrap-30d#1,A,46.875,80000,210439
full,bootstrap-30d#1,A,50.625,85000,210039
full,bootstrap-30d#1,A,54.375,87500,209739
full,bootstrap-30d#1,A,58.125,90000,209340
full,bootstrap-30d#1,A,61.875,95000,208942
full,bootstrap-30d#1,A,65.625,97500,208543
full,bootstrap-30d#1,A,69.375,110000,208243
full,bootstrap-30d#1,A,73.125,110000,207843
full,bootstrap-30d#1,A,76.875,110000,207444
full,bootstrap-30d#1,A,80.625,120000,207045
full,bootstrap-30d#1,A,84.375,120000,206747
full,bootstrap-30d#1,A,88.125,130000,206350
full,bootstrap-30d#1,B,98.5946,92500,205255
full,bootstrap-30d#1,B,115.782,110000,203565
full,bootstrap-30d#1,B,132.97,120000,201869
full,bootstrap-30d#1,B,150.157,140000,200172
full,bootstrap-30d#1,B,167.345,150000,198476
full,bootstrap-30d#1,B,184.532,170000,196680
full,bootstrap-30d#1,B,201.72,190000,194986
full,bootstrap-30d#1,B,218.907,250000,193290
full,bootstrap-30d#1,B,236.095,250000,191594
full,bootstrap-30d#1,B,253.282,250000,189898
full,bootstrap-30d#1,B,270.47,300000,188200
full,bootstrap-30d#1,B,287.657,300000,186400
full,bootstrap-30d#1,B,304.845,400000,184703
full,bootstrap-30d#1,B,322.032,400000,183003
full,bootstrap-30d#1,B,339.22,500000,181310
full,bootstrap-30d#1,B,356.407,500000,179616
full,bootstrap-30d#1,C,410.626,400000,174126
full,bootstrap-30d#1,C,501.876,500000,165063
full,bootstrap-30d#1,C,593.126,1e+06,155984
full,bootstrap-30d#1,C,684.376,1e+06,146900
full,bootstrap-30d#1,C,775.626,nan,137733
full,bootstrap-30d#1,C,866.876,nan,128656
full,bootstrap-30d#1,C,958.126,nan,119573
full,bootstrap-30d#1,C,1049.38,nan,110494
full,bootstrap-30d#1,C,1140.63,nan,101316
full,bootstrap-30d#1,C,1231.88,nan,92241
full,bootstrap-30d#1,C,1323.13,nan,83161
full,bootstrap-30d#1,C,1414.38,nan,74082
full,bootstrap-30d#1,C,1505.63,nan,64912
full,bootstrap-30d#1,C,1596.88,nan,55837
full,bootstrap-30d#1,C,1688.13,nan,46768
full,bootstrap-30d#1,C,1779.38,nan,37692
full,bootstrap-30d#2,A,31.875,70000,211900
full,bootstrap-30d#2,A,35.625,75000,211500
full,bootstrap-30d#2,A,39.375,80000,211200
full,bootstrap-30d#2,A,43.125,82500,210801
full,bootstrap-30d#2,A,46.875,85000,210403
full,bootstrap-30d#2,A,50.625,90000,210004
full,bootstrap-30d#2,A,54.375,92500,209705
full,bootstrap-30d#2,A,58.125,95000,209308
full,bootstrap-30d#2,A,61.875,100000,208910
full,bootstrap-30d#2,A,65.625,110000,208511
full,bootstrap-30d#2,A,69.375,110000,208211
full,bootstrap-30d#2,A,73.125,120000,207814
full,bootstrap-30d#2,A,76.875,120000,207414
full,bootstrap-30d#2,A,80.625,130000,207016
full,bootstrap-30d#2,A,84.375,130000,206716
full,bootstrap-30d#2,A,88.125,140000,206317
full,bootstrap-30d#2,B,98.5946,110000,205219
full,bootstrap-30d#2,B,115.782,130000,203524
full,bootstrap-30d#2,B,132.97,150000,201829
full,bootstrap-30d#2,B,150.157,160000,200136
full,bootstrap-30d#2,B,167.345,180000,198441
full,bootstrap-30d#2,B,184.532,250000,196648
full,bootstrap-30d#2,B,201.72,250000,194951
full,bootstrap-30d#2,B,218.907,300000,193253
full,bootstrap-30d#2,B,236.095,300000,191560
full,bootstrap-30d#2,B,253.282,400000,189863
full,bootstrap-30d#2,B,270.47,400000,188169
full,bootstrap-30d#2,B,287.657,400000,186378
full,bootstrap-30d#2,B,304.845,500000,184683
full,bootstrap-30d#2,B,322.032,1e+06,182986
full,bootstrap-30d#2,B,339.22,1e+06,181292
full,bootstrap-30d#2,B,356.407,1e+06,179597
full,bootstrap-30d#2,C,410.626,1e+06,174115
full,bootstrap-30d#2,C,501.876,1e+06,165040
full,bootstrap-30d#2,C,593.126,nan,155962
full,bootstrap-30d#2,C,684.376,nan,146881
full,bootstrap-30d#2,C,775.626,nan,137707
full,bootstrap-30d#2,C,866.876,nan,128623
full,bootstrap-30d#2,C,958.126,nan,119548
full,bootstrap-30d#2,C,1049.38,nan,110478
full,bootstrap-30d#2,C,1140.63,nan,101312
full,bootstrap-30d#2,C,1231.88,nan,92234
full,bootstrap-30d#2,C,1323.13,nan,83165
full,bootstrap-30d#2,C,1414.38,nan,74092
full,bootstrap-30d#2,C,1505.63,nan,64918
full,bootstrap-30d#2,C,1596.88,nan,55841
full,bootstrap-30d#2,C,1688.13,nan,46760
full,bootstrap-30d#2,C,1779.38,nan,37680
full,bootstrap-30d#3,A,31.875,65000,211878
full,bootstrap-30d#3,A,35.625,70000,211479
full,bootstrap-30d#3,A,39.375,75000,211182
full,bootstrap-30d#3,A,43.125,80000,210786
full,bootstrap-30d#3,A,46.875,85000,210386
full,bootstrap-30d#3,A,50.625,90000,209987
full,bootstrap-30d#3,A,54.375,92500,209687
full,bootstrap-30d#3,A,58.125,97500,209287
full,bootstrap-30d#3,A,61.875,110000,208887
full,bootstrap-30d#3,A,65.625,110000,208487
full,bootstrap-30d#3,A,69.375,120000,208188
full,bootstrap-30d#3,A,73.125,120000,207788
full,bootstrap-30d#3,A,76.875,120000,207390
full,bootstrap-30d#3,A,80.625,130000,206990
full,bootstrap-30d#3,A,84.375,130000,206691
full,bootstrap-30d#3,A,88.125,140000,206292
full,bootstrap-30d#3,B,98.5946,110000,205194
full,bootstrap-30d#3,B,115.782,120000,203496
full,bootstrap-30d#3,B,132.97,140000,201797
full,bootstrap-30d#3,B,150.157,150000,200105
full,bootstrap-30d#3,B,167.345,170000,198409
full,bootstrap-30d#3,B,184.532,180000,196615
full,bootstrap-30d#3,B,201.72,200000,194923
full,bootstrap-30d#3,B,218.907,250000,193226
full,bootstrap-30d#3,B,236.095,250000,191529
full,bootstrap-30d#3,B,253.282,250000,189833
full,bootstrap-30d#3,B,270.47,300000,188138
full,bootstrap-30d#3,B,287.657,300000,186342
full,bootstrap-30d#3,B,304.845,400000,184646
full,bootstrap-30d#3,B,322.032,400000,182950
full,bootstrap-30d#3,B,339.22,400000,181254
full,bootstrap-30d#3,B,356.407,400000,179558
full,bootstrap-30d#3,C,410.626,400000,174074
full,bootstrap-30d#3,C,501.876,500000,164993
full,bootstrap-30d#3,C,593.126,1e+06,155921
full,bootstrap-30d#3,C,684.376,1e+06,146849
full,bootstrap-30d#3,C,775.626,nan,137679
full,bootstrap-30d#3,C,866.876,nan,128611
full,bootstrap-30d#3,C,958.126,nan,119545
full,bootstrap-30d#3,C,1049.38,nan,110473
full,bootstrap-30d#3,C,1140.63,nan,101295
full,bootstrap-30d#3,C,1231.88,nan,92225
full,bootstrap-30d#3,C,1323.13,nan,83151
full,bootstrap-30d#3,C,1414.38,nan,74075
full,bootstrap-30d#3,C,1505.63,nan,64911
full,bootstrap-30d#3,C,1596.88,nan,55828
full,bootstrap-30d#3,C,1688.13,nan,46754
full,bootstrap-30d#3,C,1779.38,nan,37691
full,bootstrap-30d,A,31.875,67500,211934
full,bootstrap-30d,A,35.625,72500,211534
full,bootstrap-30d,A,39.375,77500,211234
full,bootstrap-30d,A,43.125,80000,210837
full,bootstrap-30d,A,46.875,82500,210439
full,bootstrap-30d,A,50.625,87500,210039
full,bootstrap-30d,A,54.375,90000,209739
full,bootstrap-30d,A,58.125,95000,209340
full,bootstrap-30d,A,61.875,100000,208942
full,bootstrap-30d,A,65.625,110000,208543
full,bootstrap-30d,A,69.375,110000,208243
full,bootstrap-30d,A,73.125,120000,207843
full,bootstrap-30d,A,76.875,120000,207444
full,bootstrap-30d,A,80.625,130000,207045
full,bootstrap-30d,A,84.375,130000,206747
full,bootstrap-30d,A,88.125,130000,206350
full,bootstrap-30d,B,98.5946,110000,205255
full,bootstrap-30d,B,115.782,120000,203565
full,bootstrap-30d,B,132.97,140000,201869
full,bootstrap-30d,B,150.157,150000,200172
full,bootstrap-30d,B,167.345,170000,198476
full,bootstrap-30d,B,184.532,190000,196680
full,bootstrap-30d,B,201.72,250000,194986
full,bootstrap-30d,B,218.907,250000,193290
full,bootstrap-30d,B,236.095,250000,191594
full,bootstrap-30d,B,253.282,300000,189898
full,bootstrap-30d,B,270.47,300000,188200
full,bootstrap-30d,B,287.657,400000,186400
full,bootstrap-30d,B,304.845,400000,184703
full,bootstrap-30d,B,322.032,500000,183003
full,bootstrap-30d,B,339.22,500000,181310
full,bootstrap-30d,B,356.407,500000,179616
full,bootstrap-30d,C,410.626,400000,174126
full,bootstrap-30d,C,501.876,1e+06,165063
full,bootstrap-30d,C,593.126,1e+06,155984
full,bootstrap-30d,C,684.376,nan,146900
full,bootstrap-30d,C,775.626,nan,137733
full,bootstrap-30d,C,866.876,nan,128656
full,bootstrap-30d,C,958.126,nan,119573
full,bootstrap-30d,C,1049.38,nan,110494
full,bootstrap-30d,C,1140.63,nan,101316
full,bootstrap-30d,C,1231.88,nan,92241
full,bootstrap-30d,C,1323.13,nan,83161
full,bootstrap-30d,C,1414.38,nan,74082
full,bootstrap-30d,C,1505.63,nan,64912
full,bootstrap-30d,C,1596.88,nan,55837
full,bootstrap-30d,C,1688.13,nan,46768
full,bootstrap-30d,C,1779.38,nan,37692
full,bootstrap-365d#1,A,31.875,90000,211916
full,bootstrap-365d#1,A,35.625,92500,211516
full,bootstrap-365d#1,A,39.375,97500,211216
full,bootstrap-365d#1,A,43.125,110000,210819
full,bootstrap-365d#1,A,46.875,120000,210421
full,bootstrap-365d#1,A,50.625,130000,210022
full,bootstrap-365d#1,A,54.375,130000,209723
full,bootstrap-365d#1,A,58.125,150000,209324
full,bootstrap-365d#1,A,61.875,170000,208925
full,bootstrap-365d#1,A,65.625,180000,208526
full,bootstrap-365d#1,A,69.375,180000,208226
full,bootstrap-365d#1,A,73.125,170000,207827
full,bootstrap-365d#1,A,76.875,170000,207427
full,bootstrap-365d#1,A,80.625,170000,207030
full,bootstrap-365d#1,A,84.375,170000,206732
full,bootstrap-365d#1,A,88.125,190000,206334
full,bootstrap-365d#1,B,98.5946,150000,205236
full,bootstrap-365d#1,B,115.782,190000,203540
full,bootstrap-365d#1,B,132.97,250000,201850
full,bootstrap-365d#1,B,150.157,250000,200155
full,bootstrap-365d#1,B,167.345,250000,198462
full,bootstrap-365d#1,B,184.532,300000,196666
full,bootstrap-365d#1,B,201.72,300000,194970
full,bootstrap-365d#1,B,218.907,300000,193279
full,bootstrap-365d#1,B,236.095,400000,191581
full,bootstrap-365d#1,B,253.282,400000,189887
full,bootstrap-365d#1,B,270.47,400000,188191
full,bootstrap-365d#1,B,287.657,400000,186394
full,bootstrap-365d#1,B,304.845,400000,184701
full,bootstrap-365d#1,B,322.032,400000,183004
full,bootstrap-365d#1,B,339.22,400000,181314
full,bootstrap-365d#1,B,356.407,400000,179620
full,bootstrap-365d#1,C,410.626,300000,174132
full,bootstrap-365d#1,C,501.876,400000,165051
full,bootstrap-365d#1,C,593.126,500000,155980
full,bootstrap-365d#1,C,684.376,500000,146899
full,bootstrap-365d#1,C,775.626,1e+06,137718
full,bootstrap-365d#1,C,866.876,1e+06,128641
full,bootstrap-365d#1,C,958.126,nan,119569
full,bootstrap-365d#1,C,1049.38,nan,110499
full,bootstrap-365d#1,C,1140.63,nan,101327
full,bootstrap-365d#1,C,1231.88,nan,92243
full,bootstrap-365d#1,C,1323.13,nan,83161
full,bootstrap-365d#1,C,1414.38,nan,74089
full,bootstrap-365d#1,C,1505.63,nan,64918
full,bootstrap-365d#1,C,1596.88,nan,55843
full,bootstrap-365d#1,C,1688.13,nan,46769
full,bootstrap-365d#1,C,1779.38,nan,37695
full,bootstrap-365d#2,A,31.875,87500,211924
full,bootstrap-365d#2,A,35.625,92500,211524
full,bootstrap-365d#2,A,39.375,97500,211224
full,bootstrap-365d#2,A,43.125,110000,210825
full,bootstrap-365d#2,A,46.875,120000,210425
full,bootstrap-365d#2,A,50.625,130000,210028
full,bootstrap-365d#2,A,54.375,140000,209730
full,bootstrap-365d#2,A,58.125,160000,209331
full,bootstrap-365d#2,A,61.875,170000,208932
full,bootstrap-365d#2,A,65.625,180000,208534
full,bootstrap-365d#2,A,69.375,190000,208234
full,bootstrap-365d#2,A,73.125,190000,207836
full,bootstrap-365d#2,A,76.875,190000,207437
full,bootstrap-365d#2,A,80.625,200000,207041
full,bootstrap-365d#2,A,84.375,190000,206742
full,bootstrap-365d#2,A,88.125,200000,206342
full,bootstrap-365d#2,B,98.5946,160000,205248
full,bootstrap-365d#2,B,115.782,200000,203551
full,bootstrap-365d#2,B,132.97,250000,201856
full,bootstrap-365d#2,B,150.157,300000,200158
full,bootstrap-365d#2,B,167.345,300000,198463
full,bootstrap-365d#2,B,184.532,300000,196674
full,bootstrap-365d#2,B,201.72,300000,194977
full,bootstrap-365d#2,B,218.907,400000,193282
full,bootstrap-365d#2,B,236.095,400000,191592
full,bootstrap-365d#2,B,253.282,400000,189895
full,bootstrap-365d#2,B,270.47,400000,188199
full,bootstrap-365d#2,B,287.657,500000,186399
full,bootstrap-365d#2,B,304.845,500000,184704
full,bootstrap-365d#2,B,322.032,500000,183009
full,bootstrap-365d#2,B,339.22,500000,181314
full,bootstrap-365d#2,B,356.407,500000,179619
full,bootstrap-365d#2,C,410.626,400000,174129
full,bootstrap-365d#2,C,501.876,500000,165056
full,bootstrap-365d#2,C,593.126,1e+06,155983
full,bootstrap-365d#2,C,684.376,1e+06,146912
full,bootstrap-365d#2,C,775.626,1e+06,137743
full,bootstrap-365d#2,C,866.876,nan,128667
full,bootstrap-365d#2,C,958.126,nan,119591
full,bootstrap-365d#2,C,1049.38,nan,110511
full,bootstrap-365d#2,C,1140.63,nan,101330
full,bootstrap-365d#2,C,1231.88,nan,92250
full,bootstrap-365d#2,C,1323.13,nan,83177
full,bootstrap-365d#2,C,1414.38,nan,74102
full,bootstrap-365d#2,C,1505.63,nan,64923
full,bootstrap-365d#2,C,1596.88,nan,55845
full,bootstrap-365d#2,C,1688.13,nan,46769
full,bootstrap-365d#2,C,1779.38,nan,37698
full,bootstrap-365d#3,A,31.875,90000,211893
full,bootstrap-365d#3,A,35.625,95000,211494
full,bootstrap-365d#3,A,39.375,100000,211194
full,bootstrap-365d#3,A,43.125,110000,210795
full,bootstrap-365d#3,A,46.875,120000,210398
full,bootstrap-365d#3,A,50.625,130000,210001
full,bootstrap-365d#3,A,54.375,140000,209702
full,bootstrap-365d#3,A,58.125,160000,209302
full,bootstrap-365d#3,A,61.875,170000,208902
full,bootstrap-365d#3,A,65.625,190000,208502
full,bootstrap-365d#3,A,69.375,190000,208203
full,bootstrap-365d#3,A,73.125,190000,207805
full,bootstrap-365d#3,A,76.875,200000,207405
full,bootstrap-365d#3,A,80.625,200000,207008
full,bootstrap-365d#3,A,84.375,200000,206708
full,bootstrap-365d#3,A,88.125,200000,206309
full,bootstrap-365d#3,B,98.5946,170000,205211
full,bootstrap-365d#3,B,115.782,250000,203515
full,bootstrap-365d#3,B,132.97,300000,201825
full,bootstrap-365d#3,B,150.157,300000,200129
full,bootstrap-365d#3,B,167.345,400000,198434
full,bootstrap-365d#3,B,184.532,400000,196642
full,bootstrap-365d#3,B,201.72,400000,194950
full,bootstrap-365d#3,B,218.907,500000,193255
full,bootstrap-365d#3,B,236.095,500000,191559
full,bootstrap-365d#3,B,253.282,500000,189861
full,bootstrap-365d#3,B,270.47,500000,188165
full,bootstrap-365d#3,B,287.657,1e+06,186367
full,bootstrap-365d#3,B,304.845,1e+06,184669
full,bootstrap-365d#3,B,322.032,1e+06,182969
full,bootstrap-365d#3,B,339.22,1e+06,181275
full,bootstrap-365d#3,B,356.407,1e+06,179580
full,bootstrap-365d#3,C,410.626,500000,174099
full,bootstrap-365d#3,C,501.876,1e+06,165019
full,bootstrap-365d#3,C,593.126,1e+06,155949
full,bootstrap-365d#3,C,684.376,1e+06,146878
full,bootstrap-365d#3,C,775.626,nan,137698
full,bootstrap-365d#3,C,866.876,nan,128621
full,bootstrap-365d#3,C,958.126,nan,119550
full,bootstrap-365d#3,C,1049.38,nan,110471
full,bootstrap-365d#3,C,1140.63,nan,101291
full,bootstrap-365d#3,C,1231.88,nan,92219
full,bootstrap-365d#3,C,1323.13,nan,83147
full,bootstrap-365d#3,C,1414.38,nan,74078
full,bootstrap-365d#3,C,1505.63,nan,64909
full,bootstrap-365d#3,C,1596.88,nan,55833
full,bootstrap-365d#3,C,1688.13,nan,46773
full,bootstrap-365d#3,C,1779.38,nan,37697
full,bootstrap-365d,A,31.875,90000,211916
full,bootstrap-365d,A,35.625,95000,211516
full,bootstrap-365d,A,39.375,100000,211216
full,bootstrap-365d,A,43.125,110000,210819
full,bootstrap-365d,A,46.875,120000,210421
full,bootstrap-365d,A,50.625,130000,210022
full,bootstrap-365d,A,54.375,140000,209723
full,bootstrap-365d,A,58.125,160000,209324
full,bootstrap-365d,A,61.875,170000,208925
full,bootstrap-365d,A,65.625,180000,208526
full,bootstrap-365d,A,69.375,190000,208226
full,bootstrap-365d,A,73.125,180000,207827
full,bootstrap-365d,A,76.875,190000,207427
full,bootstrap-365d,A,80.625,190000,207030
full,bootstrap-365d,A,84.375,190000,206732
full,bootstrap-365d,A,88.125,200000,206334
full,bootstrap-365d,B,98.5946,160000,205236
full,bootstrap-365d,B,115.782,200000,203540
full,bootstrap-365d,B,132.97,250000,201850
full,bootstrap-365d,B,150.157,300000,200155
full,bootstrap-365d,B,167.345,300000,198462
full,bootstrap-365d,B,184.532,300000,196666
full,bootstrap-365d,B,201.72,400000,194970
full,bootstrap-365d,B,218.907,400000,193279
full,bootstrap-365d,B,236.095,400000,191581
full,bootstrap-365d,B,253.282,400000,189887
full,bootstrap-365d,B,270.47,500000,188191
full,bootstrap-365d,B,287.657,500000,186394
full,bootstrap-365d,B,304.845,500000,184701
full,bootstrap-365d,B,322.032,500000,183004
full,bootstrap-365d,B,339.22,500000,181314
full,bootstrap-365d,B,356.407,500000,179620
full,bootstrap-365d,C,410.626,400000,174132
full,bootstrap-365d,C,501.876,500000,165051
full,bootstrap-365d,C,593.126,1e+06,155980
full,bootstrap-365d,C,684.376,1e+06,146899
full,bootstrap-365d,C,775.626,1e+06,137718
full,bootstrap-365d,C,866.876,nan,128641
full,bootstrap-365d,C,958.126,nan,119569
full,bootstrap-365d,C,1049.38,nan,110499
full,bootstrap-365d,C,1140.63,nan,101327
full,bootstrap-365d,C,1231.88,nan,92243
full,bootstrap-365d,C,1323.13,nan,83161
full,bootstrap-365d,C,1414.38,nan,74089
full,bootstrap-365d,C,1505.63,nan,64918
full,bootstrap-365d,C,1596.88,nan,55843
full,bootstrap-365d,C,1688.13,nan,46769
full,bootstrap-365d,C,1779.38,nan,37695
full,regime#1,A,31.875,110000,210516
full,regime#1,A,35.625,120000,210117
full,regime#1,A,39.375,130000,209818
full,regime#1,A,43.125,140000,209420
full,regime#1,A,46.875,150000,209023
full,regime#1,A,50.625,160000,208629
full,regime#1,A,54.375,170000,208335
full,regime#1,A,58.125,180000,207939
full,regime#1,A,61.875,190000,207539
full,regime#1,A,65.625,200000,207146
full,regime#1,A,69.375,250000,206846
full,regime#1,A,73.125,250000,206450
full,regime#1,A,76.875,250000,206052
full,regime#1,A,80.625,250000,205653
full,regime#1,A,84.375,250000,205354
full,regime#1,A,88.125,300000,204956
full,regime#1,B,98.5946,250000,203868
full,regime#1,B,115.782,250000,202186
full,regime#1,B,132.97,300000,200505
full,regime#1,B,150.157,400000,198813
full,regime#1,B,167.345,400000,197124
full,regime#1,B,184.532,500000,195338
full,regime#1,B,201.72,1e+06,193653
full,regime#1,B,218.907,1e+06,191965
full,regime#1,B,236.095,1e+06,190281
full,regime#1,B,253.282,1e+06,188586
full,regime#1,B,270.47,1e+06,186903
full,regime#1,B,287.657,nan,185114
full,regime#1,B,304.845,nan,183423
full,regime#1,B,322.032,nan,181739
full,regime#1,B,339.22,nan,180051
full,regime#1,B,356.407,nan,178361
full,regime#1,C,410.626,nan,172912
full,regime#1,C,501.876,nan,163900
full,regime#1,C,593.126,nan,154891
full,regime#1,C,684.376,nan,145864
full,regime#1,C,775.626,nan,136752
full,regime#1,C,866.876,nan,127746
full,regime#1,C,958.126,nan,118733
full,regime#1,C,1049.38,nan,109701
full,regime#1,C,1140.63,nan,100585
full,regime#1,C,1231.88,nan,91561
full,regime#1,C,1323.13,nan,82537
full,regime#1,C,1414.38,nan,73514
full,regime#1,C,1505.63,nan,64406
full,regime#1,C,1596.88,nan,55387
full,regime#1,C,1688.13,nan,46391
full,regime#1,C,1779.38,nan,37383
full,regime#2,A,31.875,110000,210489
full,regime#2,A,35.625,110000,210092
full,regime#2,A,39.375,120000,209792
full,regime#2,A,43.125,130000,209396
full,regime#2,A,46.875,140000,208998
full,regime#2,A,50.625,150000,208601
full,regime#2,A,54.375,160000,208305
full,regime#2,A,58.125,160000,207908
full,regime#2,A,61.875,180000,207512
full,regime#2,A,65.625,180000,207116
full,regime#2,A,69.375,190000,206818
full,regime#2,A,73.125,250000,206421
full,regime#2,A,76.875,250000,206021
full,regime#2,A,80.625,250000,205621
full,regime#2,A,84.375,250000,205321
full,regime#2,A,88.125,300000,204926
full,regime#2,B,98.5946,250000,203839
full,regime#2,B,115.782,300000,202150
full,regime#2,B,132.97,400000,200465
full,regime#2,B,150.157,400000,198777
full,regime#2,B,167.345,500000,197085
full,regime#2,B,184.532,500000,195297
full,regime#2,B,201.72,1e+06,193609
full,regime#2,B,218.907,1e+06,191923
full,regime#2,B,236.095,1e+06,190232
full,regime#2,B,253.282,1e+06,188550
full,regime#2,B,270.47,1e+06,186859
full,regime#2,B,287.657,nan,185074
full,regime#2,B,304.845,nan,183386
full,regime#2,B,322.032,nan,181700
full,regime#2,B,339.22,nan,180012
full,regime#2,B,356.407,nan,178317
full,regime#2,C,410.626,nan,172865
full,regime#2,C,501.876,nan,163842
full,regime#2,C,593.126,nan,154841
full,regime#2,C,684.376,nan,145831
full,regime#2,C,775.626,nan,136707
full,regime#2,C,866.876,nan,127696
full,regime#2,C,958.126,nan,118682
full,regime#2,C,1049.38,nan,109671
full,regime#2,C,1140.63,nan,100545
full,regime#2,C,1231.88,nan,91534
full,regime#2,C,1323.13,nan,82538
full,regime#2,C,1414.38,nan,73528
full,regime#2,C,1505.63,nan,64427
full,regime#2,C,1596.88,nan,55425
full,regime#2,C,1688.13,nan,46407
full,regime#2,C,1779.38,nan,37398
full,regime#3,A,31.875,130000,210442
full,regime#3,A,35.625,140000,210046
full,regime#3,A,39.375,150000,209749
full,regime#3,A,43.125,160000,209351
full,regime#3,A,46.875,180000,208955
full,regime#3,A,50.625,190000,208563
full,regime#3,A,54.375,200000,208266
full,regime#3,A,58.125,250000,207868
full,regime#3,A,61.875,250000,207468
full,regime#3,A,65.625,250000,207073
full,regime#3,A,69.375,250000,206773
full,regime#3,A,73.125,300000,206380
full,regime#3,A,76.875,300000,205982
full,regime#3,A,80.625,300000,205583
full,regime#3,A,84.375,400000,205285
full,regime#3,A,88.125,400000,204894
full,regime#3,B,98.5946,300000,203801
full,regime#3,B,115.782,400000,202110
full,regime#3,B,132.97,400000,200423
full,regime#3,B,150.157,500000,198732
full,regime#3,B,167.345,1e+06,197049
full,regime#3,B,184.532,1e+06,195265
full,regime#3,B,201.72,1e+06,193581
full,regime#3,B,218.907,1e+06,191898
full,regime#3,B,236.095,nan,190215
full,regime#3,B,253.282,nan,188529
full,regime#3,B,270.47,nan,186844
full,regime#3,B,287.657,nan,185056
full,regime#3,B,304.845,nan,183384
full,regime#3,B,322.032,nan,181697
full,regime#3,B,339.22,nan,180011
full,regime#3,B,356.407,nan,178329
full,regime#3,C,410.626,nan,172881
full,regime#3,C,501.876,nan,163878
full,regime#3,C,593.126,nan,154872
full,regime#3,C,684.376,nan,145855
full,regime#3,C,775.626,nan,136733
full,regime#3,C,866.876,nan,127720
full,regime#3,C,958.126,nan,118686
full,regime#3,C,1049.38,nan,109671
full,regime#3,C,1140.63,nan,100559
full,regime#3,C,1231.88,nan,91547
full,regime#3,C,1323.13,nan,82538
full,regime#3,C,1414.38,nan,73538
full,regime#3,C,1505.63,nan,64424
full,regime#3,C,1596.88,nan,55408
full,regime#3,C,1688.13,nan,46382
full,regime#3,C,1779.38,nan,37402
full,regime,A,31.875,120000,210516
full,regime,A,35.625,130000,210117
full,regime,A,39.375,130000,209818
full,regime,A,43.125,140000,209420
full,regime,A,46.875,150000,209023
full,regime,A,50.625,160000,208629
full,regime,A,54.375,170000,208335
full,regime,A,58.125,180000,207939
full,regime,A,61.875,190000,207539
full,regime,A,65.625,200000,207146
full,regime,A,69.375,250000,206846
full,regime,A,73.125,250000,206450
full,regime,A,76.875,250000,206052
full,regime,A,80.625,250000,205653
full,regime,A,84.375,300000,205354
full,regime,A,88.125,300000,204956
full,regime,B,98.5946,250000,203868
full,regime,B,115.782,300000,202186
full,regime,B,132.97,400000,200505
full,regime,B,150.157,400000,198813
full,regime,B,167.345,500000,197124
full,regime,B,184.532,1e+06,195338
full,regime,B,201.72,1e+06,193653
full,regime,B,218.907,1e+06,191965
full,regime,B,236.095,1e+06,190281
full,regime,B,253.282,1e+06,188586
full,regime,B,270.47,nan,186903
full,regime,B,287.657,nan,185114
full,regime,B,304.845,nan,183423
full,regime,B,322.032,nan,181739
full,regime,B,339.22,nan,180051
full,regime,B,356.407,nan,178361
full,regime,C,410.626,nan,172912
full,regime,C,501.876,nan,163900
full,regime,C,593.126,nan,154891
full,regime,C,684.376,nan,145864
full,regime,C,775.626,nan,136752
full,regime,C,866.876,nan,127746
full,regime,C,958.126,nan,118733
full,regime,C,1049.38,nan,109701
full,regime,C,1140.63,nan,100585
full,regime,C,1231.88,nan,91561
full,regime,C,1323.13,nan,82537
full,regime,C,1414.38,nan,73514
full,regime,C,1505.63,nan,64406
full,regime,C,1596.88,nan,55387
full,regime,C,1688.13,nan,46391
full,regime,C,1779.38,nan,37383
full,martingale#1,A,31.875,82500,212116
full,martingale#1,A,35.625,92500,211716
full,martingale#1,A,39.375,100000,211416
full,martingale#1,A,43.125,110000,211016
full,martingale#1,A,46.875,120000,210618
full,martingale#1,A,50.625,130000,210218
full,martingale#1,A,54.375,140000,209918
full,martingale#1,A,58.125,150000,209518
full,martingale#1,A,61.875,160000,209118
full,martingale#1,A,65.625,170000,208718
full,martingale#1,A,69.375,190000,208418
full,martingale#1,A,73.125,200000,208018
full,martingale#1,A,76.875,250000,207618
full,martingale#1,A,80.625,250000,207218
full,martingale#1,A,84.375,250000,206918
full,martingale#1,A,88.125,300000,206518
full,martingale#1,B,98.5946,250000,205418
full,martingale#1,B,115.782,300000,203719
full,martingale#1,B,132.97,400000,202019
full,martingale#1,B,150.157,500000,200321
full,martingale#1,B,167.345,1e+06,198621
full,martingale#1,B,184.532,1e+06,196823
full,martingale#1,B,201.72,1e+06,195123
full,martingale#1,B,218.907,1e+06,193423
full,martingale#1,B,236.095,nan,191724
full,martingale#1,B,253.282,nan,190025
full,martingale#1,B,270.47,nan,188325
full,martingale#1,B,287.657,nan,186525
full,martingale#1,B,304.845,nan,184825
full,martingale#1,B,322.032,nan,183125
full,martingale#1,B,339.22,nan,181425
full,martingale#1,B,356.407,nan,179725
full,martingale#1,C,410.626,nan,174225
full,martingale#1,C,501.876,nan,165130
full,martingale#1,C,593.126,nan,156034
full,martingale#1,C,684.376,nan,146942
full,martingale#1,C,775.626,nan,137746
full,martingale#1,C,866.876,nan,128653
full,martingale#1,C,958.126,nan,119564
full,martingale#1,C,1049.38,nan,110476
full,martingale#1,C,1140.63,nan,101283
full,martingale#1,C,1231.88,nan,92196
full,martingale#1,C,1323.13,nan,83113
full,martingale#1,C,1414.38,nan,74043
full,martingale#1,C,1505.63,nan,64874
full,martingale#1,C,1596.88,nan,55800
full,martingale#1,C,1688.13,nan,46730
full,martingale#1,C,1779.38,nan,37665
full,martingale#2,A,31.875,75000,212117
full,martingale#2,A,35.625,82500,211718
full,martingale#2,A,39.375,90000,211418
full,martingale#2,A,43.125,97500,211018
full,martingale#2,A,46.875,110000,210618
full,martingale#2,A,50.625,120000,210218
full,martingale#2,A,54.375,130000,209918
full,martingale#2,A,58.125,140000,209518
full,martingale#2,A,61.875,150000,209118
full,martingale#2,A,65.625,160000,208719
full,martingale#2,A,69.375,170000,208419
full,martingale#2,A,73.125,170000,208019
full,martingale#2,A,76.875,190000,207619
full,martingale#2,A,80.625,200000,207219
full,martingale#2,A,84.375,250000,206919
full,martingale#2,A,88.125,250000,206519
full,martingale#2,B,98.5946,190000,205419
full,martingale#2,B,115.782,250000,203719
full,martingale#2,B,132.97,300000,202020
full,martingale#2,B,150.157,400000,200320
full,martingale#2,B,167.345,500000,198621
full,martingale#2,B,184.532,1e+06,196821
full,martingale#2,B,201.72,1e+06,195121
full,martingale#2,B,218.907,1e+06,193421
full,martingale#2,B,236.095,nan,191721
full,martingale#2,B,253.282,nan,190022
full,martingale#2,B,270.47,nan,188322
full,martingale#2,B,287.657,nan,186522
full,martingale#2,B,304.845,nan,184822
full,martingale#2,B,322.032,nan,183123
full,martingale#2,B,339.22,nan,181423
full,martingale#2,B,356.407,nan,179724
full,martingale#2,C,410.626,nan,174226
full,martingale#2,C,501.876,nan,165128
full,martingale#2,C,593.126,nan,156031
full,martingale#2,C,684.376,nan,146939
full,martingale#2,C,775.626,nan,137745
full,martingale#2,C,866.876,nan,128664
full,martingale#2,C,958.126,nan,119575
full,martingale#2,C,1049.38,nan,110491
full,martingale#2,C,1140.63,nan,101308
full,martingale#2,C,1231.88,nan,92224
full,martingale#2,C,1323.13,nan,83140
full,martingale#2,C,1414.38,nan,74060
full,martingale#2,C,1505.63,nan,64878
full,martingale#2,C,1596.88,nan,55814
full,martingale#2,C,1688.13,nan,46736
full,martingale#2,C,1779.38,nan,37664
full,martingale#3,A,31.875,75000,212106
full,martingale#3,A,35.625,80000,211706
full,martingale#3,A,39.375,85000,211406
full,martingale#3,A,43.125,92500,211006
full,martingale#3,A,46.875,100000,210606
full,martingale#3,A,50.625,110000,210207
full,martingale#3,A,54.375,120000,209908
full,martingale#3,A,58.125,130000,209508
full,martingale#3,A,61.875,130000,209108
full,martingale#3,A,65.625,140000,208708
full,martingale#3,A,69.375,150000,208408
full,martingale#3,A,73.125,160000,208008
full,martingale#3,A,76.875,170000,207608
full,martingale#3,A,80.625,180000,207208
full,martingale#3,A,84.375,190000,206908
full,martingale#3,A,88.125,200000,206508
full,martingale#3,B,98.5946,170000,205408
full,martingale#3,B,115.782,250000,203708
full,martingale#3,B,132.97,300000,202009
full,martingale#3,B,150.157,400000,200309
full,martingale#3,B,167.345,400000,198610
full,martingale#3,B,184.532,500000,196812
full,martingale#3,B,201.72,1e+06,195112
full,martingale#3,B,218.907,1e+06,193412
full,martingale#3,B,236.095,1e+06,191713
full,martingale#3,B,253.282,nan,190014
full,martingale#3,B,270.47,nan,188314
full,martingale#3,B,287.657,nan,186514
full,martingale#3,B,304.845,nan,184814
full,martingale#3,B,322.032,nan,183116
full,martingale#3,B,339.22,nan,181417
full,martingale#3,B,356.407,nan,179721
full,martingale#3,C,410.626,nan,174223
full,martingale#3,C,501.876,nan,165126
full,martingale#3,C,593.126,nan,156029
full,martingale#3,C,684.376,nan,146933
full,martingale#3,C,775.626,nan,137740
full,martingale#3,C,866.876,nan,128653
full,martingale#3,C,958.126,nan,119563
full,martingale#3,C,1049.38,nan,110473
full,martingale#3,C,1140.63,nan,101286
full,martingale#3,C,1231.88,nan,92201
full,martingale#3,C,1323.13,nan,83130
full,martingale#3,C,1414.38,nan,74054
full,martingale#3,C,1505.63,nan,64880
full,martingale#3,C,1596.88,nan,55805
full,martingale#3,C,1688.13,nan,46734
full,martingale#3,C,1779.38,nan,37657
full,martingale,A,31.875,77500,212116
full,martingale,A,35.625,85000,211716
full,martingale,A,39.375,90000,211416
full,martingale,A,43.125,97500,211016
full,martingale,A,46.875,110000,210618
full,martingale,A,50.625,120000,210218
full,martingale,A,54.375,130000,209918
full,martingale,A,58.125,140000,209518
full,martingale,A,61.875,150000,209118
full,martingale,A,65.625,160000,208718
full,martingale,A,69.375,170000,208418
full,martingale,A,73.125,180000,208018
full,martingale,A,76.875,190000,207618
full,martingale,A,80.625,200000,207218
full,martingale,A,84.375,250000,206918
full,martingale,A,88.125,250000,206518
full,martingale,B,98.5946,190000,205418
full,martingale,B,115.782,250000,203719
full,martingale,B,132.97,300000,202019
full,martingale,B,150.157,400000,200321
full,martingale,B,167.345,500000,198621
full,martingale,B,184.532,1e+06,196823
full,martingale,B,201.72,1e+06,195123
full,martingale,B,218.907,1e+06,193423
full,martingale,B,236.095,nan,191724
full,martingale,B,253.282,nan,190025
full,martingale,B,270.47,nan,188325
full,martingale,B,287.657,nan,186525
full,martingale,B,304.845,nan,184825
full,martingale,B,322.032,nan,183125
full,martingale,B,339.22,nan,181425
full,martingale,B,356.407,nan,179725
full,martingale,C,410.626,nan,174225
full,martingale,C,501.876,nan,165130
full,martingale,C,593.126,nan,156034
full,martingale,C,684.376,nan,146942
full,martingale,C,775.626,nan,137746
full,martingale,C,866.876,nan,128653
full,martingale,C,958.126,nan,119564
full,martingale,C,1049.38,nan,110476
full,martingale,C,1140.63,nan,101283
full,martingale,C,1231.88,nan,92196
full,martingale,C,1323.13,nan,83113
full,martingale,C,1414.38,nan,74043
full,martingale,C,1505.63,nan,64874
full,martingale,C,1596.88,nan,55800
full,martingale,C,1688.13,nan,46730
full,martingale,C,1779.38,nan,37665
full,history,A,31.875,97500,2566
full,history,A,35.625,110000,2562
full,history,A,39.375,110000,2559
full,history,A,43.125,110000,2555
full,history,A,46.875,110000,2551
full,history,A,50.625,110000,2547
full,history,A,54.375,110000,2544
full,history,A,58.125,110000,2540
full,history,A,61.875,110000,2536
full,history,A,65.625,110000,2532
full,history,A,69.375,120000,2529
full,history,A,73.125,130000,2525
full,history,A,76.875,140000,2521
full,history,A,80.625,130000,2517
full,history,A,84.375,140000,2514
full,history,A,88.125,150000,2510
full,history,B,98.5946,150000,2499
full,history,B,115.782,190000,2482
full,history,B,132.97,250000,2465
full,history,B,150.157,170000,2448
full,history,B,167.345,180000,2431
full,history,B,184.532,250000,2413
full,history,B,201.72,400000,2396
full,history,B,218.907,400000,2379
full,history,B,236.095,400000,2362
full,history,B,253.282,400000,2345
full,history,B,270.47,300000,2328
full,history,B,287.657,300000,2310
full,history,B,304.845,250000,2293
full,history,B,322.032,250000,2276
full,history,B,339.22,250000,2259
full,history,B,356.407,250000,2242
full,history,C,410.626,140000,2187
full,history,C,501.876,92500,2096
full,history,C,593.126,140000,2005
full,history,C,684.376,110000,1914
full,history,C,775.626,92500,1822
full,history,C,866.876,140000,1731
full,history,C,958.126,190000,1640
full,history,C,1049.38,400000,1549
full,history,C,1140.63,250000,1457
full,history,C,1231.88,400000,1366
full,history,C,1323.13,400000,1275
full,history,C,1414.38,1e+06,1184
full,history,C,1505.63,1e+06,1092
full,history,C,1596.88,500000,1001
full,history,C,1688.13,1e+06,910
full,history,C,1779.38,1e+06,819
last365,bootstrap-30d#1,A,31.875,80000,211357
last365,bootstrap-30d#1,A,35.625,85000,210958
last365,bootstrap-30d#1,A,39.375,92500,210659
last365,bootstrap-30d#1,A,43.125,100000,210261
last365,bootstrap-30d#1,A,46.875,110000,209862
last365,bootstrap-30d#1,A,50.625,120000,209463
last365,bootstrap-30d#1,A,54.375,130000,209164
last365,bootstrap-30d#1,A,58.125,140000,208765
last365,bootstrap-30d#1,A,61.875,150000,208366
last365,bootstrap-30d#1,A,65.625,160000,207967
last365,bootstrap-30d#1,A,69.375,170000,207667
last365,bootstrap-30d#1,A,73.125,180000,207271
last365,bootstrap-30d#1,A,76.875,190000,206874
last365,bootstrap-30d#1,A,80.625,200000,206475
last365,bootstrap-30d#1,A,84.375,250000,206176
last365,bootstrap-30d#1,A,88.125,250000,205779
last365,bootstrap-30d#1,B,98.5946,250000,204686
last365,bootstrap-30d#1,B,115.782,300000,202997
last365,bootstrap-30d#1,B,132.97,400000,201307
last365,bootstrap-30d#1,B,150.157,500000,199613
last365,bootstrap-30d#1,B,167.345,1e+06,197917
last365,bootstrap-30d#1,B,184.532,1e+06,196127
last365,bootstrap-30d#1,B,201.72,1e+06,194435
last365,bootstrap-30d#1,B,218.907,1e+06,192743
last365,bootstrap-30d#1,B,236.095,nan,191051
last365,bootstrap-30d#1,B,253.282,nan,189353
last365,bootstrap-30d#1,B,270.47,nan,187659
last365,bootstrap-30d#1,B,287.657,nan,185869
last365,bootstrap-30d#1,B,304.845,nan,184180
last365,bootstrap-30d#1,B,322.032,nan,182487
last365,bootstrap-30d#1,B,339.22,nan,180792
last365,bootstrap-30d#1,B,356.407,nan,179102
last365,bootstrap-30d#1,C,410.626,nan,173634
last365,bootstrap-30d#1,C,501.876,nan,164566
last365,bootstrap-30d#1,C,593.126,nan,155496
last365,bootstrap-30d#1,C,684.376,nan,146433
last365,bootstrap-30d#1,C,775.626,nan,137283
last365,bootstrap-30d#1,C,866.876,nan,128225
last365,bootstrap-30d#1,C,958.126,nan,119185
last365,bootstrap-30d#1,C,1049.38,nan,110121
last365,bootstrap-30d#1,C,1140.63,nan,100970
last365,bootstrap-30d#1,C,1231.88,nan,91913
last365,bootstrap-30d#1,C,1323.13,nan,82858
last365,bootstrap-30d#1,C,1414.38,nan,73818
last365,bootstrap-30d#1,C,1505.63,nan,64685
last365,bootstrap-30d#1,C,1596.88,nan,55639
last365,bootstrap-30d#1,C,1688.13,nan,46597
last365,bootstrap-30d#1,C,1779.38,nan,37542
last365,bootstrap-30d#2,A,31.875,82500,211270
last365,bootstrap-30d#2,A,35.625,90000,210874
last365,bootstrap-30d#2,A,39.375,97500,210578
last365,bootstrap-30d#2,A,43.125,110000,210179
last365,bootstrap-30d#2,A,46.875,120000,209781
last365,bootstrap-30d#2,A,50.625,130000,209383
last365,bootstrap-30d#2,A,54.375,140000,209085
last365,bootstrap-30d#2,A,58.125,140000,208685
last365,bootstrap-30d#2,A,61.875,150000,208286
last365,bootstrap-30d#2,A,65.625,160000,207887
last365,bootstrap-30d#2,A,69.375,180000,207588
last365,bootstrap-30d#2,A,73.125,190000,207190
last365,bootstrap-30d#2,A,76.875,200000,206796
last365,bootstrap-30d#2,A,80.625,250000,206397
last365,bootstrap-30d#2,A,84.375,250000,206100
last365,bootstrap-30d#2,A,88.125,250000,205701
last365,bootstrap-30d#2,B,98.5946,250000,204605
last365,bootstrap-30d#2,B,115.782,300000,202915
last365,bootstrap-30d#2,B,132.97,400000,201223
last365,bootstrap-30d#2,B,150.157,500000,199532
last365,bootstrap-30d#2,B,167.345,1e+06,197840
last365,bootstrap-30d#2,B,184.532,1e+06,196048
last365,bootstrap-30d#2,B,201.72,1e+06,194356
last365,bootstrap-30d#2,B,218.907,1e+06,192666
last365,bootstrap-30d#2,B,236.095,nan,190975
last365,bootstrap-30d#2,B,253.282,nan,189281
last365,bootstrap-30d#2,B,270.47,nan,187588
last365,bootstrap-30d#2,B,287.657,nan,185798
last365,bootstrap-30d#2,B,304.845,nan,184103
last365,bootstrap-30d#2,B,322.032,nan,182410
last365,bootstrap-30d#2,B,339.22,nan,180713
last365,bootstrap-30d#2,B,356.407,nan,179025
last365,bootstrap-30d#2,C,410.626,nan,173546
last365,bootstrap-30d#2,C,501.876,nan,164486
last365,bootstrap-30d#2,C,593.126,nan,155440
last365,bootstrap-30d#2,C,684.376,nan,146394
last365,bootstrap-30d#2,C,775.626,nan,137250
last365,bootstrap-30d#2,C,866.876,nan,128204
last365,bootstrap-30d#2,C,958.126,nan,119157
last365,bootstrap-30d#2,C,1049.38,nan,110112
last365,bootstrap-30d#2,C,1140.63,nan,100954
last365,bootstrap-30d#2,C,1231.88,nan,91906
last365,bootstrap-30d#2,C,1323.13,nan,82861
last365,bootstrap-30d#2,C,1414.38,nan,73816
last365,bootstrap-30d#2,C,1505.63,nan,64672
last365,bootstrap-30d#2,C,1596.88,nan,55632
last365,bootstrap-30d#2,C,1688.13,nan,46577
last365,bootstrap-30d#2,C,1779.38,nan,37545
last365,bootstrap-30d#3,A,31.875,82500,211377
last365,bootstrap-30d#3,A,35.625,87500,210980
last365,bootstrap-30d#3,A,39.375,97500,210680
last365,bootstrap-30d#3,A,43.125,110000,210282
last365,bootstrap-30d#3,A,46.875,110000,209884
last365,bootstrap-30d#3,A,50.625,120000,209486
last365,bootstrap-30d#3,A,54.375,130000,209187
last365,bootstrap-30d#3,A,58.125,140000,208788
last365,bootstrap-30d#3,A,61.875,150000,208389
last365,bootstrap-30d#3,A,65.625,160000,207990
last365,bootstrap-30d#3,A,69.375,170000,207691
last365,bootstrap-30d#3,A,73.125,180000,207292
last365,bootstrap-30d#3,A,76.875,190000,206895
last365,bootstrap-30d#3,A,80.625,200000,206495
last365,bootstrap-30d#3,A,84.375,250000,206197
last365,bootstrap-30d#3,A,88.125,250000,205798
last365,bootstrap-30d#3,B,98.5946,250000,204703
last365,bootstrap-30d#3,B,115.782,300000,203012
last365,bootstrap-30d#3,B,132.97,400000,201320
last365,bootstrap-30d#3,B,150.157,400000,199624
last365,bootstrap-30d#3,B,167.345,500000,197937
last365,bootstrap-30d#3,B,184.532,1e+06,196147
last365,bootstrap-30d#3,B,201.72,1e+06,194454
last365,bootstrap-30d#3,B,218.907,1e+06,192757
last365,bootstrap-30d#3,B,236.095,nan,191062
last365,bootstrap-30d#3,B,253.282,nan,189369
last365,bootstrap-30d#3,B,270.47,nan,187672
last365,bootstrap-30d#3,B,287.657,nan,185883
last365,bootstrap-30d#3,B,304.845,nan,184190
last365,bootstrap-30d#3,B,322.032,nan,182500
last365,bootstrap-30d#3,B,339.22,nan,180812
last365,bootstrap-30d#3,B,356.407,nan,179125
last365,bootstrap-30d#3,C,410.626,nan,173645
last365,bootstrap-30d#3,C,501.876,nan,164591
last365,bootstrap-30d#3,C,593.126,nan,155528
last365,bootstrap-30d#3,C,684.376,nan,146469
last365,bootstrap-30d#3,C,775.626,nan,137307
last365,bootstrap-30d#3,C,866.876,nan,128238
last365,bootstrap-30d#3,C,958.126,nan,119185
last365,bootstrap-30d#3,C,1049.38,nan,110134
last365,bootstrap-30d#3,C,1140.63,nan,100980
last365,bootstrap-30d#3,C,1231.88,nan,91921
last365,bootstrap-30d#3,C,1323.13,nan,82862
last365,bootstrap-30d#3,C,1414.38,nan,73814
last365,bootstrap-30d#3,C,1505.63,nan,64666
last365,bootstrap-30d#3,C,1596.88,nan,55624
last365,bootstrap-30d#3,C,1688.13,nan,46583
last365,bootstrap-30d#3,C,1779.38,nan,37539
last365,bootstrap-30d,A,31.875,80000,211357
last365,bootstrap-30d,A,35.625,87500,210958
last365,bootstrap-30d,A,39.375,95000,210659
last365,bootstrap-30d,A,43.125,110000,210261
last365,bootstrap-30d,A,46.875,110000,209862
last365,bootstrap-30d,A,50.625,120000,209463
last365,bootstrap-30d,A,54.375,130000,209164
last365,bootstrap-30d,A,58.125,140000,208765
last365,bootstrap-30d,A,61.875,150000,208366
last365,bootstrap-30d,A,65.625,160000,207967
last365,bootstrap-30d,A,69.375,170000,207667
last365,bootstrap-30d,A,73.125,180000,207271
last365,bootstrap-30d,A,76.875,190000,206874
last365,bootstrap-30d,A,80.625,250000,206475
last365,bootstrap-30d,A,84.375,250000,206176
last365,bootstrap-30d,A,88.125,250000,205779
last365,bootstrap-30d,B,98.5946,250000,204686
last365,bootstrap-30d,B,115.782,300000,202997
last365,bootstrap-30d,B,132.97,400000,201307
last365,bootstrap-30d,B,150.157,500000,199613
last365,bootstrap-30d,B,167.345,500000,197917
last365,bootstrap-30d,B,184.532,1e+06,196127
last365,bootstrap-30d,B,201.72,1e+06,194435
last365,bootstrap-30d,B,218.907,1e+06,192743
last365,bootstrap-30d,B,236.095,nan,191051
last365,bootstrap-30d,B,253.282,nan,189353
last365,bootstrap-30d,B,270.47,nan,187659
last365,bootstrap-30d,B,287.657,nan,185869
last365,bootstrap-30d,B,304.845,nan,184180
last365,bootstrap-30d,B,322.032,nan,182487
last365,bootstrap-30d,B,339.22,nan,180792
last365,bootstrap-30d,B,356.407,nan,179102
last365,bootstrap-30d,C,410.626,nan,173634
last365,bootstrap-30d,C,501.876,nan,164566
last365,bootstrap-30d,C,593.126,nan,155496
last365,bootstrap-30d,C,684.376,nan,146433
last365,bootstrap-30d,C,775.626,nan,137283
last365,bootstrap-30d,C,866.876,nan,128225
last365,bootstrap-30d,C,958.126,nan,119185
last365,bootstrap-30d,C,1049.38,nan,110121
last365,bootstrap-30d,C,1140.63,nan,100970
last365,bootstrap-30d,C,1231.88,nan,91913
last365,bootstrap-30d,C,1323.13,nan,82858
last365,bootstrap-30d,C,1414.38,nan,73818
last365,bootstrap-30d,C,1505.63,nan,64685
last365,bootstrap-30d,C,1596.88,nan,55639
last365,bootstrap-30d,C,1688.13,nan,46597
last365,bootstrap-30d,C,1779.38,nan,37542
last365,bootstrap-365d#1,A,31.875,70000,211188
last365,bootstrap-365d#1,A,35.625,77500,210788
last365,bootstrap-365d#1,A,39.375,85000,210491
last365,bootstrap-365d#1,A,43.125,90000,210092
last365,bootstrap-365d#1,A,46.875,92500,209694
last365,bootstrap-365d#1,A,50.625,110000,209295
last365,bootstrap-365d#1,A,54.375,110000,208998
last365,bootstrap-365d#1,A,58.125,120000,208601
last365,bootstrap-365d#1,A,61.875,120000,208206
last365,bootstrap-365d#1,A,65.625,130000,207810
last365,bootstrap-365d#1,A,69.375,140000,207512
last365,bootstrap-365d#1,A,73.125,150000,207114
last365,bootstrap-365d#1,A,76.875,160000,206714
last365,bootstrap-365d#1,A,80.625,170000,206316
last365,bootstrap-365d#1,A,84.375,180000,206016
last365,bootstrap-365d#1,A,88.125,190000,205623
last365,bootstrap-365d#1,B,98.5946,180000,204528
last365,bootstrap-365d#1,B,115.782,250000,202837
last365,bootstrap-365d#1,B,132.97,300000,201145
last365,bootstrap-365d#1,B,150.157,400000,199454
last365,bootstrap-365d#1,B,167.345,400000,197763
last365,bootstrap-365d#1,B,184.532,500000,195978
last365,bootstrap-365d#1,B,201.72,1e+06,194285
last365,bootstrap-365d#1,B,218.907,1e+06,192595
last365,bootstrap-365d#1,B,236.095,1e+06,190907
last365,bootstrap-365d#1,B,253.282,1e+06,189216
last365,bootstrap-365d#1,B,270.47,1e+06,187526
last365,bootstrap-365d#1,B,287.657,1e+06,185739
last365,bootstrap-365d#1,B,304.845,1e+06,184049
last365,bootstrap-365d#1,B,322.032,nan,182360
last365,bootstrap-365d#1,B,339.22,nan,180668
last365,bootstrap-365d#1,B,356.407,nan,178982
last365,bootstrap-365d#1,C,410.626,nan,173513
last365,bootstrap-365d#1,C,501.876,nan,164468
last365,bootstrap-365d#1,C,593.126,nan,155427
last365,bootstrap-365d#1,C,684.376,nan,146384
last365,bootstrap-365d#1,C,775.626,nan,137231
last365,bootstrap-365d#1,C,866.876,nan,128182
last365,bootstrap-365d#1,C,958.126,nan,119140
last365,bootstrap-365d#1,C,1049.38,nan,110090
last365,bootstrap-365d#1,C,1140.63,nan,100952
last365,bootstrap-365d#1,C,1231.88,nan,91903
last365,bootstrap-365d#1,C,1323.13,nan,82859
last365,bootstrap-365d#1,C,1414.38,nan,73808
last365,bootstrap-365d#1,C,1505.63,nan,64664
last365,bootstrap-365d#1,C,1596.88,nan,55616
last365,bootstrap-365d#1,C,1688.13,nan,46585
last365,bootstrap-365d#1,C,1779.38,nan,37544
last365,bootstrap-365d#2,A,31.875,67500,211303
last365,bootstrap-365d#2,A,35.625,77500,210905
last365,bootstrap-365d#2,A,39.375,82500,210607
last365,bootstrap-365d#2,A,43.125,87500,210207
last365,bootstrap-365d#2,A,46.875,92500,209808
last365,bootstrap-365d#2,A,50.625,110000,209410
last365,bootstrap-365d#2,A,54.375,110000,209112
last365,bootstrap-365d#2,A,58.125,110000,208712
last365,bootstrap-365d#2,A,61.875,120000,208316
last365,bootstrap-365d#2,A,65.625,130000,207921
last365,bootstrap-365d#2,A,69.375,140000,207622
last365,bootstrap-365d#2,A,73.125,150000,207224
last365,bootstrap-365d#2,A,76.875,150000,206826
last365,bootstrap-365d#2,A,80.625,160000,206429
last365,bootstrap-365d#2,A,84.375,170000,206130
last365,bootstrap-365d#2,A,88.125,180000,205733
last365,bootstrap-365d#2,B,98.5946,170000,204635
last365,bootstrap-365d#2,B,115.782,250000,202949
last365,bootstrap-365d#2,B,132.97,300000,201260
last365,bootstrap-365d#2,B,150.157,400000,199575
last365,bootstrap-365d#2,B,167.345,400000,197884
last365,bootstrap-365d#2,B,184.532,500000,196097
last365,bootstrap-365d#2,B,201.72,1e+06,194408
last365,bootstrap-365d#2,B,218.907,1e+06,192718
last365,bootstrap-365d#2,B,236.095,1e+06,191023
last365,bootstrap-365d#2,B,253.282,1e+06,189331
last365,bootstrap-365d#2,B,270.47,1e+06,187639
last365,bootstrap-365d#2,B,287.657,nan,185848
last365,bootstrap-365d#2,B,304.845,nan,184157
last365,bootstrap-365d#2,B,322.032,nan,182467
last365,bootstrap-365d#2,B,339.22,nan,180770
last365,bootstrap-365d#2,B,356.407,nan,179078
last365,bootstrap-365d#2,C,410.626,nan,173602
last365,bootstrap-365d#2,C,501.876,nan,164555
last365,bootstrap-365d#2,C,593.126,nan,155492
last365,bootstrap-365d#2,C,684.376,nan,146435
last365,bootstrap-365d#2,C,775.626,nan,137269
last365,bootstrap-365d#2,C,866.876,nan,128209
last365,bootstrap-365d#2,C,958.126,nan,119179
last365,bootstrap-365d#2,C,1049.38,nan,110131
last365,bootstrap-365d#2,C,1140.63,nan,100990
last365,bootstrap-365d#2,C,1231.88,nan,91935
last365,bootstrap-365d#2,C,1323.13,nan,82900
last365,bootstrap-365d#2,C,1414.38,nan,73849
last365,bootstrap-365d#2,C,1505.63,nan,64701
last365,bootstrap-365d#2,C,1596.88,nan,55651
last365,bootstrap-365d#2,C,1688.13,nan,46608
last365,bootstrap-365d#2,C,1779.38,nan,37555
last365,bootstrap-365d#3,A,31.875,70000,211249
last365,bootstrap-365d#3,A,35.625,80000,210850
last365,bootstrap-365d#3,A,39.375,87500,210551
last365,bootstrap-365d#3,A,43.125,90000,210153
last365,bootstrap-365d#3,A,46.875,95000,209754
last365,bootstrap-365d#3,A,50.625,110000,209354
last365,bootstrap-365d#3,A,54.375,120000,209054
last365,bootstrap-365d#3,A,58.125,120000,208655
last365,bootstrap-365d#3,A,61.875,130000,208257
last365,bootstrap-365d#3,A,65.625,130000,207859
last365,bootstrap-365d#3,A,69.375,140000,207560
last365,bootstrap-365d#3,A,73.125,150000,207164
last365,bootstrap-365d#3,A,76.875,160000,206766
last365,bootstrap-365d#3,A,80.625,160000,206370
last365,bootstrap-365d#3,A,84.375,170000,206071
last365,bootstrap-365d#3,A,88.125,180000,205674
last365,bootstrap-365d#3,B,98.5946,170000,204580
last365,bootstrap-365d#3,B,115.782,250000,202893
last365,bootstrap-365d#3,B,132.97,250000,201200
last365,bootstrap-365d#3,B,150.157,400000,199504
last365,bootstrap-365d#3,B,167.345,400000,197806
last365,bootstrap-365d#3,B,184.532,500000,196015
last365,bootstrap-365d#3,B,201.72,1e+06,194321
last365,bootstrap-365d#3,B,218.907,1e+06,192629
last365,bootstrap-365d#3,B,236.095,1e+06,190941
last365,bootstrap-365d#3,B,253.282,1e+06,189252
last365,bootstrap-365d#3,B,270.47,1e+06,187562
last365,bootstrap-365d#3,B,287.657,1e+06,185770
last365,bootstrap-365d#3,B,304.845,nan,184077
last365,bootstrap-365d#3,B,322.032,nan,182391
last365,bootstrap-365d#3,B,339.22,nan,180703
last365,bootstrap-365d#3,B,356.407,nan,179014
last365,bootstrap-365d#3,C,410.626,nan,173551
last365,bootstrap-365d#3,C,501.876,nan,164508
last365,bootstrap-365d#3,C,593.126,nan,155457
last365,bootstrap-365d#3,C,684.376,nan,146427
last365,bootstrap-365d#3,C,775.626,nan,137273
last365,bootstrap-365d#3,C,866.876,nan,128217
last365,bootstrap-365d#3,C,958.126,nan,119165
last365,bootstrap-365d#3,C,1049.38,nan,110131
last365,bootstrap-365d#3,C,1140.63,nan,100996
last365,bootstrap-365d#3,C,1231.88,nan,91940
last365,bootstrap-365d#3,C,1323.13,nan,82889
last365,bootstrap-365d#3,C,1414.38,nan,73849
last365,bootstrap-365d#3,C,1505.63,nan,64713
last365,bootstrap-365d#3,C,1596.88,nan,55672
last365,bootstrap-365d#3,C,1688.13,nan,46608
last365,bootstrap-365d#3,C,1779.38,nan,37563
last365,bootstrap-365d,A,31.875,70000,211188
last365,bootstrap-365d,A,35.625,77500,210788
last365,bootstrap-365d,A,39.375,85000,210491
last365,bootstrap-365d,A,43.125,90000,210092
last365,bootstrap-365d,A,46.875,92500,209694
last365,bootstrap-365d,A,50.625,110000,209295
last365,bootstrap-365d,A,54.375,110000,208998
last365,bootstrap-365d,A,58.125,120000,208601
last365,bootstrap-365d,A,61.875,120000,208206
last365,bootstrap-365d,A,65.625,130000,207810
last365,bootstrap-365d,A,69.375,140000,207512
last365,bootstrap-365d,A,73.125,150000,207114
last365,bootstrap-365d,A,76.875,160000,206714
last365,bootstrap-365d,A,80.625,170000,206316
last365,bootstrap-365d,A,84.375,170000,206016
last365,bootstrap-365d,A,88.125,180000,205623
last365,bootstrap-365d,B,98.5946,170000,204528
last365,bootstrap-365d,B,115.782,250000,202837
last365,bootstrap-365d,B,132.97,300000,201145
last365,bootstrap-365d,B,150.157,400000,199454
last365,bootstrap-365d,B,167.345,400000,197763
last365,bootstrap-365d,B,184.532,500000,195978
last365,bootstrap-365d,B,201.72,1e+06,194285
last365,bootstrap-365d,B,218.907,1e+06,192595
last365,bootstrap-365d,B,236.095,1e+06,190907
last365,bootstrap-365d,B,253.282,1e+06,189216
last365,bootstrap-365d,B,270.47,1e+06,187526
last365,bootstrap-365d,B,287.657,1e+06,185739
last365,bootstrap-365d,B,304.845,nan,184049
last365,bootstrap-365d,B,322.032,nan,182360
last365,bootstrap-365d,B,339.22,nan,180668
last365,bootstrap-365d,B,356.407,nan,178982
last365,bootstrap-365d,C,410.626,nan,173513
last365,bootstrap-365d,C,501.876,nan,164468
last365,bootstrap-365d,C,593.126,nan,155427
last365,bootstrap-365d,C,684.376,nan,146384
last365,bootstrap-365d,C,775.626,nan,137231
last365,bootstrap-365d,C,866.876,nan,128182
last365,bootstrap-365d,C,958.126,nan,119140
last365,bootstrap-365d,C,1049.38,nan,110090
last365,bootstrap-365d,C,1140.63,nan,100952
last365,bootstrap-365d,C,1231.88,nan,91903
last365,bootstrap-365d,C,1323.13,nan,82859
last365,bootstrap-365d,C,1414.38,nan,73808
last365,bootstrap-365d,C,1505.63,nan,64664
last365,bootstrap-365d,C,1596.88,nan,55616
last365,bootstrap-365d,C,1688.13,nan,46585
last365,bootstrap-365d,C,1779.38,nan,37544
last365,regime#1,A,31.875,150000,210159
last365,regime#1,A,35.625,160000,209763
last365,regime#1,A,39.375,170000,209467
last365,regime#1,A,43.125,180000,209068
last365,regime#1,A,46.875,200000,208672
last365,regime#1,A,50.625,250000,208272
last365,regime#1,A,54.375,250000,207975
last365,regime#1,A,58.125,250000,207576
last365,regime#1,A,61.875,300000,207179
last365,regime#1,A,65.625,300000,206782
last365,regime#1,A,69.375,300000,206482
last365,regime#1,A,73.125,400000,206083
last365,regime#1,A,76.875,400000,205686
last365,regime#1,A,80.625,400000,205288
last365,regime#1,A,84.375,400000,204990
last365,regime#1,A,88.125,500000,204600
last365,regime#1,B,98.5946,400000,203518
last365,regime#1,B,115.782,500000,201832
last365,regime#1,B,132.97,1e+06,200154
last365,regime#1,B,150.157,1e+06,198474
last365,regime#1,B,167.345,1e+06,196793
last365,regime#1,B,184.532,1e+06,195011
last365,regime#1,B,201.72,nan,193322
last365,regime#1,B,218.907,nan,191635
last365,regime#1,B,236.095,nan,189949
last365,regime#1,B,253.282,nan,188265
last365,regime#1,B,270.47,nan,186577
last365,regime#1,B,287.657,nan,184795
last365,regime#1,B,304.845,nan,183108
last365,regime#1,B,322.032,nan,181426
last365,regime#1,B,339.22,nan,179740
last365,regime#1,B,356.407,nan,178052
last365,regime#1,C,410.626,nan,172596
last365,regime#1,C,501.876,nan,163586
last365,regime#1,C,593.126,nan,154571
last365,regime#1,C,684.376,nan,145556
last365,regime#1,C,775.626,nan,136438
last365,regime#1,C,866.876,nan,127430
last365,regime#1,C,958.126,nan,118430
last365,regime#1,C,1049.38,nan,109412
last365,regime#1,C,1140.63,nan,100302
last365,regime#1,C,1231.88,nan,91288
last365,regime#1,C,1323.13,nan,82287
last365,regime#1,C,1414.38,nan,73287
last365,regime#1,C,1505.63,nan,64186
last365,regime#1,C,1596.88,nan,55192
last365,regime#1,C,1688.13,nan,46221
last365,regime#1,C,1779.38,nan,37250
last365,regime#2,A,31.875,160000,209985
last365,regime#2,A,35.625,180000,209590
last365,regime#2,A,39.375,190000,209293
last365,regime#2,A,43.125,250000,208895
last365,regime#2,A,46.875,250000,208497
last365,regime#2,A,50.625,250000,208098
last365,regime#2,A,54.375,300000,207800
last365,regime#2,A,58.125,300000,207403
last365,regime#2,A,61.875,300000,207006
last365,regime#2,A,65.625,400000,206610
last365,regime#2,A,69.375,400000,206312
last365,regime#2,A,73.125,400000,205916
last365,regime#2,A,76.875,400000,205526
last365,regime#2,A,80.625,500000,205128
last365,regime#2,A,84.375,500000,204832
last365,regime#2,A,88.125,500000,204437
last365,regime#2,B,98.5946,500000,203346
last365,regime#2,B,115.782,1e+06,201666
last365,regime#2,B,132.97,1e+06,199987
last365,regime#2,B,150.157,1e+06,198306
last365,regime#2,B,167.345,nan,196620
last365,regime#2,B,184.532,nan,194840
last365,regime#2,B,201.72,nan,193155
last365,regime#2,B,218.907,nan,191466
last365,regime#2,B,236.095,nan,189775
last365,regime#2,B,253.282,nan,188093
last365,regime#2,B,270.47,nan,186410
last365,regime#2,B,287.657,nan,184627
last365,regime#2,B,304.845,nan,182949
last365,regime#2,B,322.032,nan,181265
last365,regime#2,B,339.22,nan,179580
last365,regime#2,B,356.407,nan,177894
last365,regime#2,C,410.626,nan,172444
last365,regime#2,C,501.876,nan,163441
last365,regime#2,C,593.126,nan,154431
last365,regime#2,C,684.376,nan,145446
last365,regime#2,C,775.626,nan,136345
last365,regime#2,C,866.876,nan,127337
last365,regime#2,C,958.126,nan,118352
last365,regime#2,C,1049.38,nan,109360
last365,regime#2,C,1140.63,nan,100265
last365,regime#2,C,1231.88,nan,91284
last365,regime#2,C,1323.13,nan,82277
last365,regime#2,C,1414.38,nan,73290
last365,regime#2,C,1505.63,nan,64210
last365,regime#2,C,1596.88,nan,55252
last365,regime#2,C,1688.13,nan,46268
last365,regime#2,C,1779.38,nan,37297
last365,regime#3,A,31.875,150000,210030
last365,regime#3,A,35.625,170000,209633
last365,regime#3,A,39.375,180000,209334
last365,regime#3,A,43.125,190000,208939
last365,regime#3,A,46.875,250000,208547
last365,regime#3,A,50.625,250000,208150
last365,regime#3,A,54.375,250000,207851
last365,regime#3,A,58.125,300000,207454
last365,regime#3,A,61.875,300000,207059
last365,regime#3,A,65.625,300000,206663
last365,regime#3,A,69.375,400000,206368
last365,regime#3,A,73.125,400000,205973
last365,regime#3,A,76.875,400000,205575
last365,regime#3,A,80.625,400000,205181
last365,regime#3,A,84.375,400000,204883
last365,regime#3,A,88.125,500000,204485
last365,regime#3,B,98.5946,400000,203402
last365,regime#3,B,115.782,500000,201714
last365,regime#3,B,132.97,1e+06,200027
last365,regime#3,B,150.157,1e+06,198338
last365,regime#3,B,167.345,1e+06,196665
last365,regime#3,B,184.532,nan,194884
last365,regime#3,B,201.72,nan,193208
last365,regime#3,B,218.907,nan,191525
last365,regime#3,B,236.095,nan,189840
last365,regime#3,B,253.282,nan,188148
last365,regime#3,B,270.47,nan,186466
last365,regime#3,B,287.657,nan,184681
last365,regime#3,B,304.845,nan,182997
last365,regime#3,B,322.032,nan,181316
last365,regime#3,B,339.22,nan,179637
last365,regime#3,B,356.407,nan,177958
last365,regime#3,C,410.626,nan,172519
last365,regime#3,C,501.876,nan,163519
last365,regime#3,C,593.126,nan,154525
last365,regime#3,C,684.376,nan,145507
last365,regime#3,C,775.626,nan,136380
last365,regime#3,C,866.876,nan,127378
last365,regime#3,C,958.126,nan,118384
last365,regime#3,C,1049.38,nan,109397
last365,regime#3,C,1140.63,nan,100294
last365,regime#3,C,1231.88,nan,91290
last365,regime#3,C,1323.13,nan,82287
last365,regime#3,C,1414.38,nan,73287
last365,regime#3,C,1505.63,nan,64203
last365,regime#3,C,1596.88,nan,55208
last365,regime#3,C,1688.13,nan,46217
last365,regime#3,C,1779.38,nan,37234
last365,regime,A,31.875,150000,210159
last365,regime,A,35.625,170000,209763
last365,regime,A,39.375,180000,209467
last365,regime,A,43.125,200000,209068
last365,regime,A,46.875,250000,208672
last365,regime,A,50.625,250000,208272
last365,regime,A,54.375,250000,207975
last365,regime,A,58.125,300000,207576
last365,regime,A,61.875,300000,207179
last365,regime,A,65.625,300000,206782
last365,regime,A,69.375,400000,206482
last365,regime,A,73.125,400000,206083
last365,regime,A,76.875,400000,205686
last365,regime,A,80.625,400000,205288
last365,regime,A,84.375,500000,204990
last365,regime,A,88.125,500000,204600
last365,regime,B,98.5946,400000,203518
last365,regime,B,115.782,1e+06,201832
last365,regime,B,132.97,1e+06,200154
last365,regime,B,150.157,1e+06,198474
last365,regime,B,167.345,1e+06,196793
last365,regime,B,184.532,nan,195011
last365,regime,B,201.72,nan,193322
last365,regime,B,218.907,nan,191635
last365,regime,B,236.095,nan,189949
last365,regime,B,253.282,nan,188265
last365,regime,B,270.47,nan,186577
last365,regime,B,287.657,nan,184795
last365,regime,B,304.845,nan,183108
last365,regime,B,322.032,nan,181426
last365,regime,B,339.22,nan,179740
last365,regime,B,356.407,nan,178052
last365,regime,C,410.626,nan,172596
last365,regime,C,501.876,nan,163586
last365,regime,C,593.126,nan,154571
last365,regime,C,684.376,nan,145556
last365,regime,C,775.626,nan,136438
last365,regime,C,866.876,nan,127430
last365,regime,C,958.126,nan,118430
last365,regime,C,1049.38,nan,109412
last365,regime,C,1140.63,nan,100302
last365,regime,C,1231.88,nan,91288
last365,regime,C,1323.13,nan,82287
last365,regime,C,1414.38,nan,73287
last365,regime,C,1505.63,nan,64186
last365,regime,C,1596.88,nan,55192
last365,regime,C,1688.13,nan,46221
last365,regime,C,1779.38,nan,37250
last365,martingale#1,A,31.875,130000,211850
last365,martingale#1,A,35.625,140000,211450
last365,martingale#1,A,39.375,160000,211150
last365,martingale#1,A,43.125,170000,210750
last365,martingale#1,A,46.875,190000,210350
last365,martingale#1,A,50.625,250000,209950
last365,martingale#1,A,54.375,250000,209650
last365,martingale#1,A,58.125,300000,209250
last365,martingale#1,A,61.875,300000,208850
last365,martingale#1,A,65.625,400000,208450
last365,martingale#1,A,69.375,400000,208150
last365,martingale#1,A,73.125,400000,207750
last365,martingale#1,A,76.875,500000,207350
last365,martingale#1,A,80.625,500000,206950
last365,martingale#1,A,84.375,500000,206650
last365,martingale#1,A,88.125,1e+06,206250
last365,martingale#1,B,98.5946,1e+06,205150
last365,martingale#1,B,115.782,1e+06,203450
last365,martingale#1,B,132.97,1e+06,201750
last365,martingale#1,B,150.157,nan,200051
last365,martingale#1,B,167.345,nan,198351
last365,martingale#1,B,184.532,nan,196551
last365,martingale#1,B,201.72,nan,194852
last365,martingale#1,B,218.907,nan,193153
last365,martingale#1,B,236.095,nan,191453
last365,martingale#1,B,253.282,nan,189753
last365,martingale#1,B,270.47,nan,188053
last365,martingale#1,B,287.657,nan,186253
last365,martingale#1,B,304.845,nan,184554
last365,martingale#1,B,322.032,nan,182854
last365,martingale#1,B,339.22,nan,181154
last365,martingale#1,B,356.407,nan,179455
last365,martingale#1,C,410.626,nan,173958
last365,martingale#1,C,501.876,nan,164861
last365,martingale#1,C,593.126,nan,155764
last365,martingale#1,C,684.376,nan,146672
last365,martingale#1,C,775.626,nan,137484
last365,martingale#1,C,866.876,nan,128391
last365,martingale#1,C,958.126,nan,119308
last365,martingale#1,C,1049.38,nan,110224
last365,martingale#1,C,1140.63,nan,101041
last365,martingale#1,C,1231.88,nan,91951
last365,martingale#1,C,1323.13,nan,82878
last365,martingale#1,C,1414.38,nan,73805
last365,martingale#1,C,1505.63,nan,64652
last365,martingale#1,C,1596.88,nan,55610
last365,martingale#1,C,1688.13,nan,46555
last365,martingale#1,C,1779.38,nan,37511
last365,martingale#2,A,31.875,130000,211794
last365,martingale#2,A,35.625,140000,211394
last365,martingale#2,A,39.375,150000,211094
last365,martingale#2,A,43.125,170000,210694
last365,martingale#2,A,46.875,180000,210294
last365,martingale#2,A,50.625,200000,209894
last365,martingale#2,A,54.375,250000,209594
last365,martingale#2,A,58.125,250000,209194
last365,martingale#2,A,61.875,300000,208794
last365,martingale#2,A,65.625,300000,208394
last365,martingale#2,A,69.375,400000,208094
last365,martingale#2,A,73.125,400000,207694
last365,martingale#2,A,76.875,400000,207294
last365,martingale#2,A,80.625,500000,206894
last365,martingale#2,A,84.375,500000,206594
last365,martingale#2,A,88.125,1e+06,206194
last365,martingale#2,B,98.5946,500000,205094
last365,martingale#2,B,115.782,1e+06,203394
last365,martingale#2,B,132.97,1e+06,201694
last365,martingale#2,B,150.157,nan,199994
last365,martingale#2,B,167.345,nan,198294
last365,martingale#2,B,184.532,nan,196494
last365,martingale#2,B,201.72,nan,194794
last365,martingale#2,B,218.907,nan,193094
last365,martingale#2,B,236.095,nan,191395
last365,martingale#2,B,253.282,nan,189695
last365,martingale#2,B,270.47,nan,187995
last365,martingale#2,B,287.657,nan,186195
last365,martingale#2,B,304.845,nan,184495
last365,martingale#2,B,322.032,nan,182795
last365,martingale#2,B,339.22,nan,181095
last365,martingale#2,B,356.407,nan,179395
last365,martingale#2,C,410.626,nan,173895
last365,martingale#2,C,501.876,nan,164797
last365,martingale#2,C,593.126,nan,155702
last365,martingale#2,C,684.376,nan,146606
last365,martingale#2,C,775.626,nan,137412
last365,martingale#2,C,866.876,nan,128317
last365,martingale#2,C,958.126,nan,119226
last365,martingale#2,C,1049.38,nan,110137
last365,martingale#2,C,1140.63,nan,100947
last365,martingale#2,C,1231.88,nan,91869
last365,martingale#2,C,1323.13,nan,82798
last365,martingale#2,C,1414.38,nan,73732
last365,martingale#2,C,1505.63,nan,64572
last365,martingale#2,C,1596.88,nan,55530
last365,martingale#2,C,1688.13,nan,46496
last365,martingale#2,C,1779.38,nan,37478
last365,martingale#3,A,31.875,130000,211853
last365,martingale#3,A,35.625,140000,211453
last365,martingale#3,A,39.375,150000,211153
last365,martingale#3,A,43.125,170000,210753
last365,martingale#3,A,46.875,190000,210353
last365,martingale#3,A,50.625,250000,209953
last365,martingale#3,A,54.375,250000,209654
last365,martingale#3,A,58.125,250000,209254
last365,martingale#3,A,61.875,300000,208854
last365,martingale#3,A,65.625,300000,208454
last365,martingale#3,A,69.375,400000,208154
last365,martingale#3,A,73.125,400000,207754
last365,martingale#3,A,76.875,400000,207354
last365,martingale#3,A,80.625,500000,206954
last365,martingale#3,A,84.375,500000,206654
last365,martingale#3,A,88.125,1e+06,206254
last365,martingale#3,B,98.5946,500000,205154
last365,martingale#3,B,115.782,1e+06,203454
last365,martingale#3,B,132.97,1e+06,201754
last365,martingale#3,B,150.157,nan,200054
last365,martingale#3,B,167.345,nan,198354
last365,martingale#3,B,184.532,nan,196554
last365,martingale#3,B,201.72,nan,194854
last365,martingale#3,B,218.907,nan,193154
last365,martingale#3,B,236.095,nan,191454
last365,martingale#3,B,253.282,nan,189754
last365,martingale#3,B,270.47,nan,188054
last365,martingale#3,B,287.657,nan,186254
last365,martingale#3,B,304.845,nan,184554
last365,martingale#3,B,322.032,nan,182855
last365,martingale#3,B,339.22,nan,181156
last365,martingale#3,B,356.407,nan,179456
last365,martingale#3,C,410.626,nan,173957
last365,martingale#3,C,501.876,nan,164858
last365,martingale#3,C,593.126,nan,155760
last365,martingale#3,C,684.376,nan,146664
last365,martingale#3,C,775.626,nan,137468
last365,martingale#3,C,866.876,nan,128371
last365,martingale#3,C,958.126,nan,119278
last365,martingale#3,C,1049.38,nan,110195
last365,martingale#3,C,1140.63,nan,101006
last365,martingale#3,C,1231.88,nan,91921
last365,martingale#3,C,1323.13,nan,82838
last365,martingale#3,C,1414.38,nan,73772
last365,martingale#3,C,1505.63,nan,64621
last365,martingale#3,C,1596.88,nan,55569
last365,martingale#3,C,1688.13,nan,46539
last365,martingale#3,C,1779.38,nan,37489
last365,martingale,A,31.875,130000,211850
last365,martingale,A,35.625,140000,211450
last365,martingale,A,39.375,150000,211150
last365,martingale,A,43.125,170000,210750
last365,martingale,A,46.875,190000,210350
last365,martingale,A,50.625,250000,209950
last365,martingale,A,54.375,250000,209650
last365,martingale,A,58.125,250000,209250
last365,martingale,A,61.875,300000,208850
last365,martingale,A,65.625,300000,208450
last365,martingale,A,69.375,400000,208150
last365,martingale,A,73.125,400000,207750
last365,martingale,A,76.875,500000,207350
last365,martingale,A,80.625,500000,206950
last365,martingale,A,84.375,500000,206650
last365,martingale,A,88.125,1e+06,206250
last365,martingale,B,98.5946,500000,205150
last365,martingale,B,115.782,1e+06,203450
last365,martingale,B,132.97,1e+06,201750
last365,martingale,B,150.157,nan,200051
last365,martingale,B,167.345,nan,198351
last365,martingale,B,184.532,nan,196551
last365,martingale,B,201.72,nan,194852
last365,martingale,B,218.907,nan,193153
last365,martingale,B,236.095,nan,191453
last365,martingale,B,253.282,nan,189753
last365,martingale,B,270.47,nan,188053
last365,martingale,B,287.657,nan,186253
last365,martingale,B,304.845,nan,184554
last365,martingale,B,322.032,nan,182854
last365,martingale,B,339.22,nan,181154
last365,martingale,B,356.407,nan,179455
last365,martingale,C,410.626,nan,173958
last365,martingale,C,501.876,nan,164861
last365,martingale,C,593.126,nan,155764
last365,martingale,C,684.376,nan,146672
last365,martingale,C,775.626,nan,137484
last365,martingale,C,866.876,nan,128391
last365,martingale,C,958.126,nan,119308
last365,martingale,C,1049.38,nan,110224
last365,martingale,C,1140.63,nan,101041
last365,martingale,C,1231.88,nan,91951
last365,martingale,C,1323.13,nan,82878
last365,martingale,C,1414.38,nan,73805
last365,martingale,C,1505.63,nan,64652
last365,martingale,C,1596.88,nan,55610
last365,martingale,C,1688.13,nan,46555
last365,martingale,C,1779.38,nan,37511
last365,history,A,31.875,45000,300
last365,history,A,35.625,55000,296
last365,history,A,39.375,57500,293
last365,history,A,43.125,60000,289
last365,history,A,46.875,55000,285
last365,history,A,50.625,75000,281
last365,history,A,54.375,55000,278
last365,history,A,58.125,52500,274
last365,history,A,61.875,45000,270
last365,history,A,65.625,42500,266
last365,history,A,69.375,47500,263
last365,history,A,73.125,47500,259
last365,history,A,76.875,52500,255
last365,history,A,80.625,57500,251
last365,history,A,84.375,65000,248
last365,history,A,88.125,67500,244
last365,history,B,98.5946,72500,233
last365,history,B,115.782,67500,216
last365,history,B,132.97,47500,199
last365,history,B,150.157,35000,182
last365,history,B,167.345,40000,165
last365,history,B,184.532,42500,147
last365,history,B,201.72,62500,130
last365,history,B,218.907,80000,113
last365,history,B,236.095,97500,96
last365,history,B,253.282,70000,79
last365,history,B,270.47,40000,62
last365,history,B,287.657,25000,44
last365,history,B,304.845,22500,27
last365,history,B,322.032,20000,10
last365,history,B,339.22,nan,0
last365,history,B,356.407,nan,0
last365,history,C,410.626,nan,0
last365,history,C,501.876,nan,0
last365,history,C,593.126,nan,0
last365,history,C,684.376,nan,0
last365,history,C,775.626,nan,0
last365,history,C,866.876,nan,0
last365,history,C,958.126,nan,0
last365,history,C,1049.38,nan,0
last365,history,C,1140.63,nan,0
last365,history,C,1231.88,nan,0
last365,history,C,1323.13,nan,0
last365,history,C,1414.38,nan,0
last365,history,C,1505.63,nan,0
last365,history,C,1596.88,nan,0
last365,history,C,1688.13,nan,0
last365,history,C,1779.38,nan,0
2021-22,bootstrap-30d#1,A,31.875,42500,210856
2021-22,bootstrap-30d#1,A,35.625,45000,210459
2021-22,bootstrap-30d#1,A,39.375,47500,210161
2021-22,bootstrap-30d#1,A,43.125,50000,209764
2021-22,bootstrap-30d#1,A,46.875,50000,209366
2021-22,bootstrap-30d#1,A,50.625,52500,208968
2021-22,bootstrap-30d#1,A,54.375,55000,208668
2021-22,bootstrap-30d#1,A,58.125,57500,208271
2021-22,bootstrap-30d#1,A,61.875,57500,207875
2021-22,bootstrap-30d#1,A,65.625,60000,207477
2021-22,bootstrap-30d#1,A,69.375,62500,207177
2021-22,bootstrap-30d#1,A,73.125,65000,206780
2021-22,bootstrap-30d#1,A,76.875,65000,206382
2021-22,bootstrap-30d#1,A,80.625,67500,205984
2021-22,bootstrap-30d#1,A,84.375,70000,205685
2021-22,bootstrap-30d#1,A,88.125,72500,205289
2021-22,bootstrap-30d#1,B,98.5946,62500,204206
2021-22,bootstrap-30d#1,B,115.782,70000,202521
2021-22,bootstrap-30d#1,B,132.97,77500,200829
2021-22,bootstrap-30d#1,B,150.157,85000,199141
2021-22,bootstrap-30d#1,B,167.345,92500,197453
2021-22,bootstrap-30d#1,B,184.532,97500,195666
2021-22,bootstrap-30d#1,B,201.72,110000,193976
2021-22,bootstrap-30d#1,B,218.907,120000,192292
2021-22,bootstrap-30d#1,B,236.095,130000,190615
2021-22,bootstrap-30d#1,B,253.282,140000,188928
2021-22,bootstrap-30d#1,B,270.47,160000,187240
2021-22,bootstrap-30d#1,B,287.657,170000,185457
2021-22,bootstrap-30d#1,B,304.845,180000,183771
2021-22,bootstrap-30d#1,B,322.032,190000,182086
2021-22,bootstrap-30d#1,B,339.22,250000,180395
2021-22,bootstrap-30d#1,B,356.407,250000,178707
2021-22,bootstrap-30d#1,C,410.626,190000,173249
2021-22,bootstrap-30d#1,C,501.876,300000,164210
2021-22,bootstrap-30d#1,C,593.126,400000,155177
2021-22,bootstrap-30d#1,C,684.376,400000,146143
2021-22,bootstrap-30d#1,C,775.626,500000,137019
2021-22,bootstrap-30d#1,C,866.876,1e+06,127988
2021-22,bootstrap-30d#1,C,958.126,1e+06,118966
2021-22,bootstrap-30d#1,C,1049.38,1e+06,109941
2021-22,bootstrap-30d#1,C,1140.63,1e+06,100814
2021-22,bootstrap-30d#1,C,1231.88,nan,91776
2021-22,bootstrap-30d#1,C,1323.13,nan,82745
2021-22,bootstrap-30d#1,C,1414.38,nan,73727
2021-22,bootstrap-30d#1,C,1505.63,nan,64604
2021-22,bootstrap-30d#1,C,1596.88,nan,55582
2021-22,bootstrap-30d#1,C,1688.13,nan,46554
2021-22,bootstrap-30d#1,C,1779.38,nan,37518
2021-22,bootstrap-30d#2,A,31.875,45000,210813
2021-22,bootstrap-30d#2,A,35.625,47500,210416
2021-22,bootstrap-30d#2,A,39.375,47500,210119
2021-22,bootstrap-30d#2,A,43.125,52500,209720
2021-22,bootstrap-30d#2,A,46.875,52500,209320
2021-22,bootstrap-30d#2,A,50.625,57500,208922
2021-22,bootstrap-30d#2,A,54.375,60000,208626
2021-22,bootstrap-30d#2,A,58.125,60000,208231
2021-22,bootstrap-30d#2,A,61.875,62500,207832
2021-22,bootstrap-30d#2,A,65.625,67500,207437
2021-22,bootstrap-30d#2,A,69.375,70000,207140
2021-22,bootstrap-30d#2,A,73.125,72500,206745
2021-22,bootstrap-30d#2,A,76.875,75000,206348
2021-22,bootstrap-30d#2,A,80.625,77500,205949
2021-22,bootstrap-30d#2,A,84.375,82500,205651
2021-22,bootstrap-30d#2,A,88.125,85000,205252
2021-22,bootstrap-30d#2,B,98.5946,70000,204163
2021-22,bootstrap-30d#2,B,115.782,80000,202477
2021-22,bootstrap-30d#2,B,132.97,90000,200789
2021-22,bootstrap-30d#2,B,150.157,100000,199107
2021-22,bootstrap-30d#2,B,167.345,110000,197423
2021-22,bootstrap-30d#2,B,184.532,120000,195632
2021-22,bootstrap-30d#2,B,201.72,140000,193948
2021-22,bootstrap-30d#2,B,218.907,150000,192257
2021-22,bootstrap-30d#2,B,236.095,160000,190574
2021-22,bootstrap-30d#2,B,253.282,170000,188881
2021-22,bootstrap-30d#2,B,270.47,190000,187197
2021-22,bootstrap-30d#2,B,287.657,200000,185421
2021-22,bootstrap-30d#2,B,304.845,250000,183732
2021-22,bootstrap-30d#2,B,322.032,250000,182042
2021-22,bootstrap-30d#2,B,339.22,250000,180353
2021-22,bootstrap-30d#2,B,356.407,300000,178674
2021-22,bootstrap-30d#2,C,410.626,250000,173221
2021-22,bootstrap-30d#2,C,501.876,300000,164204
2021-22,bootstrap-30d#2,C,593.126,500000,155167
2021-22,bootstrap-30d#2,C,684.376,1e+06,146140
2021-22,bootstrap-30d#2,C,775.626,1e+06,137018
2021-22,bootstrap-30d#2,C,866.876,1e+06,127982
2021-22,bootstrap-30d#2,C,958.126,nan,118957
2021-22,bootstrap-30d#2,C,1049.38,nan,109944
2021-22,bootstrap-30d#2,C,1140.63,nan,100818
2021-22,bootstrap-30d#2,C,1231.88,nan,91776
2021-22,bootstrap-30d#2,C,1323.13,nan,82765
2021-22,bootstrap-30d#2,C,1414.38,nan,73736
2021-22,bootstrap-30d#2,C,1505.63,nan,64605
2021-22,bootstrap-30d#2,C,1596.88,nan,55579
2021-22,bootstrap-30d#2,C,1688.13,nan,46545
2021-22,bootstrap-30d#2,C,1779.38,nan,37510
2021-22,bootstrap-30d#3,A,31.875,45000,210820
2021-22,bootstrap-30d#3,A,35.625,45000,210421
2021-22,bootstrap-30d#3,A,39.375,47500,210123
2021-22,bootstrap-30d#3,A,43.125,50000,209727
2021-22,bootstrap-30d#3,A,46.875,52500,209329
2021-22,bootstrap-30d#3,A,50.625,55000,208934
2021-22,bootstrap-30d#3,A,54.375,57500,208635
2021-22,bootstrap-30d#3,A,58.125,60000,208239
2021-22,bootstrap-30d#3,A,61.875,60000,207847
2021-22,bootstrap-30d#3,A,65.625,62500,207449
2021-22,bootstrap-30d#3,A,69.375,65000,207152
2021-22,bootstrap-30d#3,A,73.125,70000,206754
2021-22,bootstrap-30d#3,A,76.875,70000,206357
2021-22,bootstrap-30d#3,A,80.625,72500,205958
2021-22,bootstrap-30d#3,A,84.375,77500,205661
2021-22,bootstrap-30d#3,A,88.125,80000,205263
2021-22,bootstrap-30d#3,B,98.5946,72500,204170
2021-22,bootstrap-30d#3,B,115.782,80000,202483
2021-22,bootstrap-30d#3,B,132.97,92500,200796
2021-22,bootstrap-30d#3,B,150.157,110000,199108
2021-22,bootstrap-30d#3,B,167.345,120000,197419
2021-22,bootstrap-30d#3,B,184.532,130000,195633
2021-22,bootstrap-30d#3,B,201.72,140000,193941
2021-22,bootstrap-30d#3,B,218.907,150000,192262
2021-22,bootstrap-30d#3,B,236.095,160000,190574
2021-22,bootstrap-30d#3,B,253.282,170000,188880
2021-22,bootstrap-30d#3,B,270.47,190000,187196
2021-22,bootstrap-30d#3,B,287.657,200000,185409
2021-22,bootstrap-30d#3,B,304.845,250000,183725
2021-22,bootstrap-30d#3,B,322.032,250000,182041
2021-22,bootstrap-30d#3,B,339.22,250000,180352
2021-22,bootstrap-30d#3,B,356.407,300000,178665
2021-22,bootstrap-30d#3,C,410.626,250000,173209
2021-22,bootstrap-30d#3,C,501.876,300000,164196
2021-22,bootstrap-30d#3,C,593.126,500000,155154
2021-22,bootstrap-30d#3,C,684.376,500000,146130
2021-22,bootstrap-30d#3,C,775.626,1e+06,137014
2021-22,bootstrap-30d#3,C,866.876,1e+06,127990
2021-22,bootstrap-30d#3,C,958.126,1e+06,118972
2021-22,bootstrap-30d#3,C,1049.38,1e+06,109943
2021-22,bootstrap-30d#3,C,1140.63,nan,100805
2021-22,bootstrap-30d#3,C,1231.88,nan,91759
2021-22,bootstrap-30d#3,C,1323.13,nan,82738
2021-22,bootstrap-30d#3,C,1414.38,nan,73712
2021-22,bootstrap-30d#3,C,1505.63,nan,64593
2021-22,bootstrap-30d#3,C,1596.88,nan,55554
2021-22,bootstrap-30d#3,C,1688.13,nan,46522
2021-22,bootstrap-30d#3,C,1779.38,nan,37507
2021-22,bootstrap-30d,A,31.875,45000,210856
2021-22,bootstrap-30d,A,35.625,45000,210459
2021-22,bootstrap-30d,A,39.375,47500,210161
2021-22,bootstrap-30d,A,43.125,50000,209764
2021-22,bootstrap-30d,A,46.875,52500,209366
2021-22,bootstrap-30d,A,50.625,55000,208968
2021-22,bootstrap-30d,A,54.375,57500,208668
2021-22,bootstrap-30d,A,58.125,60000,208271
2021-22,bootstrap-30d,A,61.875,60000,207875
2021-22,bootstrap-30d,A,65.625,62500,207477
2021-22,bootstrap-30d,A,69.375,65000,207177
2021-22,bootstrap-30d,A,73.125,67500,206780
2021-22,bootstrap-30d,A,76.875,70000,206382
2021-22,bootstrap-30d,A,80.625,72500,205984
2021-22,bootstrap-30d,A,84.375,75000,205685
2021-22,bootstrap-30d,A,88.125,77500,205289
2021-22,bootstrap-30d,B,98.5946,67500,204206
2021-22,bootstrap-30d,B,115.782,77500,202521
2021-22,bootstrap-30d,B,132.97,85000,200829
2021-22,bootstrap-30d,B,150.157,95000,199141
2021-22,bootstrap-30d,B,167.345,110000,197453
2021-22,bootstrap-30d,B,184.532,120000,195666
2021-22,bootstrap-30d,B,201.72,130000,193976
2021-22,bootstrap-30d,B,218.907,140000,192292
2021-22,bootstrap-30d,B,236.095,150000,190615
2021-22,bootstrap-30d,B,253.282,160000,188928
2021-22,bootstrap-30d,B,270.47,180000,187240
2021-22,bootstrap-30d,B,287.657,190000,185457
2021-22,bootstrap-30d,B,304.845,200000,183771
2021-22,bootstrap-30d,B,322.032,250000,182086
2021-22,bootstrap-30d,B,339.22,250000,180395
2021-22,bootstrap-30d,B,356.407,250000,178707
2021-22,bootstrap-30d,C,410.626,200000,173249
2021-22,bootstrap-30d,C,501.876,300000,164210
2021-22,bootstrap-30d,C,593.126,400000,155177
2021-22,bootstrap-30d,C,684.376,500000,146143
2021-22,bootstrap-30d,C,775.626,1e+06,137019
2021-22,bootstrap-30d,C,866.876,1e+06,127988
2021-22,bootstrap-30d,C,958.126,1e+06,118966
2021-22,bootstrap-30d,C,1049.38,nan,109941
2021-22,bootstrap-30d,C,1140.63,nan,100814
2021-22,bootstrap-30d,C,1231.88,nan,91776
2021-22,bootstrap-30d,C,1323.13,nan,82745
2021-22,bootstrap-30d,C,1414.38,nan,73727
2021-22,bootstrap-30d,C,1505.63,nan,64604
2021-22,bootstrap-30d,C,1596.88,nan,55582
2021-22,bootstrap-30d,C,1688.13,nan,46554
2021-22,bootstrap-30d,C,1779.38,nan,37518
2021-22,bootstrap-365d#1,A,31.875,42500,210915
2021-22,bootstrap-365d#1,A,35.625,45000,210516
2021-22,bootstrap-365d#1,A,39.375,45000,210219
2021-22,bootstrap-365d#1,A,43.125,47500,209821
2021-22,bootstrap-365d#1,A,46.875,50000,209423
2021-22,bootstrap-365d#1,A,50.625,50000,209025
2021-22,bootstrap-365d#1,A,54.375,52500,208725
2021-22,bootstrap-365d#1,A,58.125,52500,208328
2021-22,bootstrap-365d#1,A,61.875,52500,207933
2021-22,bootstrap-365d#1,A,65.625,52500,207534
2021-22,bootstrap-365d#1,A,69.375,52500,207234
2021-22,bootstrap-365d#1,A,73.125,55000,206835
2021-22,bootstrap-365d#1,A,76.875,55000,206437
2021-22,bootstrap-365d#1,A,80.625,57500,206042
2021-22,bootstrap-365d#1,A,84.375,57500,205744
2021-22,bootstrap-365d#1,A,88.125,60000,205349
2021-22,bootstrap-365d#1,B,98.5946,52500,204259
2021-22,bootstrap-365d#1,B,115.782,57500,202571
2021-22,bootstrap-365d#1,B,132.97,62500,200879
2021-22,bootstrap-365d#1,B,150.157,70000,199189
2021-22,bootstrap-365d#1,B,167.345,82500,197504
2021-22,bootstrap-365d#1,B,184.532,100000,195719
2021-22,bootstrap-365d#1,B,201.72,110000,194033
2021-22,bootstrap-365d#1,B,218.907,110000,192342
2021-22,bootstrap-365d#1,B,236.095,120000,190654
2021-22,bootstrap-365d#1,B,253.282,130000,188964
2021-22,bootstrap-365d#1,B,270.47,140000,187275
2021-22,bootstrap-365d#1,B,287.657,150000,185491
2021-22,bootstrap-365d#1,B,304.845,160000,183801
2021-22,bootstrap-365d#1,B,322.032,170000,182114
2021-22,bootstrap-365d#1,B,339.22,180000,180428
2021-22,bootstrap-365d#1,B,356.407,200000,178747
2021-22,bootstrap-365d#1,C,410.626,170000,173290
2021-22,bootstrap-365d#1,C,501.876,250000,164246
2021-22,bootstrap-365d#1,C,593.126,300000,155205
2021-22,bootstrap-365d#1,C,684.376,400000,146183
2021-22,bootstrap-365d#1,C,775.626,500000,137046
2021-22,bootstrap-365d#1,C,866.876,500000,128008
2021-22,bootstrap-365d#1,C,958.126,1e+06,118976
2021-22,bootstrap-365d#1,C,1049.38,1e+06,109942
2021-22,bootstrap-365d#1,C,1140.63,1e+06,100813
2021-22,bootstrap-365d#1,C,1231.88,1e+06,91774
2021-22,bootstrap-365d#1,C,1323.13,nan,82749
2021-22,bootstrap-365d#1,C,1414.38,nan,73721
2021-22,bootstrap-365d#1,C,1505.63,nan,64606
2021-22,bootstrap-365d#1,C,1596.88,nan,55577
2021-22,bootstrap-365d#1,C,1688.13,nan,46564
2021-22,bootstrap-365d#1,C,1779.38,nan,37529
2021-22,bootstrap-365d#2,A,31.875,45000,210941
2021-22,bootstrap-365d#2,A,35.625,45000,210548
2021-22,bootstrap-365d#2,A,39.375,47500,210251
2021-22,bootstrap-365d#2,A,43.125,47500,209853
2021-22,bootstrap-365d#2,A,46.875,50000,209456
2021-22,bootstrap-365d#2,A,50.625,52500,209059
2021-22,bootstrap-365d#2,A,54.375,52500,208760
2021-22,bootstrap-365d#2,A,58.125,52500,208364
2021-22,bootstrap-365d#2,A,61.875,52500,207964
2021-22,bootstrap-365d#2,A,65.625,50000,207569
2021-22,bootstrap-365d#2,A,69.375,52500,207272
2021-22,bootstrap-365d#2,A,73.125,52500,206873
2021-22,bootstrap-365d#2,A,76.875,52500,206474
2021-22,bootstrap-365d#2,A,80.625,55000,206078
2021-22,bootstrap-365d#2,A,84.375,55000,205780
2021-22,bootstrap-365d#2,A,88.125,57500,205383
2021-22,bootstrap-365d#2,B,98.5946,50000,204295
2021-22,bootstrap-365d#2,B,115.782,55000,202605
2021-22,bootstrap-365d#2,B,132.97,60000,200917
2021-22,bootstrap-365d#2,B,150.157,67500,199228
2021-22,bootstrap-365d#2,B,167.345,80000,197540
2021-22,bootstrap-365d#2,B,184.532,97500,195755
2021-22,bootstrap-365d#2,B,201.72,110000,194063
2021-22,bootstrap-365d#2,B,218.907,110000,192379
2021-22,bootstrap-365d#2,B,236.095,110000,190693
2021-22,bootstrap-365d#2,B,253.282,120000,189001
2021-22,bootstrap-365d#2,B,270.47,130000,187318
2021-22,bootstrap-365d#2,B,287.657,130000,185535
2021-22,bootstrap-365d#2,B,304.845,140000,183847
2021-22,bootstrap-365d#2,B,322.032,150000,182161
2021-22,bootstrap-365d#2,B,339.22,160000,180477
2021-22,bootstrap-365d#2,B,356.407,170000,178784
2021-22,bootstrap-365d#2,C,410.626,140000,173317
2021-22,bootstrap-365d#2,C,501.876,180000,164274
2021-22,bootstrap-365d#2,C,593.126,250000,155255
2021-22,bootstrap-365d#2,C,684.376,300000,146223
2021-22,bootstrap-365d#2,C,775.626,400000,137088
2021-22,bootstrap-365d#2,C,866.876,400000,128048
2021-22,bootstrap-365d#2,C,958.126,500000,119018
2021-22,bootstrap-365d#2,C,1049.38,1e+06,109988
2021-22,bootstrap-365d#2,C,1140.63,1e+06,100851
2021-22,bootstrap-365d#2,C,1231.88,1e+06,91811
2021-22,bootstrap-365d#2,C,1323.13,1e+06,82778
2021-22,bootstrap-365d#2,C,1414.38,1e+06,73745
2021-22,bootstrap-365d#2,C,1505.63,nan,64616
2021-22,bootstrap-365d#2,C,1596.88,nan,55588
2021-22,bootstrap-365d#2,C,1688.13,nan,46569
2021-22,bootstrap-365d#2,C,1779.38,nan,37531
2021-22,bootstrap-365d#3,A,31.875,42500,210944
2021-22,bootstrap-365d#3,A,35.625,45000,210548
2021-22,bootstrap-365d#3,A,39.375,45000,210250
2021-22,bootstrap-365d#3,A,43.125,47500,209851
2021-22,bootstrap-365d#3,A,46.875,50000,209455
2021-22,bootstrap-365d#3,A,50.625,50000,209060
2021-22,bootstrap-365d#3,A,54.375,50000,208760
2021-22,bootstrap-365d#3,A,58.125,52500,208362
2021-22,bootstrap-365d#3,A,61.875,50000,207962
2021-22,bootstrap-365d#3,A,65.625,50000,207565
2021-22,bootstrap-365d#3,A,69.375,52500,207267
2021-22,bootstrap-365d#3,A,73.125,52500,206869
2021-22,bootstrap-365d#3,A,76.875,52500,206472
2021-22,bootstrap-365d#3,A,80.625,52500,206075
2021-22,bootstrap-365d#3,A,84.375,55000,205776
2021-22,bootstrap-365d#3,A,88.125,57500,205380
2021-22,bootstrap-365d#3,B,98.5946,50000,204288
2021-22,bootstrap-365d#3,B,115.782,55000,202595
2021-22,bootstrap-365d#3,B,132.97,60000,200915
2021-22,bootstrap-365d#3,B,150.157,67500,199222
2021-22,bootstrap-365d#3,B,167.345,80000,197534
2021-22,bootstrap-365d#3,B,184.532,95000,195744
2021-22,bootstrap-365d#3,B,201.72,100000,194057
2021-22,bootstrap-365d#3,B,218.907,97500,192366
2021-22,bootstrap-365d#3,B,236.095,110000,190673
2021-22,bootstrap-365d#3,B,253.282,120000,188989
2021-22,bootstrap-365d#3,B,270.47,130000,187303
2021-22,bootstrap-365d#3,B,287.657,140000,185520
2021-22,bootstrap-365d#3,B,304.845,150000,183840
2021-22,bootstrap-365d#3,B,322.032,160000,182146
2021-22,bootstrap-365d#3,B,339.22,160000,180458
2021-22,bootstrap-365d#3,B,356.407,170000,178769
2021-22,bootstrap-365d#3,C,410.626,160000,173310
2021-22,bootstrap-365d#3,C,501.876,250000,164287
2021-22,bootstrap-365d#3,C,593.126,250000,155251
2021-22,bootstrap-365d#3,C,684.376,300000,146208
2021-22,bootstrap-365d#3,C,775.626,400000,137095
2021-22,bootstrap-365d#3,C,866.876,500000,128055
2021-22,bootstrap-365d#3,C,958.126,1e+06,119025
2021-22,bootstrap-365d#3,C,1049.38,1e+06,109987
2021-22,bootstrap-365d#3,C,1140.63,nan,100859
2021-22,bootstrap-365d#3,C,1231.88,nan,91836
2021-22,bootstrap-365d#3,C,1323.13,nan,82800
2021-22,bootstrap-365d#3,C,1414.38,nan,73772
2021-22,bootstrap-365d#3,C,1505.63,nan,64639
2021-22,bootstrap-365d#3,C,1596.88,nan,55599
2021-22,bootstrap-365d#3,C,1688.13,nan,46567
2021-22,bootstrap-365d#3,C,1779.38,nan,37523
2021-22,bootstrap-365d,A,31.875,42500,210915
2021-22,bootstrap-365d,A,35.625,45000,210516
2021-22,bootstrap-365d,A,39.375,45000,210219
2021-22,bootstrap-365d,A,43.125,47500,209821
2021-22,bootstrap-365d,A,46.875,50000,209423
2021-22,bootstrap-365d,A,50.625,50000,209025
2021-22,bootstrap-365d,A,54.375,52500,208725
2021-22,bootstrap-365d,A,58.125,52500,208328
2021-22,bootstrap-365d,A,61.875,50000,207933
2021-22,bootstrap-365d,A,65.625,50000,207534
2021-22,bootstrap-365d,A,69.375,52500,207234
2021-22,bootstrap-365d,A,73.125,52500,206835
2021-22,bootstrap-365d,A,76.875,55000,206437
2021-22,bootstrap-365d,A,80.625,55000,206042
2021-22,bootstrap-365d,A,84.375,57500,205744
2021-22,bootstrap-365d,A,88.125,57500,205349
2021-22,bootstrap-365d,B,98.5946,50000,204259
2021-22,bootstrap-365d,B,115.782,55000,202571
2021-22,bootstrap-365d,B,132.97,60000,200879
2021-22,bootstrap-365d,B,150.157,67500,199189
2021-22,bootstrap-365d,B,167.345,80000,197504
2021-22,bootstrap-365d,B,184.532,97500,195719
2021-22,bootstrap-365d,B,201.72,110000,194033
2021-22,bootstrap-365d,B,218.907,110000,192342
2021-22,bootstrap-365d,B,236.095,120000,190654
2021-22,bootstrap-365d,B,253.282,120000,188964
2021-22,bootstrap-365d,B,270.47,130000,187275
2021-22,bootstrap-365d,B,287.657,140000,185491
2021-22,bootstrap-365d,B,304.845,150000,183801
2021-22,bootstrap-365d,B,322.032,160000,182114
2021-22,bootstrap-365d,B,339.22,170000,180428
2021-22,bootstrap-365d,B,356.407,180000,178747
2021-22,bootstrap-365d,C,410.626,160000,173290
2021-22,bootstrap-365d,C,501.876,200000,164246
2021-22,bootstrap-365d,C,593.126,250000,155205
2021-22,bootstrap-365d,C,684.376,300000,146183
2021-22,bootstrap-365d,C,775.626,400000,137046
2021-22,bootstrap-365d,C,866.876,500000,128008
2021-22,bootstrap-365d,C,958.126,1e+06,118976
2021-22,bootstrap-365d,C,1049.38,1e+06,109942
2021-22,bootstrap-365d,C,1140.63,1e+06,100813
2021-22,bootstrap-365d,C,1231.88,1e+06,91774
2021-22,bootstrap-365d,C,1323.13,nan,82749
2021-22,bootstrap-365d,C,1414.38,nan,73721
2021-22,bootstrap-365d,C,1505.63,nan,64606
2021-22,bootstrap-365d,C,1596.88,nan,55577
2021-22,bootstrap-365d,C,1688.13,nan,46564
2021-22,bootstrap-365d,C,1779.38,nan,37529
2021-22,regime#1,A,31.875,180000,209049
2021-22,regime#1,A,35.625,190000,208653
2021-22,regime#1,A,39.375,250000,208356
2021-22,regime#1,A,43.125,250000,207959
2021-22,regime#1,A,46.875,250000,207562
2021-22,regime#1,A,50.625,250000,207166
2021-22,regime#1,A,54.375,300000,206871
2021-22,regime#1,A,58.125,300000,206476
2021-22,regime#1,A,61.875,400000,206080
2021-22,regime#1,A,65.625,400000,205683
2021-22,regime#1,A,69.375,400000,205388
2021-22,regime#1,A,73.125,400000,204990
2021-22,regime#1,A,76.875,400000,204592
2021-22,regime#1,A,80.625,500000,204196
2021-22,regime#1,A,84.375,500000,203900
2021-22,regime#1,A,88.125,500000,203507
2021-22,regime#1,B,98.5946,400000,202423
2021-22,regime#1,B,115.782,500000,200742
2021-22,regime#1,B,132.97,1e+06,199067
2021-22,regime#1,B,150.157,1e+06,197386
2021-22,regime#1,B,167.345,1e+06,195704
2021-22,regime#1,B,184.532,1e+06,193933
2021-22,regime#1,B,201.72,nan,192259
2021-22,regime#1,B,218.907,nan,190581
2021-22,regime#1,B,236.095,nan,188902
2021-22,regime#1,B,253.282,nan,187229
2021-22,regime#1,B,270.47,nan,185554
2021-22,regime#1,B,287.657,nan,183780
2021-22,regime#1,B,304.845,nan,182107
2021-22,regime#1,B,322.032,nan,180422
2021-22,regime#1,B,339.22,nan,178751
2021-22,regime#1,B,356.407,nan,177065
2021-22,regime#1,C,410.626,nan,171635
2021-22,regime#1,C,501.876,nan,162674
2021-22,regime#1,C,593.126,nan,153689
2021-22,regime#1,C,684.376,nan,144707
2021-22,regime#1,C,775.626,nan,135663
2021-22,regime#1,C,866.876,nan,126697
2021-22,regime#1,C,958.126,nan,117742
2021-22,regime#1,C,1049.38,nan,108774
2021-22,regime#1,C,1140.63,nan,99704
2021-22,regime#1,C,1231.88,nan,90770
2021-22,regime#1,C,1323.13,nan,81846
2021-22,regime#1,C,1414.38,nan,72901
2021-22,regime#1,C,1505.63,nan,63857
2021-22,regime#1,C,1596.88,nan,54925
2021-22,regime#1,C,1688.13,nan,45957
2021-22,regime#1,C,1779.38,nan,37049
2021-22,regime#2,A,31.875,190000,208582
2021-22,regime#2,A,35.625,250000,208185
2021-22,regime#2,A,39.375,250000,207894
2021-22,regime#2,A,43.125,250000,207500
2021-22,regime#2,A,46.875,300000,207106
2021-22,regime#2,A,50.625,300000,206712
2021-22,regime#2,A,54.375,400000,206417
2021-22,regime#2,A,58.125,400000,206025
2021-22,regime#2,A,61.875,400000,205632
2021-22,regime#2,A,65.625,400000,205236
2021-22,regime#2,A,69.375,500000,204939
2021-22,regime#2,A,73.125,500000,204543
2021-22,regime#2,A,76.875,500000,204147
2021-22,regime#2,A,80.625,1e+06,203753
2021-22,regime#2,A,84.375,1e+06,203458
2021-22,regime#2,A,88.125,1e+06,203062
2021-22,regime#2,B,98.5946,500000,201972
2021-22,regime#2,B,115.782,1e+06,200300
2021-22,regime#2,B,132.97,1e+06,198622
2021-22,regime#2,B,150.157,1e+06,196945
2021-22,regime#2,B,167.345,nan,195268
2021-22,regime#2,B,184.532,nan,193492
2021-22,regime#2,B,201.72,nan,191812
2021-22,regime#2,B,218.907,nan,190131
2021-22,regime#2,B,236.095,nan,188457
2021-22,regime#2,B,253.282,nan,186784
2021-22,regime#2,B,270.47,nan,185114
2021-22,regime#2,B,287.657,nan,183345
2021-22,regime#2,B,304.845,nan,181684
2021-22,regime#2,B,322.032,nan,180005
2021-22,regime#2,B,339.22,nan,178335
2021-22,regime#2,B,356.407,nan,176666
2021-22,regime#2,C,410.626,nan,171247
2021-22,regime#2,C,501.876,nan,162329
2021-22,regime#2,C,593.126,nan,153412
2021-22,regime#2,C,684.376,nan,144499
2021-22,regime#2,C,775.626,nan,135459
2021-22,regime#2,C,866.876,nan,126512
2021-22,regime#2,C,958.126,nan,117577
2021-22,regime#2,C,1049.38,nan,108633
2021-22,regime#2,C,1140.63,nan,99619
2021-22,regime#2,C,1231.88,nan,90698
2021-22,regime#2,C,1323.13,nan,81764
2021-22,regime#2,C,1414.38,nan,72835
2021-22,regime#2,C,1505.63,nan,63825
2021-22,regime#2,C,1596.88,nan,54911
2021-22,regime#2,C,1688.13,nan,45979
2021-22,regime#2,C,1779.38,nan,37055
2021-22,regime#3,A,31.875,190000,208790
2021-22,regime#3,A,35.625,250000,208396
2021-22,regime#3,A,39.375,250000,208098
2021-22,regime#3,A,43.125,250000,207706
2021-22,regime#3,A,46.875,250000,207312
2021-22,regime#3,A,50.625,300000,206917
2021-22,regime#3,A,54.375,300000,206621
2021-22,regime#3,A,58.125,400000,206227
2021-22,regime#3,A,61.875,400000,205834
2021-22,regime#3,A,65.625,400000,205439
2021-22,regime#3,A,69.375,400000,205141
2021-22,regime#3,A,73.125,500000,204750
2021-22,regime#3,A,76.875,500000,204353
2021-22,regime#3,A,80.625,500000,203956
2021-22,regime#3,A,84.375,500000,203659
2021-22,regime#3,A,88.125,500000,203264
2021-22,regime#3,B,98.5946,400000,202188
2021-22,regime#3,B,115.782,500000,200523
2021-22,regime#3,B,132.97,1e+06,198842
2021-22,regime#3,B,150.157,1e+06,197160
2021-22,regime#3,B,167.345,1e+06,195492
2021-22,regime#3,B,184.532,1e+06,193716
2021-22,regime#3,B,201.72,nan,192038
2021-22,regime#3,B,218.907,nan,190354
2021-22,regime#3,B,236.095,nan,188674
2021-22,regime#3,B,253.282,nan,186994
2021-22,regime#3,B,270.47,nan,185322
2021-22,regime#3,B,287.657,nan,183542
2021-22,regime#3,B,304.845,nan,181871
2021-22,regime#3,B,322.032,nan,180196
2021-22,regime#3,B,339.22,nan,178525
2021-22,regime#3,B,356.407,nan,176863
2021-22,regime#3,C,410.626,nan,171468
2021-22,regime#3,C,501.876,nan,162493
2021-22,regime#3,C,593.126,nan,153529
2021-22,regime#3,C,684.376,nan,144578
2021-22,regime#3,C,775.626,nan,135504
2021-22,regime#3,C,866.876,nan,126544
2021-22,regime#3,C,958.126,nan,117597
2021-22,regime#3,C,1049.38,nan,108665
2021-22,regime#3,C,1140.63,nan,99597
2021-22,regime#3,C,1231.88,nan,90667
2021-22,regime#3,C,1323.13,nan,81729
2021-22,regime#3,C,1414.38,nan,72781
2021-22,regime#3,C,1505.63,nan,63773
2021-22,regime#3,C,1596.88,nan,54852
2021-22,regime#3,C,1688.13,nan,45905
2021-22,regime#3,C,1779.38,nan,37015
2021-22,regime,A,31.875,190000,209049
2021-22,regime,A,35.625,200000,208653
2021-22,regime,A,39.375,250000,208356
2021-22,regime,A,43.125,250000,207959
2021-22,regime,A,46.875,250000,207562
2021-22,regime,A,50.625,300000,207166
2021-22,regime,A,54.375,300000,206871
2021-22,regime,A,58.125,400000,206476
2021-22,regime,A,61.875,400000,206080
2021-22,regime,A,65.625,400000,205683
2021-22,regime,A,69.375,400000,205388
2021-22,regime,A,73.125,500000,204990
2021-22,regime,A,76.875,500000,204592
2021-22,regime,A,80.625,500000,204196
2021-22,regime,A,84.375,500000,203900
2021-22,regime,A,88.125,1e+06,203507
2021-22,regime,B,98.5946,400000,202423
2021-22,regime,B,115.782,500000,200742
2021-22,regime,B,132.97,1e+06,199067
2021-22,regime,B,150.157,1e+06,197386
2021-22,regime,B,167.345,1e+06,195704
2021-22,regime,B,184.532,nan,193933
2021-22,regime,B,201.72,nan,192259
2021-22,regime,B,218.907,nan,190581
2021-22,regime,B,236.095,nan,188902
2021-22,regime,B,253.282,nan,187229
2021-22,regime,B,270.47,nan,185554
2021-22,regime,B,287.657,nan,183780
2021-22,regime,B,304.845,nan,182107
2021-22,regime,B,322.032,nan,180422
2021-22,regime,B,339.22,nan,178751
2021-22,regime,B,356.407,nan,177065
2021-22,regime,C,410.626,nan,171635
2021-22,regime,C,501.876,nan,162674
2021-22,regime,C,593.126,nan,153689
2021-22,regime,C,684.376,nan,144707
2021-22,regime,C,775.626,nan,135663
2021-22,regime,C,866.876,nan,126697
2021-22,regime,C,958.126,nan,117742
2021-22,regime,C,1049.38,nan,108774
2021-22,regime,C,1140.63,nan,99704
2021-22,regime,C,1231.88,nan,90770
2021-22,regime,C,1323.13,nan,81846
2021-22,regime,C,1414.38,nan,72901
2021-22,regime,C,1505.63,nan,63857
2021-22,regime,C,1596.88,nan,54925
2021-22,regime,C,1688.13,nan,45957
2021-22,regime,C,1779.38,nan,37049
2021-22,martingale#1,A,31.875,62500,211971
2021-22,martingale#1,A,35.625,67500,211571
2021-22,martingale#1,A,39.375,75000,211271
2021-22,martingale#1,A,43.125,80000,210871
2021-22,martingale#1,A,46.875,85000,210471
2021-22,martingale#1,A,50.625,92500,210071
2021-22,martingale#1,A,54.375,97500,209771
2021-22,martingale#1,A,58.125,110000,209371
2021-22,martingale#1,A,61.875,110000,208971
2021-22,martingale#1,A,65.625,120000,208571
2021-22,martingale#1,A,69.375,120000,208271
2021-22,martingale#1,A,73.125,130000,207871
2021-22,martingale#1,A,76.875,140000,207471
2021-22,martingale#1,A,80.625,150000,207071
2021-22,martingale#1,A,84.375,150000,206771
2021-22,martingale#1,A,88.125,160000,206371
2021-22,martingale#1,B,98.5946,150000,205271
2021-22,martingale#1,B,115.782,190000,203571
2021-22,martingale#1,B,132.97,250000,201871
2021-22,martingale#1,B,150.157,400000,200171
2021-22,martingale#1,B,167.345,400000,198471
2021-22,martingale#1,B,184.532,500000,196671
2021-22,martingale#1,B,201.72,1e+06,194971
2021-22,martingale#1,B,218.907,1e+06,193271
2021-22,martingale#1,B,236.095,1e+06,191571
2021-22,martingale#1,B,253.282,nan,189871
2021-22,martingale#1,B,270.47,nan,188171
2021-22,martingale#1,B,287.657,nan,186371
2021-22,martingale#1,B,304.845,nan,184671
2021-22,martingale#1,B,322.032,nan,182971
2021-22,martingale#1,B,339.22,nan,181271
2021-22,martingale#1,B,356.407,nan,179571
2021-22,martingale#1,C,410.626,nan,174071
2021-22,martingale#1,C,501.876,nan,164971
2021-22,martingale#1,C,593.126,nan,155871
2021-22,martingale#1,C,684.376,nan,146771
2021-22,martingale#1,C,775.626,nan,137571
2021-22,martingale#1,C,866.876,nan,128471
2021-22,martingale#1,C,958.126,nan,119371
2021-22,martingale#1,C,1049.38,nan,110271
2021-22,martingale#1,C,1140.63,nan,101072
2021-22,martingale#1,C,1231.88,nan,91972
2021-22,martingale#1,C,1323.13,nan,82876
2021-22,martingale#1,C,1414.38,nan,73786
2021-22,martingale#1,C,1505.63,nan,64598
2021-22,martingale#1,C,1596.88,nan,55538
2021-22,martingale#1,C,1688.13,nan,46484
2021-22,martingale#1,C,1779.38,nan,37464
2021-22,martingale#2,A,31.875,62500,211929
2021-22,martingale#2,A,35.625,67500,211529
2021-22,martingale#2,A,39.375,70000,211229
2021-22,martingale#2,A,43.125,77500,210829
2021-22,martingale#2,A,46.875,82500,210429
2021-22,martingale#2,A,50.625,87500,210029
2021-22,martingale#2,A,54.375,92500,209729
2021-22,martingale#2,A,58.125,97500,209329
2021-22,martingale#2,A,61.875,110000,208929
2021-22,martingale#2,A,65.625,110000,208529
2021-22,martingale#2,A,69.375,120000,208229
2021-22,martingale#2,A,73.125,130000,207829
2021-22,martingale#2,A,76.875,140000,207429
2021-22,martingale#2,A,80.625,150000,207029
2021-22,martingale#2,A,84.375,150000,206729
2021-22,martingale#2,A,88.125,160000,206329
2021-22,martingale#2,B,98.5946,140000,205229
2021-22,martingale#2,B,115.782,180000,203529
2021-22,martingale#2,B,132.97,250000,201829
2021-22,martingale#2,B,150.157,300000,200129
2021-22,martingale#2,B,167.345,400000,198429
2021-22,martingale#2,B,184.532,500000,196629
2021-22,martingale#2,B,201.72,1e+06,194929
2021-22,martingale#2,B,218.907,1e+06,193229
2021-22,martingale#2,B,236.095,1e+06,191529
2021-22,martingale#2,B,253.282,1e+06,189829
2021-22,martingale#2,B,270.47,nan,188129
2021-22,martingale#2,B,287.657,nan,186329
2021-22,martingale#2,B,304.845,nan,184629
2021-22,martingale#2,B,322.032,nan,182929
2021-22,martingale#2,B,339.22,nan,181229
2021-22,martingale#2,B,356.407,nan,179529
2021-22,martingale#2,C,410.626,nan,174029
2021-22,martingale#2,C,501.876,nan,164929
2021-22,martingale#2,C,593.126,nan,155829
2021-22,martingale#2,C,684.376,nan,146729
2021-22,martingale#2,C,775.626,nan,137529
2021-22,martingale#2,C,866.876,nan,128429
2021-22,martingale#2,C,958.126,nan,119329
2021-22,martingale#2,C,1049.38,nan,110229
2021-22,martingale#2,C,1140.63,nan,101029
2021-22,martingale#2,C,1231.88,nan,91932
2021-22,martingale#2,C,1323.13,nan,82836
2021-22,martingale#2,C,1414.38,nan,73744
2021-22,martingale#2,C,1505.63,nan,64570
2021-22,martingale#2,C,1596.88,nan,55524
2021-22,martingale#2,C,1688.13,nan,46482
2021-22,martingale#2,C,1779.38,nan,37449
2021-22,martingale#3,A,31.875,60000,211956
2021-22,martingale#3,A,35.625,65000,211556
2021-22,martingale#3,A,39.375,70000,211256
2021-22,martingale#3,A,43.125,75000,210856
2021-22,martingale#3,A,46.875,80000,210456
2021-22,martingale#3,A,50.625,85000,210056
2021-22,martingale#3,A,54.375,90000,209756
2021-22,martingale#3,A,58.125,97500,209356
2021-22,martingale#3,A,61.875,110000,208956
2021-22,martingale#3,A,65.625,110000,208556
2021-22,martingale#3,A,69.375,120000,208256
2021-22,martingale#3,A,73.125,130000,207856
2021-22,martingale#3,A,76.875,130000,207456
2021-22,martingale#3,A,80.625,140000,207056
2021-22,martingale#3,A,84.375,150000,206756
2021-22,martingale#3,A,88.125,150000,206356
2021-22,martingale#3,B,98.5946,150000,205256
2021-22,martingale#3,B,115.782,180000,203556
2021-22,martingale#3,B,132.97,250000,201856
2021-22,martingale#3,B,150.157,300000,200156
2021-22,martingale#3,B,167.345,400000,198456
2021-22,martingale#3,B,184.532,500000,196656
2021-22,martingale#3,B,201.72,1e+06,194956
2021-22,martingale#3,B,218.907,1e+06,193256
2021-22,martingale#3,B,236.095,1e+06,191556
2021-22,martingale#3,B,253.282,1e+06,189856
2021-22,martingale#3,B,270.47,nan,188156
2021-22,martingale#3,B,287.657,nan,186356
2021-22,martingale#3,B,304.845,nan,184656
2021-22,martingale#3,B,322.032,nan,182956
2021-22,martingale#3,B,339.22,nan,181256
2021-22,martingale#3,B,356.407,nan,179556
2021-22,martingale#3,C,410.626,nan,174056
2021-22,martingale#3,C,501.876,nan,164956
2021-22,martingale#3,C,593.126,nan,155856
2021-22,martingale#3,C,684.376,nan,146756
2021-22,martingale#3,C,775.626,nan,137556
2021-22,martingale#3,C,866.876,nan,128456
2021-22,martingale#3,C,958.126,nan,119356
2021-22,martingale#3,C,1049.38,nan,110256
2021-22,martingale#3,C,1140.63,nan,101056
2021-22,martingale#3,C,1231.88,nan,91958
2021-22,martingale#3,C,1323.13,nan,82859
2021-22,martingale#3,C,1414.38,nan,73768
2021-22,martingale#3,C,1505.63,nan,64581
2021-22,martingale#3,C,1596.88,nan,55521
2021-22,martingale#3,C,1688.13,nan,46486
2021-22,martingale#3,C,1779.38,nan,37475
2021-22,martingale,A,31.875,62500,211971
2021-22,martingale,A,35.625,67500,211571
2021-22,martingale,A,39.375,72500,211271
2021-22,martingale,A,43.125,77500,210871
2021-22,martingale,A,46.875,82500,210471
2021-22,martingale,A,50.625,87500,210071
2021-22,martingale,A,54.375,92500,209771
2021-22,martingale,A,58.125,100000,209371
2021-22,martingale,A,61.875,110000,208971
2021-22,martingale,A,65.625,120000,208571
2021-22,martingale,A,69.375,120000,208271
2021-22,martingale,A,73.125,130000,207871
2021-22,martingale,A,76.875,140000,207471
2021-22,martingale,A,80.625,140000,207071
2021-22,martingale,A,84.375,150000,206771
2021-22,martingale,A,88.125,160000,206371
2021-22,martingale,B,98.5946,150000,205271
2021-22,martingale,B,115.782,190000,203571
2021-22,martingale,B,132.97,250000,201871
2021-22,martingale,B,150.157,300000,200171
2021-22,martingale,B,167.345,400000,198471
2021-22,martingale,B,184.532,500000,196671
2021-22,martingale,B,201.72,1e+06,194971
2021-22,martingale,B,218.907,1e+06,193271
2021-22,martingale,B,236.095,1e+06,191571
2021-22,martingale,B,253.282,1e+06,189871
2021-22,martingale,B,270.47,nan,188171
2021-22,martingale,B,287.657,nan,186371
2021-22,martingale,B,304.845,nan,184671
2021-22,martingale,B,322.032,nan,182971
2021-22,martingale,B,339.22,nan,181271
2021-22,martingale,B,356.407,nan,179571
2021-22,martingale,C,410.626,nan,174071
2021-22,martingale,C,501.876,nan,164971
2021-22,martingale,C,593.126,nan,155871
2021-22,martingale,C,684.376,nan,146771
2021-22,martingale,C,775.626,nan,137571
2021-22,martingale,C,866.876,nan,128471
2021-22,martingale,C,958.126,nan,119371
2021-22,martingale,C,1049.38,nan,110271
2021-22,martingale,C,1140.63,nan,101072
2021-22,martingale,C,1231.88,nan,91972
2021-22,martingale,C,1323.13,nan,82876
2021-22,martingale,C,1414.38,nan,73786
2021-22,martingale,C,1505.63,nan,64598
2021-22,martingale,C,1596.88,nan,55538
2021-22,martingale,C,1688.13,nan,46484
2021-22,martingale,C,1779.38,nan,37464
2021-22,history,A,31.875,47500,662
2021-22,history,A,35.625,47500,658
2021-22,history,A,39.375,47500,655
2021-22,history,A,43.125,50000,651
2021-22,history,A,46.875,52500,647
2021-22,history,A,50.625,55000,643
2021-22,history,A,54.375,55000,640
2021-22,history,A,58.125,52500,636
2021-22,history,A,61.875,50000,632
2021-22,history,A,65.625,50000,628
2021-22,history,A,69.375,52500,625
2021-22,history,A,73.125,50000,621
2021-22,history,A,76.875,47500,617
2021-22,history,A,80.625,45000,613
2021-22,history,A,84.375,40000,610
2021-22,history,A,88.125,42500,606
2021-22,history,B,98.5946,42500,595
2021-22,history,B,115.782,47500,578
2021-22,history,B,132.97,55000,561
2021-22,history,B,150.157,70000,544
2021-22,history,B,167.345,90000,527
2021-22,history,B,184.532,120000,509
2021-22,history,B,201.72,140000,492
2021-22,history,B,218.907,97500,475
2021-22,history,B,236.095,87500,458
2021-22,history,B,253.282,92500,441
2021-22,history,B,270.47,87500,424
2021-22,history,B,287.657,72500,406
2021-22,history,B,304.845,72500,389
2021-22,history,B,322.032,67500,372
2021-22,history,B,339.22,70000,355
2021-22,history,B,356.407,82500,338
2021-22,history,C,410.626,57500,283
2021-22,history,C,501.876,50000,192
2021-22,history,C,593.126,45000,103
2021-22,history,C,684.376,22500,12
2021-22,history,C,775.626,nan,0
2021-22,history,C,866.876,nan,0
2021-22,history,C,958.126,nan,0
2021-22,history,C,1049.38,nan,0
2021-22,history,C,1140.63,nan,0
2021-22,history,C,1231.88,nan,0
2021-22,history,C,1323.13,nan,0
2021-22,history,C,1414.38,nan,0
2021-22,history,C,1505.63,nan,0
2021-22,history,C,1596.88,nan,0
2021-22,history,C,1688.13,nan,0
2021-22,history,C,1779.38,nan,0
2025-26,bootstrap-30d#1,A,31.875,57500,211724
2025-26,bootstrap-30d#1,A,35.625,62500,211324
2025-26,bootstrap-30d#1,A,39.375,65000,211025
2025-26,bootstrap-30d#1,A,43.125,70000,210626
2025-26,bootstrap-30d#1,A,46.875,75000,210229
2025-26,bootstrap-30d#1,A,50.625,80000,209830
2025-26,bootstrap-30d#1,A,54.375,82500,209530
2025-26,bootstrap-30d#1,A,58.125,87500,209131
2025-26,bootstrap-30d#1,A,61.875,92500,208733
2025-26,bootstrap-30d#1,A,65.625,97500,208334
2025-26,bootstrap-30d#1,A,69.375,110000,208035
2025-26,bootstrap-30d#1,A,73.125,110000,207636
2025-26,bootstrap-30d#1,A,76.875,120000,207237
2025-26,bootstrap-30d#1,A,80.625,120000,206837
2025-26,bootstrap-30d#1,A,84.375,130000,206539
2025-26,bootstrap-30d#1,A,88.125,140000,206142
2025-26,bootstrap-30d#1,B,98.5946,130000,205043
2025-26,bootstrap-30d#1,B,115.782,160000,203354
2025-26,bootstrap-30d#1,B,132.97,190000,201663
2025-26,bootstrap-30d#1,B,150.157,250000,199969
2025-26,bootstrap-30d#1,B,167.345,300000,198276
2025-26,bootstrap-30d#1,B,184.532,400000,196484
2025-26,bootstrap-30d#1,B,201.72,400000,194790
2025-26,bootstrap-30d#1,B,218.907,500000,193094
2025-26,bootstrap-30d#1,B,236.095,1e+06,191396
2025-26,bootstrap-30d#1,B,253.282,1e+06,189698
2025-26,bootstrap-30d#1,B,270.47,1e+06,188004
2025-26,bootstrap-30d#1,B,287.657,1e+06,186211
2025-26,bootstrap-30d#1,B,304.845,1e+06,184514
2025-26,bootstrap-30d#1,B,322.032,nan,182821
2025-26,bootstrap-30d#1,B,339.22,nan,181124
2025-26,bootstrap-30d#1,B,356.407,nan,179427
2025-26,bootstrap-30d#1,C,410.626,nan,173949
2025-26,bootstrap-30d#1,C,501.876,nan,164885
2025-26,bootstrap-30d#1,C,593.126,nan,155810
2025-26,bootstrap-30d#1,C,684.376,nan,146747
2025-26,bootstrap-30d#1,C,775.626,nan,137578
2025-26,bootstrap-30d#1,C,866.876,nan,128504
2025-26,bootstrap-30d#1,C,958.126,nan,119444
2025-26,bootstrap-30d#1,C,1049.38,nan,110380
2025-26,bootstrap-30d#1,C,1140.63,nan,101207
2025-26,bootstrap-30d#1,C,1231.88,nan,92141
2025-26,bootstrap-30d#1,C,1323.13,nan,83073
2025-26,bootstrap-30d#1,C,1414.38,nan,74010
2025-26,bootstrap-30d#1,C,1505.63,nan,64836
2025-26,bootstrap-30d#1,C,1596.88,nan,55771
2025-26,bootstrap-30d#1,C,1688.13,nan,46712
2025-26,bootstrap-30d#1,C,1779.38,nan,37646
2025-26,bootstrap-30d#2,A,31.875,57500,211767
2025-26,bootstrap-30d#2,A,35.625,60000,211368
2025-26,bootstrap-30d#2,A,39.375,65000,211068
2025-26,bootstrap-30d#2,A,43.125,70000,210668
2025-26,bootstrap-30d#2,A,46.875,72500,210270
2025-26,bootstrap-30d#2,A,50.625,77500,209871
2025-26,bootstrap-30d#2,A,54.375,82500,209572
2025-26,bootstrap-30d#2,A,58.125,87500,209174
2025-26,bootstrap-30d#2,A,61.875,92500,208775
2025-26,bootstrap-30d#2,A,65.625,97500,208378
2025-26,bootstrap-30d#2,A,69.375,110000,208080
2025-26,bootstrap-30d#2,A,73.125,110000,207684
2025-26,bootstrap-30d#2,A,76.875,120000,207284
2025-26,bootstrap-30d#2,A,80.625,120000,206884
2025-26,bootstrap-30d#2,A,84.375,130000,206585
2025-26,bootstrap-30d#2,A,88.125,140000,206186
2025-26,bootstrap-30d#2,B,98.5946,130000,205089
2025-26,bootstrap-30d#2,B,115.782,160000,203396
2025-26,bootstrap-30d#2,B,132.97,190000,201702
2025-26,bootstrap-30d#2,B,150.157,250000,200005
2025-26,bootstrap-30d#2,B,167.345,300000,198311
2025-26,bootstrap-30d#2,B,184.532,400000,196520
2025-26,bootstrap-30d#2,B,201.72,400000,194824
2025-26,bootstrap-30d#2,B,218.907,500000,193130
2025-26,bootstrap-30d#2,B,236.095,500000,191433
2025-26,bootstrap-30d#2,B,253.282,1e+06,189737
2025-26,bootstrap-30d#2,B,270.47,1e+06,188042
2025-26,bootstrap-30d#2,B,287.657,1e+06,186248
2025-26,bootstrap-30d#2,B,304.845,1e+06,184552
2025-26,bootstrap-30d#2,B,322.032,nan,182855
2025-26,bootstrap-30d#2,B,339.22,nan,181159
2025-26,bootstrap-30d#2,B,356.407,nan,179461
2025-26,bootstrap-30d#2,C,410.626,nan,173968
2025-26,bootstrap-30d#2,C,501.876,nan,164895
2025-26,bootstrap-30d#2,C,593.126,nan,155826
2025-26,bootstrap-30d#2,C,684.376,nan,146758
2025-26,bootstrap-30d#2,C,775.626,nan,137594
2025-26,bootstrap-30d#2,C,866.876,nan,128523
2025-26,bootstrap-30d#2,C,958.126,nan,119448
2025-26,bootstrap-30d#2,C,1049.38,nan,110372
2025-26,bootstrap-30d#2,C,1140.63,nan,101204
2025-26,bootstrap-30d#2,C,1231.88,nan,92136
2025-26,bootstrap-30d#2,C,1323.13,nan,83066
2025-26,bootstrap-30d#2,C,1414.38,nan,73996
2025-26,bootstrap-30d#2,C,1505.63,nan,64829
2025-26,bootstrap-30d#2,C,1596.88,nan,55764
2025-26,bootstrap-30d#2,C,1688.13,nan,46693
2025-26,bootstrap-30d#2,C,1779.38,nan,37626
2025-26,bootstrap-30d#3,A,31.875,57500,211756
2025-26,bootstrap-30d#3,A,35.625,62500,211357
2025-26,bootstrap-30d#3,A,39.375,65000,211059
2025-26,bootstrap-30d#3,A,43.125,70000,210659
2025-26,bootstrap-30d#3,A,46.875,72500,210260
2025-26,bootstrap-30d#3,A,50.625,77500,209861
2025-26,bootstrap-30d#3,A,54.375,82500,209562
2025-26,bootstrap-30d#3,A,58.125,87500,209163
2025-26,bootstrap-30d#3,A,61.875,90000,208764
2025-26,bootstrap-30d#3,A,65.625,95000,208364
2025-26,bootstrap-30d#3,A,69.375,100000,208064
2025-26,bootstrap-30d#3,A,73.125,110000,207666
2025-26,bootstrap-30d#3,A,76.875,110000,207267
2025-26,bootstrap-30d#3,A,80.625,120000,206870
2025-26,bootstrap-30d#3,A,84.375,120000,206571
2025-26,bootstrap-30d#3,A,88.125,130000,206173
2025-26,bootstrap-30d#3,B,98.5946,130000,205075
2025-26,bootstrap-30d#3,B,115.782,160000,203378
2025-26,bootstrap-30d#3,B,132.97,190000,201682
2025-26,bootstrap-30d#3,B,150.157,250000,199989
2025-26,bootstrap-30d#3,B,167.345,300000,198294
2025-26,bootstrap-30d#3,B,184.532,400000,196498
2025-26,bootstrap-30d#3,B,201.72,400000,194805
2025-26,bootstrap-30d#3,B,218.907,500000,193112
2025-26,bootstrap-30d#3,B,236.095,1e+06,191417
2025-26,bootstrap-30d#3,B,253.282,1e+06,189721
2025-26,bootstrap-30d#3,B,270.47,1e+06,188028
2025-26,bootstrap-30d#3,B,287.657,1e+06,186237
2025-26,bootstrap-30d#3,B,304.845,1e+06,184542
2025-26,bootstrap-30d#3,B,322.032,nan,182849
2025-26,bootstrap-30d#3,B,339.22,nan,181157
2025-26,bootstrap-30d#3,B,356.407,nan,179462
2025-26,bootstrap-30d#3,C,410.626,nan,173978
2025-26,bootstrap-30d#3,C,501.876,nan,164908
2025-26,bootstrap-30d#3,C,593.126,nan,155844
2025-26,bootstrap-30d#3,C,684.376,nan,146777
2025-26,bootstrap-30d#3,C,775.626,nan,137602
2025-26,bootstrap-30d#3,C,866.876,nan,128528
2025-26,bootstrap-30d#3,C,958.126,nan,119452
2025-26,bootstrap-30d#3,C,1049.38,nan,110377
2025-26,bootstrap-30d#3,C,1140.63,nan,101213
2025-26,bootstrap-30d#3,C,1231.88,nan,92140
2025-26,bootstrap-30d#3,C,1323.13,nan,83084
2025-26,bootstrap-30d#3,C,1414.38,nan,74014
2025-26,bootstrap-30d#3,C,1505.63,nan,64845
2025-26,bootstrap-30d#3,C,1596.88,nan,55780
2025-26,bootstrap-30d#3,C,1688.13,nan,46710
2025-26,bootstrap-30d#3,C,1779.38,nan,37639
2025-26,bootstrap-30d,A,31.875,57500,211724
2025-26,bootstrap-30d,A,35.625,62500,211324
2025-26,bootstrap-30d,A,39.375,65000,211025
2025-26,bootstrap-30d,A,43.125,70000,210626
2025-26,bootstrap-30d,A,46.875,72500,210229
2025-26,bootstrap-30d,A,50.625,77500,209830
2025-26,bootstrap-30d,A,54.375,82500,209530
2025-26,bootstrap-30d,A,58.125,87500,209131
2025-26,bootstrap-30d,A,61.875,92500,208733
2025-26,bootstrap-30d,A,65.625,97500,208334
2025-26,bootstrap-30d,A,69.375,110000,208035
2025-26,bootstrap-30d,A,73.125,110000,207636
2025-26,bootstrap-30d,A,76.875,120000,207237
2025-26,bootstrap-30d,A,80.625,120000,206837
2025-26,bootstrap-30d,A,84.375,130000,206539
2025-26,bootstrap-30d,A,88.125,130000,206142
2025-26,bootstrap-30d,B,98.5946,130000,205043
2025-26,bootstrap-30d,B,115.782,160000,203354
2025-26,bootstrap-30d,B,132.97,190000,201663
2025-26,bootstrap-30d,B,150.157,250000,199969
2025-26,bootstrap-30d,B,167.345,300000,198276
2025-26,bootstrap-30d,B,184.532,400000,196484
2025-26,bootstrap-30d,B,201.72,400000,194790
2025-26,bootstrap-30d,B,218.907,500000,193094
2025-26,bootstrap-30d,B,236.095,1e+06,191396
2025-26,bootstrap-30d,B,253.282,1e+06,189698
2025-26,bootstrap-30d,B,270.47,1e+06,188004
2025-26,bootstrap-30d,B,287.657,1e+06,186211
2025-26,bootstrap-30d,B,304.845,1e+06,184514
2025-26,bootstrap-30d,B,322.032,nan,182821
2025-26,bootstrap-30d,B,339.22,nan,181124
2025-26,bootstrap-30d,B,356.407,nan,179427
2025-26,bootstrap-30d,C,410.626,nan,173949
2025-26,bootstrap-30d,C,501.876,nan,164885
2025-26,bootstrap-30d,C,593.126,nan,155810
2025-26,bootstrap-30d,C,684.376,nan,146747
2025-26,bootstrap-30d,C,775.626,nan,137578
2025-26,bootstrap-30d,C,866.876,nan,128504
2025-26,bootstrap-30d,C,958.126,nan,119444
2025-26,bootstrap-30d,C,1049.38,nan,110380
2025-26,bootstrap-30d,C,1140.63,nan,101207
2025-26,bootstrap-30d,C,1231.88,nan,92141
2025-26,bootstrap-30d,C,1323.13,nan,83073
2025-26,bootstrap-30d,C,1414.38,nan,74010
2025-26,bootstrap-30d,C,1505.63,nan,64836
2025-26,bootstrap-30d,C,1596.88,nan,55771
2025-26,bootstrap-30d,C,1688.13,nan,46712
2025-26,bootstrap-30d,C,1779.38,nan,37646
2025-26,bootstrap-365d#1,A,31.875,50000,211745
2025-26,bootstrap-365d#1,A,35.625,57500,211346
2025-26,bootstrap-365d#1,A,39.375,60000,211050
2025-26,bootstrap-365d#1,A,43.125,62500,210653
2025-26,bootstrap-365d#1,A,46.875,65000,210253
2025-26,bootstrap-365d#1,A,50.625,67500,209855
2025-26,bootstrap-365d#1,A,54.375,67500,209557
2025-26,bootstrap-365d#1,A,58.125,67500,209159
2025-26,bootstrap-365d#1,A,61.875,70000,208760
2025-26,bootstrap-365d#1,A,65.625,75000,208361
2025-26,bootstrap-365d#1,A,69.375,77500,208061
2025-26,bootstrap-365d#1,A,73.125,80000,207663
2025-26,bootstrap-365d#1,A,76.875,82500,207264
2025-26,bootstrap-365d#1,A,80.625,85000,206867
2025-26,bootstrap-365d#1,A,84.375,87500,206569
2025-26,bootstrap-365d#1,A,88.125,92500,206170
2025-26,bootstrap-365d#1,B,98.5946,90000,205074
2025-26,bootstrap-365d#1,B,115.782,110000,203378
2025-26,bootstrap-365d#1,B,132.97,120000,201686
2025-26,bootstrap-365d#1,B,150.157,130000,199989
2025-26,bootstrap-365d#1,B,167.345,140000,198295
2025-26,bootstrap-365d#1,B,184.532,150000,196497
2025-26,bootstrap-365d#1,B,201.72,170000,194799
2025-26,bootstrap-365d#1,B,218.907,180000,193105
2025-26,bootstrap-365d#1,B,236.095,200000,191412
2025-26,bootstrap-365d#1,B,253.282,250000,189714
2025-26,bootstrap-365d#1,B,270.47,250000,188021
2025-26,bootstrap-365d#1,B,287.657,300000,186228
2025-26,bootstrap-365d#1,B,304.845,300000,184536
2025-26,bootstrap-365d#1,B,322.032,400000,182843
2025-26,bootstrap-365d#1,B,339.22,400000,181149
2025-26,bootstrap-365d#1,B,356.407,400000,179453
2025-26,bootstrap-365d#1,C,410.626,400000,173969
2025-26,bootstrap-365d#1,C,501.876,1e+06,164906
2025-26,bootstrap-365d#1,C,593.126,1e+06,155831
2025-26,bootstrap-365d#1,C,684.376,nan,146764
2025-26,bootstrap-365d#1,C,775.626,nan,137593
2025-26,bootstrap-365d#1,C,866.876,nan,128529
2025-26,bootstrap-365d#1,C,958.126,nan,119457
2025-26,bootstrap-365d#1,C,1049.38,nan,110379
2025-26,bootstrap-365d#1,C,1140.63,nan,101216
2025-26,bootstrap-365d#1,C,1231.88,nan,92151
2025-26,bootstrap-365d#1,C,1323.13,nan,83083
2025-26,bootstrap-365d#1,C,1414.38,nan,74018
2025-26,bootstrap-365d#1,C,1505.63,nan,64852
2025-26,bootstrap-365d#1,C,1596.88,nan,55784
2025-26,bootstrap-365d#1,C,1688.13,nan,46719
2025-26,bootstrap-365d#1,C,1779.38,nan,37640
2025-26,bootstrap-365d#2,A,31.875,52500,211724
2025-26,bootstrap-365d#2,A,35.625,57500,211325
2025-26,bootstrap-365d#2,A,39.375,60000,211027
2025-26,bootstrap-365d#2,A,43.125,65000,210629
2025-26,bootstrap-365d#2,A,46.875,65000,210230
2025-26,bootstrap-365d#2,A,50.625,70000,209832
2025-26,bootstrap-365d#2,A,54.375,72500,209533
2025-26,bootstrap-365d#2,A,58.125,72500,209136
2025-26,bootstrap-365d#2,A,61.875,77500,208736
2025-26,bootstrap-365d#2,A,65.625,80000,208338
2025-26,bootstrap-365d#2,A,69.375,82500,208040
2025-26,bootstrap-365d#2,A,73.125,87500,207642
2025-26,bootstrap-365d#2,A,76.875,92500,207243
2025-26,bootstrap-365d#2,A,80.625,95000,206844
2025-26,bootstrap-365d#2,A,84.375,100000,206544
2025-26,bootstrap-365d#2,A,88.125,110000,206146
2025-26,bootstrap-365d#2,B,98.5946,95000,205051
2025-26,bootstrap-365d#2,B,115.782,110000,203357
2025-26,bootstrap-365d#2,B,132.97,130000,201658
2025-26,bootstrap-365d#2,B,150.157,150000,199965
2025-26,bootstrap-365d#2,B,167.345,160000,198274
2025-26,bootstrap-365d#2,B,184.532,180000,196480
2025-26,bootstrap-365d#2,B,201.72,190000,194786
2025-26,bootstrap-365d#2,B,218.907,250000,193087
2025-26,bootstrap-365d#2,B,236.095,250000,191392
2025-26,bootstrap-365d#2,B,253.282,250000,189702
2025-26,bootstrap-365d#2,B,270.47,300000,188006
2025-26,bootstrap-365d#2,B,287.657,300000,186214
2025-26,bootstrap-365d#2,B,304.845,400000,184521
2025-26,bootstrap-365d#2,B,322.032,400000,182826
2025-26,bootstrap-365d#2,B,339.22,400000,181132
2025-26,bootstrap-365d#2,B,356.407,500000,179442
2025-26,bootstrap-365d#2,C,410.626,400000,173963
2025-26,bootstrap-365d#2,C,501.876,500000,164891
2025-26,bootstrap-365d#2,C,593.126,1e+06,155819
2025-26,bootstrap-365d#2,C,684.376,1e+06,146744
2025-26,bootstrap-365d#2,C,775.626,1e+06,137575
2025-26,bootstrap-365d#2,C,866.876,nan,128508
2025-26,bootstrap-365d#2,C,958.126,nan,119457
2025-26,bootstrap-365d#2,C,1049.38,nan,110391
2025-26,bootstrap-365d#2,C,1140.63,nan,101230
2025-26,bootstrap-365d#2,C,1231.88,nan,92160
2025-26,bootstrap-365d#2,C,1323.13,nan,83092
2025-26,bootstrap-365d#2,C,1414.38,nan,74022
2025-26,bootstrap-365d#2,C,1505.63,nan,64859
2025-26,bootstrap-365d#2,C,1596.88,nan,55788
2025-26,bootstrap-365d#2,C,1688.13,nan,46726
2025-26,bootstrap-365d#2,C,1779.38,nan,37679
2025-26,bootstrap-365d#3,A,31.875,52500,211671
2025-26,bootstrap-365d#3,A,35.625,57500,211275
2025-26,bootstrap-365d#3,A,39.375,60000,210977
2025-26,bootstrap-365d#3,A,43.125,62500,210578
2025-26,bootstrap-365d#3,A,46.875,65000,210181
2025-26,bootstrap-365d#3,A,50.625,70000,209784
2025-26,bootstrap-365d#3,A,54.375,70000,209486
2025-26,bootstrap-365d#3,A,58.125,70000,209092
2025-26,bootstrap-365d#3,A,61.875,72500,208695
2025-26,bootstrap-365d#3,A,65.625,77500,208299
2025-26,bootstrap-365d#3,A,69.375,80000,208000
2025-26,bootstrap-365d#3,A,73.125,82500,207602
2025-26,bootstrap-365d#3,A,76.875,87500,207204
2025-26,bootstrap-365d#3,A,80.625,90000,206805
2025-26,bootstrap-365d#3,A,84.375,92500,206506
2025-26,bootstrap-365d#3,A,88.125,97500,206108
2025-26,bootstrap-365d#3,B,98.5946,92500,205011
2025-26,bootstrap-365d#3,B,115.782,110000,203316
2025-26,bootstrap-365d#3,B,132.97,120000,201623
2025-26,bootstrap-365d#3,B,150.157,130000,199932
2025-26,bootstrap-365d#3,B,167.345,150000,198238
2025-26,bootstrap-365d#3,B,184.532,170000,196445
2025-26,bootstrap-365d#3,B,201.72,180000,194751
2025-26,bootstrap-365d#3,B,218.907,200000,193057
2025-26,bootstrap-365d#3,B,236.095,250000,191364
2025-26,bootstrap-365d#3,B,253.282,250000,189669
2025-26,bootstrap-365d#3,B,270.47,300000,187975
2025-26,bootstrap-365d#3,B,287.657,400000,186178
2025-26,bootstrap-365d#3,B,304.845,400000,184484
2025-26,bootstrap-365d#3,B,322.032,400000,182791
2025-26,bootstrap-365d#3,B,339.22,500000,181095
2025-26,bootstrap-365d#3,B,356.407,500000,179401
2025-26,bootstrap-365d#3,C,410.626,400000,173915
2025-26,bootstrap-365d#3,C,501.876,1e+06,164845
2025-26,bootstrap-365d#3,C,593.126,1e+06,155785
2025-26,bootstrap-365d#3,C,684.376,nan,146710
2025-26,bootstrap-365d#3,C,775.626,nan,137548
2025-26,bootstrap-365d#3,C,866.876,nan,128478
2025-26,bootstrap-365d#3,C,958.126,nan,119403
2025-26,bootstrap-365d#3,C,1049.38,nan,110344
2025-26,bootstrap-365d#3,C,1140.63,nan,101175
2025-26,bootstrap-365d#3,C,1231.88,nan,92109
2025-26,bootstrap-365d#3,C,1323.13,nan,83078
2025-26,bootstrap-365d#3,C,1414.38,nan,74025
2025-26,bootstrap-365d#3,C,1505.63,nan,64848
2025-26,bootstrap-365d#3,C,1596.88,nan,55782
2025-26,bootstrap-365d#3,C,1688.13,nan,46724
2025-26,bootstrap-365d#3,C,1779.38,nan,37658
2025-26,bootstrap-365d,A,31.875,52500,211745
2025-26,bootstrap-365d,A,35.625,57500,211346
2025-26,bootstrap-365d,A,39.375,60000,211050
2025-26,bootstrap-365d,A,43.125,62500,210653
2025-26,bootstrap-365d,A,46.875,65000,210253
2025-26,bootstrap-365d,A,50.625,70000,209855
2025-26,bootstrap-365d,A,54.375,70000,209557
2025-26,bootstrap-365d,A,58.125,70000,209159
2025-26,bootstrap-365d,A,61.875,72500,208760
2025-26,bootstrap-365d,A,65.625,77500,208361
2025-26,bootstrap-365d,A,69.375,80000,208061
2025-26,bootstrap-365d,A,73.125,82500,207663
2025-26,bootstrap-365d,A,76.875,87500,207264
2025-26,bootstrap-365d,A,80.625,90000,206867
2025-26,bootstrap-365d,A,84.375,92500,206569
2025-26,bootstrap-365d,A,88.125,97500,206170
2025-26,bootstrap-365d,B,98.5946,92500,205074
2025-26,bootstrap-365d,B,115.782,110000,203378
2025-26,bootstrap-365d,B,132.97,120000,201686
2025-26,bootstrap-365d,B,150.157,140000,199989
2025-26,bootstrap-365d,B,167.345,150000,198295
2025-26,bootstrap-365d,B,184.532,170000,196497
2025-26,bootstrap-365d,B,201.72,180000,194799
2025-26,bootstrap-365d,B,218.907,200000,193105
2025-26,bootstrap-365d,B,236.095,250000,191412
2025-26,bootstrap-365d,B,253.282,250000,189714
2025-26,bootstrap-365d,B,270.47,300000,188021
2025-26,bootstrap-365d,B,287.657,300000,186228
2025-26,bootstrap-365d,B,304.845,400000,184536
2025-26,bootstrap-365d,B,322.032,400000,182843
2025-26,bootstrap-365d,B,339.22,400000,181149
2025-26,bootstrap-365d,B,356.407,500000,179453
2025-26,bootstrap-365d,C,410.626,400000,173969
2025-26,bootstrap-365d,C,501.876,1e+06,164906
2025-26,bootstrap-365d,C,593.126,1e+06,155831
2025-26,bootstrap-365d,C,684.376,1e+06,146764
2025-26,bootstrap-365d,C,775.626,nan,137593
2025-26,bootstrap-365d,C,866.876,nan,128529
2025-26,bootstrap-365d,C,958.126,nan,119457
2025-26,bootstrap-365d,C,1049.38,nan,110379
2025-26,bootstrap-365d,C,1140.63,nan,101216
2025-26,bootstrap-365d,C,1231.88,nan,92151
2025-26,bootstrap-365d,C,1323.13,nan,83083
2025-26,bootstrap-365d,C,1414.38,nan,74018
2025-26,bootstrap-365d,C,1505.63,nan,64852
2025-26,bootstrap-365d,C,1596.88,nan,55784
2025-26,bootstrap-365d,C,1688.13,nan,46719
2025-26,bootstrap-365d,C,1779.38,nan,37640
2025-26,regime#1,A,31.875,130000,209747
2025-26,regime#1,A,35.625,140000,209351
2025-26,regime#1,A,39.375,150000,209052
2025-26,regime#1,A,43.125,160000,208653
2025-26,regime#1,A,46.875,180000,208255
2025-26,regime#1,A,50.625,190000,207858
2025-26,regime#1,A,54.375,200000,207561
2025-26,regime#1,A,58.125,250000,207163
2025-26,regime#1,A,61.875,250000,206767
2025-26,regime#1,A,65.625,250000,206370
2025-26,regime#1,A,69.375,300000,206075
2025-26,regime#1,A,73.125,300000,205683
2025-26,regime#1,A,76.875,300000,205286
2025-26,regime#1,A,80.625,400000,204890
2025-26,regime#1,A,84.375,400000,204596
2025-26,regime#1,A,88.125,400000,204204
2025-26,regime#1,B,98.5946,300000,203111
2025-26,regime#1,B,115.782,400000,201431
2025-26,regime#1,B,132.97,500000,199754
2025-26,regime#1,B,150.157,1e+06,198068
2025-26,regime#1,B,167.345,1e+06,196384
2025-26,regime#1,B,184.532,1e+06,194604
2025-26,regime#1,B,201.72,1e+06,192928
2025-26,regime#1,B,218.907,nan,191244
2025-26,regime#1,B,236.095,nan,189561
2025-26,regime#1,B,253.282,nan,187874
2025-26,regime#1,B,270.47,nan,186188
2025-26,regime#1,B,287.657,nan,184402
2025-26,regime#1,B,304.845,nan,182725
2025-26,regime#1,B,322.032,nan,181040
2025-26,regime#1,B,339.22,nan,179356
2025-26,regime#1,B,356.407,nan,177668
2025-26,regime#1,C,410.626,nan,172215
2025-26,regime#1,C,501.876,nan,163224
2025-26,regime#1,C,593.126,nan,154229
2025-26,regime#1,C,684.376,nan,145229
2025-26,regime#1,C,775.626,nan,136131
2025-26,regime#1,C,866.876,nan,127163
2025-26,regime#1,C,958.126,nan,118174
2025-26,regime#1,C,1049.38,nan,109180
2025-26,regime#1,C,1140.63,nan,100091
2025-26,regime#1,C,1231.88,nan,91103
2025-26,regime#1,C,1323.13,nan,82145
2025-26,regime#1,C,1414.38,nan,73155
2025-26,regime#1,C,1505.63,nan,64088
2025-26,regime#1,C,1596.88,nan,55132
2025-26,regime#1,C,1688.13,nan,46167
2025-26,regime#1,C,1779.38,nan,37222
2025-26,regime#2,A,31.875,140000,209689
2025-26,regime#2,A,35.625,150000,209290
2025-26,regime#2,A,39.375,160000,208994
2025-26,regime#2,A,43.125,170000,208596
2025-26,regime#2,A,46.875,180000,208200
2025-26,regime#2,A,50.625,190000,207803
2025-26,regime#2,A,54.375,250000,207506
2025-26,regime#2,A,58.125,250000,207107
2025-26,regime#2,A,61.875,250000,206710
2025-26,regime#2,A,65.625,250000,206313
2025-26,regime#2,A,69.375,300000,206017
2025-26,regime#2,A,73.125,300000,205619
2025-26,regime#2,A,76.875,300000,205221
2025-26,regime#2,A,80.625,400000,204824
2025-26,regime#2,A,84.375,400000,204530
2025-26,regime#2,A,88.125,400000,204136
2025-26,regime#2,B,98.5946,300000,203043
2025-26,regime#2,B,115.782,400000,201363
2025-26,regime#2,B,132.97,500000,199673
2025-26,regime#2,B,150.157,1e+06,197996
2025-26,regime#2,B,167.345,1e+06,196312
2025-26,regime#2,B,184.532,1e+06,194532
2025-26,regime#2,B,201.72,1e+06,192860
2025-26,regime#2,B,218.907,1e+06,191180
2025-26,regime#2,B,236.095,nan,189496
2025-26,regime#2,B,253.282,nan,187813
2025-26,regime#2,B,270.47,nan,186127
2025-26,regime#2,B,287.657,nan,184345
2025-26,regime#2,B,304.845,nan,182679
2025-26,regime#2,B,322.032,nan,180998
2025-26,regime#2,B,339.22,nan,179318
2025-26,regime#2,B,356.407,nan,177638
2025-26,regime#2,C,410.626,nan,172202
2025-26,regime#2,C,501.876,nan,163199
2025-26,regime#2,C,593.126,nan,154204
2025-26,regime#2,C,684.376,nan,145208
2025-26,regime#2,C,775.626,nan,136122
2025-26,regime#2,C,866.876,nan,127138
2025-26,regime#2,C,958.126,nan,118161
2025-26,regime#2,C,1049.38,nan,109167
2025-26,regime#2,C,1140.63,nan,100079
2025-26,regime#2,C,1231.88,nan,91119
2025-26,regime#2,C,1323.13,nan,82162
2025-26,regime#2,C,1414.38,nan,73205
2025-26,regime#2,C,1505.63,nan,64147
2025-26,regime#2,C,1596.88,nan,55199
2025-26,regime#2,C,1688.13,nan,46230
2025-26,regime#2,C,1779.38,nan,37264
2025-26,regime#3,A,31.875,150000,209681
2025-26,regime#3,A,35.625,160000,209284
2025-26,regime#3,A,39.375,170000,208984
2025-26,regime#3,A,43.125,180000,208587
2025-26,regime#3,A,46.875,190000,208191
2025-26,regime#3,A,50.625,200000,207797
2025-26,regime#3,A,54.375,250000,207498
2025-26,regime#3,A,58.125,250000,207100
2025-26,regime#3,A,61.875,250000,206706
2025-26,regime#3,A,65.625,250000,206309
2025-26,regime#3,A,69.375,300000,206014
2025-26,regime#3,A,73.125,300000,205622
2025-26,regime#3,A,76.875,300000,205225
2025-26,regime#3,A,80.625,400000,204830
2025-26,regime#3,A,84.375,400000,204531
2025-26,regime#3,A,88.125,400000,204142
2025-26,regime#3,B,98.5946,400000,203052
2025-26,regime#3,B,115.782,400000,201375
2025-26,regime#3,B,132.97,500000,199687
2025-26,regime#3,B,150.157,1e+06,198012
2025-26,regime#3,B,167.345,1e+06,196330
2025-26,regime#3,B,184.532,1e+06,194555
2025-26,regime#3,B,201.72,nan,192869
2025-26,regime#3,B,218.907,nan,191184
2025-26,regime#3,B,236.095,nan,189500
2025-26,regime#3,B,253.282,nan,187815
2025-26,regime#3,B,270.47,nan,186128
2025-26,regime#3,B,287.657,nan,184342
2025-26,regime#3,B,304.845,nan,182658
2025-26,regime#3,B,322.032,nan,180975
2025-26,regime#3,B,339.22,nan,179302
2025-26,regime#3,B,356.407,nan,177624
2025-26,regime#3,C,410.626,nan,172182
2025-26,regime#3,C,501.876,nan,163171
2025-26,regime#3,C,593.126,nan,154188
2025-26,regime#3,C,684.376,nan,145181
2025-26,regime#3,C,775.626,nan,136073
2025-26,regime#3,C,866.876,nan,127072
2025-26,regime#3,C,958.126,nan,118084
2025-26,regime#3,C,1049.38,nan,109094
2025-26,regime#3,C,1140.63,nan,100006
2025-26,regime#3,C,1231.88,nan,91028
2025-26,regime#3,C,1323.13,nan,82078
2025-26,regime#3,C,1414.38,nan,73110
2025-26,regime#3,C,1505.63,nan,64043
2025-26,regime#3,C,1596.88,nan,55085
2025-26,regime#3,C,1688.13,nan,46127
2025-26,regime#3,C,1779.38,nan,37172
2025-26,regime,A,31.875,140000,209747
2025-26,regime,A,35.625,150000,209351
2025-26,regime,A,39.375,160000,209052
2025-26,regime,A,43.125,170000,208653
2025-26,regime,A,46.875,180000,208255
2025-26,regime,A,50.625,200000,207858
2025-26,regime,A,54.375,250000,207561
2025-26,regime,A,58.125,250000,207163
2025-26,regime,A,61.875,250000,206767
2025-26,regime,A,65.625,250000,206370
2025-26,regime,A,69.375,300000,206075
2025-26,regime,A,73.125,300000,205683
2025-26,regime,A,76.875,300000,205286
2025-26,regime,A,80.625,400000,204890
2025-26,regime,A,84.375,400000,204596
2025-26,regime,A,88.125,400000,204204
2025-26,regime,B,98.5946,300000,203111
2025-26,regime,B,115.782,400000,201431
2025-26,regime,B,132.97,500000,199754
2025-26,regime,B,150.157,1e+06,198068
2025-26,regime,B,167.345,1e+06,196384
2025-26,regime,B,184.532,1e+06,194604
2025-26,regime,B,201.72,1e+06,192928
2025-26,regime,B,218.907,nan,191244
2025-26,regime,B,236.095,nan,189561
2025-26,regime,B,253.282,nan,187874
2025-26,regime,B,270.47,nan,186188
2025-26,regime,B,287.657,nan,184402
2025-26,regime,B,304.845,nan,182725
2025-26,regime,B,322.032,nan,181040
2025-26,regime,B,339.22,nan,179356
2025-26,regime,B,356.407,nan,177668
2025-26,regime,C,410.626,nan,172215
2025-26,regime,C,501.876,nan,163224
2025-26,regime,C,593.126,nan,154229
2025-26,regime,C,684.376,nan,145229
2025-26,regime,C,775.626,nan,136131
2025-26,regime,C,866.876,nan,127163
2025-26,regime,C,958.126,nan,118174
2025-26,regime,C,1049.38,nan,109180
2025-26,regime,C,1140.63,nan,100091
2025-26,regime,C,1231.88,nan,91103
2025-26,regime,C,1323.13,nan,82145
2025-26,regime,C,1414.38,nan,73155
2025-26,regime,C,1505.63,nan,64088
2025-26,regime,C,1596.88,nan,55132
2025-26,regime,C,1688.13,nan,46167
2025-26,regime,C,1779.38,nan,37222
2025-26,martingale#1,A,31.875,87500,211987
2025-26,martingale#1,A,35.625,95000,211587
2025-26,martingale#1,A,39.375,110000,211287
2025-26,martingale#1,A,43.125,120000,210887
2025-26,martingale#1,A,46.875,130000,210487
2025-26,martingale#1,A,50.625,140000,210087
2025-26,martingale#1,A,54.375,150000,209788
2025-26,martingale#1,A,58.125,170000,209388
2025-26,martingale#1,A,61.875,180000,208989
2025-26,martingale#1,A,65.625,200000,208589
2025-26,martingale#1,A,69.375,250000,208289
2025-26,martingale#1,A,73.125,250000,207889
2025-26,martingale#1,A,76.875,250000,207489
2025-26,martingale#1,A,80.625,300000,207089
2025-26,martingale#1,A,84.375,300000,206789
2025-26,martingale#1,A,88.125,400000,206389
2025-26,martingale#1,B,98.5946,300000,205290
2025-26,martingale#1,B,115.782,500000,203591
2025-26,martingale#1,B,132.97,1e+06,201891
2025-26,martingale#1,B,150.157,1e+06,200191
2025-26,martingale#1,B,167.345,1e+06,198491
2025-26,martingale#1,B,184.532,nan,196691
2025-26,martingale#1,B,201.72,nan,194993
2025-26,martingale#1,B,218.907,nan,193294
2025-26,martingale#1,B,236.095,nan,191594
2025-26,martingale#1,B,253.282,nan,189894
2025-26,martingale#1,B,270.47,nan,188197
2025-26,martingale#1,B,287.657,nan,186399
2025-26,martingale#1,B,304.845,nan,184700
2025-26,martingale#1,B,322.032,nan,183001
2025-26,martingale#1,B,339.22,nan,181303
2025-26,martingale#1,B,356.407,nan,179603
2025-26,martingale#1,C,410.626,nan,174104
2025-26,martingale#1,C,501.876,nan,165012
2025-26,martingale#1,C,593.126,nan,155915
2025-26,martingale#1,C,684.376,nan,146822
2025-26,martingale#1,C,775.626,nan,137632
2025-26,martingale#1,C,866.876,nan,128544
2025-26,martingale#1,C,958.126,nan,119460
2025-26,martingale#1,C,1049.38,nan,110373
2025-26,martingale#1,C,1140.63,nan,101191
2025-26,martingale#1,C,1231.88,nan,92114
2025-26,martingale#1,C,1323.13,nan,83051
2025-26,martingale#1,C,1414.38,nan,73976
2025-26,martingale#1,C,1505.63,nan,64804
2025-26,martingale#1,C,1596.88,nan,55738
2025-26,martingale#1,C,1688.13,nan,46674
2025-26,martingale#1,C,1779.38,nan,37608
2025-26,martingale#2,A,31.875,90000,212061
2025-26,martingale#2,A,35.625,97500,211661
2025-26,martingale#2,A,39.375,110000,211362
2025-26,martingale#2,A,43.125,120000,210962
2025-26,martingale#2,A,46.875,130000,210562
2025-26,martingale#2,A,50.625,140000,210162
2025-26,martingale#2,A,54.375,150000,209862
2025-26,martingale#2,A,58.125,170000,209462
2025-26,martingale#2,A,61.875,180000,209063
2025-26,martingale#2,A,65.625,190000,208663
2025-26,martingale#2,A,69.375,250000,208363
2025-26,martingale#2,A,73.125,250000,207963
2025-26,martingale#2,A,76.875,250000,207563
2025-26,martingale#2,A,80.625,300000,207163
2025-26,martingale#2,A,84.375,300000,206863
2025-26,martingale#2,A,88.125,400000,206463
2025-26,martingale#2,B,98.5946,300000,205363
2025-26,martingale#2,B,115.782,400000,203663
2025-26,martingale#2,B,132.97,1e+06,201964
2025-26,martingale#2,B,150.157,1e+06,200264
2025-26,martingale#2,B,167.345,1e+06,198565
2025-26,martingale#2,B,184.532,nan,196765
2025-26,martingale#2,B,201.72,nan,195065
2025-26,martingale#2,B,218.907,nan,193366
2025-26,martingale#2,B,236.095,nan,191666
2025-26,martingale#2,B,253.282,nan,189966
2025-26,martingale#2,B,270.47,nan,188266
2025-26,martingale#2,B,287.657,nan,186466
2025-26,martingale#2,B,304.845,nan,184766
2025-26,martingale#2,B,322.032,nan,183066
2025-26,martingale#2,B,339.22,nan,181367
2025-26,martingale#2,B,356.407,nan,179667
2025-26,martingale#2,C,410.626,nan,174168
2025-26,martingale#2,C,501.876,nan,165069
2025-26,martingale#2,C,593.126,nan,155970
2025-26,martingale#2,C,684.376,nan,146875
2025-26,martingale#2,C,775.626,nan,137680
2025-26,martingale#2,C,866.876,nan,128581
2025-26,martingale#2,C,958.126,nan,119486
2025-26,martingale#2,C,1049.38,nan,110398
2025-26,martingale#2,C,1140.63,nan,101217
2025-26,martingale#2,C,1231.88,nan,92131
2025-26,martingale#2,C,1323.13,nan,83056
2025-26,martingale#2,C,1414.38,nan,73977
2025-26,martingale#2,C,1505.63,nan,64806
2025-26,martingale#2,C,1596.88,nan,55738
2025-26,martingale#2,C,1688.13,nan,46680
2025-26,martingale#2,C,1779.38,nan,37625
2025-26,martingale#3,A,31.875,85000,212107
2025-26,martingale#3,A,35.625,95000,211707
2025-26,martingale#3,A,39.375,110000,211407
2025-26,martingale#3,A,43.125,120000,211007
2025-26,martingale#3,A,46.875,130000,210607
2025-26,martingale#3,A,50.625,140000,210207
2025-26,martingale#3,A,54.375,150000,209907
2025-26,martingale#3,A,58.125,160000,209507
2025-26,martingale#3,A,61.875,180000,209107
2025-26,martingale#3,A,65.625,190000,208707
2025-26,martingale#3,A,69.375,250000,208407
2025-26,martingale#3,A,73.125,250000,208007
2025-26,martingale#3,A,76.875,250000,207607
2025-26,martingale#3,A,80.625,300000,207207
2025-26,martingale#3,A,84.375,300000,206907
2025-26,martingale#3,A,88.125,400000,206507
2025-26,martingale#3,B,98.5946,300000,205407
2025-26,martingale#3,B,115.782,400000,203709
2025-26,martingale#3,B,132.97,1e+06,202009
2025-26,martingale#3,B,150.157,1e+06,200310
2025-26,martingale#3,B,167.345,1e+06,198610
2025-26,martingale#3,B,184.532,nan,196810
2025-26,martingale#3,B,201.72,nan,195110
2025-26,martingale#3,B,218.907,nan,193410
2025-26,martingale#3,B,236.095,nan,191711
2025-26,martingale#3,B,253.282,nan,190011
2025-26,martingale#3,B,270.47,nan,188311
2025-26,martingale#3,B,287.657,nan,186511
2025-26,martingale#3,B,304.845,nan,184812
2025-26,martingale#3,B,322.032,nan,183113
2025-26,martingale#3,B,339.22,nan,181413
2025-26,martingale#3,B,356.407,nan,179713
2025-26,martingale#3,C,410.626,nan,174214
2025-26,martingale#3,C,501.876,nan,165115
2025-26,martingale#3,C,593.126,nan,156017
2025-26,martingale#3,C,684.376,nan,146921
2025-26,martingale#3,C,775.626,nan,137730
2025-26,martingale#3,C,866.876,nan,128635
2025-26,martingale#3,C,958.126,nan,119540
2025-26,martingale#3,C,1049.38,nan,110446
2025-26,martingale#3,C,1140.63,nan,101258
2025-26,martingale#3,C,1231.88,nan,92174
2025-26,martingale#3,C,1323.13,nan,83091
2025-26,martingale#3,C,1414.38,nan,74011
2025-26,martingale#3,C,1505.63,nan,64842
2025-26,martingale#3,C,1596.88,nan,55770
2025-26,martingale#3,C,1688.13,nan,46698
2025-26,martingale#3,C,1779.38,nan,37634
2025-26,martingale,A,31.875,87500,211987
2025-26,martingale,A,35.625,95000,211587
2025-26,martingale,A,39.375,110000,211287
2025-26,martingale,A,43.125,120000,210887
2025-26,martingale,A,46.875,130000,210487
2025-26,martingale,A,50.625,140000,210087
2025-26,martingale,A,54.375,150000,209788
2025-26,martingale,A,58.125,170000,209388
2025-26,martingale,A,61.875,180000,208989
2025-26,martingale,A,65.625,190000,208589
2025-26,martingale,A,69.375,250000,208289
2025-26,martingale,A,73.125,250000,207889
2025-26,martingale,A,76.875,250000,207489
2025-26,martingale,A,80.625,300000,207089
2025-26,martingale,A,84.375,300000,206789
2025-26,martingale,A,88.125,400000,206389
2025-26,martingale,B,98.5946,300000,205290
2025-26,martingale,B,115.782,400000,203591
2025-26,martingale,B,132.97,1e+06,201891
2025-26,martingale,B,150.157,1e+06,200191
2025-26,martingale,B,167.345,1e+06,198491
2025-26,martingale,B,184.532,nan,196691
2025-26,martingale,B,201.72,nan,194993
2025-26,martingale,B,218.907,nan,193294
2025-26,martingale,B,236.095,nan,191594
2025-26,martingale,B,253.282,nan,189894
2025-26,martingale,B,270.47,nan,188197
2025-26,martingale,B,287.657,nan,186399
2025-26,martingale,B,304.845,nan,184700
2025-26,martingale,B,322.032,nan,183001
2025-26,martingale,B,339.22,nan,181303
2025-26,martingale,B,356.407,nan,179603
2025-26,martingale,C,410.626,nan,174104
2025-26,martingale,C,501.876,nan,165012
2025-26,martingale,C,593.126,nan,155915
2025-26,martingale,C,684.376,nan,146822
2025-26,martingale,C,775.626,nan,137632
2025-26,martingale,C,866.876,nan,128544
2025-26,martingale,C,958.126,nan,119460
2025-26,martingale,C,1049.38,nan,110373
2025-26,martingale,C,1140.63,nan,101191
2025-26,martingale,C,1231.88,nan,92114
2025-26,martingale,C,1323.13,nan,83051
2025-26,martingale,C,1414.38,nan,73976
2025-26,martingale,C,1505.63,nan,64804
2025-26,martingale,C,1596.88,nan,55738
2025-26,martingale,C,1688.13,nan,46674
2025-26,martingale,C,1779.38,nan,37608
2025-26,history,A,31.875,45000,576
2025-26,history,A,35.625,52500,572
2025-26,history,A,39.375,52500,569
2025-26,history,A,43.125,52500,565
2025-26,history,A,46.875,52500,561
2025-26,history,A,50.625,55000,557
2025-26,history,A,54.375,55000,554
2025-26,history,A,58.125,52500,550
2025-26,history,A,61.875,42500,546
2025-26,history,A,65.625,40000,542
2025-26,history,A,69.375,47500,539
2025-26,history,A,73.125,47500,535
2025-26,history,A,76.875,50000,531
2025-26,history,A,80.625,55000,527
2025-26,history,A,84.375,65000,524
2025-26,history,A,88.125,67500,520
2025-26,history,B,98.5946,70000,509
2025-26,history,B,115.782,67500,492
2025-26,history,B,132.97,42500,475
2025-26,history,B,150.157,30000,458
2025-26,history,B,167.345,37500,441
2025-26,history,B,184.532,40000,423
2025-26,history,B,201.72,57500,406
2025-26,history,B,218.907,77500,389
2025-26,history,B,236.095,70000,372
2025-26,history,B,253.282,52500,355
2025-26,history,B,270.47,32500,338
2025-26,history,B,287.657,20000,320
2025-26,history,B,304.845,20000,303
2025-26,history,B,322.032,20000,286
2025-26,history,B,339.22,20000,269
2025-26,history,B,356.407,20000,252
2025-26,history,C,410.626,20000,197
2025-26,history,C,501.876,20000,106
2025-26,history,C,593.126,20000,15
2025-26,history,C,684.376,nan,0
2025-26,history,C,775.626,nan,0
2025-26,history,C,866.876,nan,0
2025-26,history,C,958.126,nan,0
2025-26,history,C,1049.38,nan,0
2025-26,history,C,1140.63,nan,0
2025-26,history,C,1231.88,nan,0
2025-26,history,C,1323.13,nan,0
2025-26,history,C,1414.38,nan,0
2025-26,history,C,1505.63,nan,0
2025-26,history,C,1596.88,nan,0
2025-26,history,C,1688.13,nan,0
2025-26,history,C,1779.38,nan,0
ex-launch,bootstrap-30d#1,A,31.875,45000,211880
ex-launch,bootstrap-30d#1,A,35.625,47500,211482
ex-launch,bootstrap-30d#1,A,39.375,47500,211184
ex-launch,bootstrap-30d#1,A,43.125,50000,210785
ex-launch,bootstrap-30d#1,A,46.875,52500,210386
ex-launch,bootstrap-30d#1,A,50.625,55000,209986
ex-launch,bootstrap-30d#1,A,54.375,57500,209688
ex-launch,bootstrap-30d#1,A,58.125,60000,209289
ex-launch,bootstrap-30d#1,A,61.875,60000,208889
ex-launch,bootstrap-30d#1,A,65.625,62500,208491
ex-launch,bootstrap-30d#1,A,69.375,65000,208191
ex-launch,bootstrap-30d#1,A,73.125,67500,207793
ex-launch,bootstrap-30d#1,A,76.875,70000,207395
ex-launch,bootstrap-30d#1,A,80.625,72500,206995
ex-launch,bootstrap-30d#1,A,84.375,75000,206697
ex-launch,bootstrap-30d#1,A,88.125,77500,206299
ex-launch,bootstrap-30d#1,B,98.5946,70000,205202
ex-launch,bootstrap-30d#1,B,115.782,80000,203507
ex-launch,bootstrap-30d#1,B,132.97,90000,201816
ex-launch,bootstrap-30d#1,B,150.157,110000,200120
ex-launch,bootstrap-30d#1,B,167.345,120000,198426
ex-launch,bootstrap-30d#1,B,184.532,120000,196632
ex-launch,bootstrap-30d#1,B,201.72,140000,194936
ex-launch,bootstrap-30d#1,B,218.907,150000,193243
ex-launch,bootstrap-30d#1,B,236.095,160000,191546
ex-launch,bootstrap-30d#1,B,253.282,180000,189847
ex-launch,bootstrap-30d#1,B,270.47,200000,188150
ex-launch,bootstrap-30d#1,B,287.657,250000,186352
ex-launch,bootstrap-30d#1,B,304.845,250000,184652
ex-launch,bootstrap-30d#1,B,322.032,300000,182955
ex-launch,bootstrap-30d#1,B,339.22,300000,181263
ex-launch,bootstrap-30d#1,B,356.407,300000,179567
ex-launch,bootstrap-30d#1,C,410.626,250000,174079
ex-launch,bootstrap-30d#1,C,501.876,400000,165000
ex-launch,bootstrap-30d#1,C,593.126,500000,155927
ex-launch,bootstrap-30d#1,C,684.376,1e+06,146850
ex-launch,bootstrap-30d#1,C,775.626,nan,137674
ex-launch,bootstrap-30d#1,C,866.876,nan,128609
ex-launch,bootstrap-30d#1,C,958.126,nan,119536
ex-launch,bootstrap-30d#1,C,1049.38,nan,110459
ex-launch,bootstrap-30d#1,C,1140.63,nan,101287
ex-launch,bootstrap-30d#1,C,1231.88,nan,92216
ex-launch,bootstrap-30d#1,C,1323.13,nan,83151
ex-launch,bootstrap-30d#1,C,1414.38,nan,74073
ex-launch,bootstrap-30d#1,C,1505.63,nan,64907
ex-launch,bootstrap-30d#1,C,1596.88,nan,55843
ex-launch,bootstrap-30d#1,C,1688.13,nan,46757
ex-launch,bootstrap-30d#1,C,1779.38,nan,37689
ex-launch,bootstrap-30d#2,A,31.875,45000,211838
ex-launch,bootstrap-30d#2,A,35.625,47500,211439
ex-launch,bootstrap-30d#2,A,39.375,50000,211141
ex-launch,bootstrap-30d#2,A,43.125,52500,210742
ex-launch,bootstrap-30d#2,A,46.875,55000,210342
ex-launch,bootstrap-30d#2,A,50.625,57500,209942
ex-launch,bootstrap-30d#2,A,54.375,60000,209642
ex-launch,bootstrap-30d#2,A,58.125,65000,209242
ex-launch,bootstrap-30d#2,A,61.875,67500,208846
ex-launch,bootstrap-30d#2,A,65.625,70000,208446
ex-launch,bootstrap-30d#2,A,69.375,72500,208148
ex-launch,bootstrap-30d#2,A,73.125,75000,207750
ex-launch,bootstrap-30d#2,A,76.875,80000,207351
ex-launch,bootstrap-30d#2,A,80.625,82500,206952
ex-launch,bootstrap-30d#2,A,84.375,85000,206653
ex-launch,bootstrap-30d#2,A,88.125,85000,206255
ex-launch,bootstrap-30d#2,B,98.5946,75000,205160
ex-launch,bootstrap-30d#2,B,115.782,85000,203463
ex-launch,bootstrap-30d#2,B,132.97,92500,201765
ex-launch,bootstrap-30d#2,B,150.157,110000,200068
ex-launch,bootstrap-30d#2,B,167.345,120000,198370
ex-launch,bootstrap-30d#2,B,184.532,130000,196572
ex-launch,bootstrap-30d#2,B,201.72,140000,194874
ex-launch,bootstrap-30d#2,B,218.907,150000,193179
ex-launch,bootstrap-30d#2,B,236.095,170000,191481
ex-launch,bootstrap-30d#2,B,253.282,190000,189787
ex-launch,bootstrap-30d#2,B,270.47,200000,188092
ex-launch,bootstrap-30d#2,B,287.657,250000,186297
ex-launch,bootstrap-30d#2,B,304.845,250000,184604
ex-launch,bootstrap-30d#2,B,322.032,250000,182908
ex-launch,bootstrap-30d#2,B,339.22,300000,181215
ex-launch,bootstrap-30d#2,B,356.407,300000,179517
ex-launch,bootstrap-30d#2,C,410.626,300000,174036
ex-launch,bootstrap-30d#2,C,501.876,500000,164964
ex-launch,bootstrap-30d#2,C,593.126,1e+06,155885
ex-launch,bootstrap-30d#2,C,684.376,1e+06,146816
ex-launch,bootstrap-30d#2,C,775.626,nan,137643
ex-launch,bootstrap-30d#2,C,866.876,nan,128578
ex-launch,bootstrap-30d#2,C,958.126,nan,119507
ex-launch,bootstrap-30d#2,C,1049.38,nan,110437
ex-launch,bootstrap-30d#2,C,1140.63,nan,101267
ex-launch,bootstrap-30d#2,C,1231.88,nan,92200
ex-launch,bootstrap-30d#2,C,1323.13,nan,83129
ex-launch,bootstrap-30d#2,C,1414.38,nan,74050
ex-launch,bootstrap-30d#2,C,1505.63,nan,64881
ex-launch,bootstrap-30d#2,C,1596.88,nan,55817
ex-launch,bootstrap-30d#2,C,1688.13,nan,46755
ex-launch,bootstrap-30d#2,C,1779.38,nan,37685
ex-launch,bootstrap-30d#3,A,31.875,45000,211907
ex-launch,bootstrap-30d#3,A,35.625,47500,211508
ex-launch,bootstrap-30d#3,A,39.375,47500,211208
ex-launch,bootstrap-30d#3,A,43.125,50000,210809
ex-launch,bootstrap-30d#3,A,46.875,52500,210409
ex-launch,bootstrap-30d#3,A,50.625,52500,210009
ex-launch,bootstrap-30d#3,A,54.375,55000,209711
ex-launch,bootstrap-30d#3,A,58.125,57500,209313
ex-launch,bootstrap-30d#3,A,61.875,60000,208914
ex-launch,bootstrap-30d#3,A,65.625,62500,208515
ex-launch,bootstrap-30d#3,A,69.375,62500,208215
ex-launch,bootstrap-30d#3,A,73.125,65000,207817
ex-launch,bootstrap-30d#3,A,76.875,67500,207417
ex-launch,bootstrap-30d#3,A,80.625,70000,207017
ex-launch,bootstrap-30d#3,A,84.375,72500,206719
ex-launch,bootstrap-30d#3,A,88.125,75000,206322
ex-launch,bootstrap-30d#3,B,98.5946,67500,205224
ex-launch,bootstrap-30d#3,B,115.782,75000,203526
ex-launch,bootstrap-30d#3,B,132.97,85000,201832
ex-launch,bootstrap-30d#3,B,150.157,95000,200137
ex-launch,bootstrap-30d#3,B,167.345,110000,198444
ex-launch,bootstrap-30d#3,B,184.532,120000,196648
ex-launch,bootstrap-30d#3,B,201.72,130000,194953
ex-launch,bootstrap-30d#3,B,218.907,150000,193255
ex-launch,bootstrap-30d#3,B,236.095,160000,191561
ex-launch,bootstrap-30d#3,B,253.282,180000,189868
ex-launch,bootstrap-30d#3,B,270.47,190000,188176
ex-launch,bootstrap-30d#3,B,287.657,250000,186387
ex-launch,bootstrap-30d#3,B,304.845,250000,184688
ex-launch,bootstrap-30d#3,B,322.032,300000,182990
ex-launch,bootstrap-30d#3,B,339.22,300000,181295
ex-launch,bootstrap-30d#3,B,356.407,400000,179601
ex-launch,bootstrap-30d#3,C,410.626,300000,174114
ex-launch,bootstrap-30d#3,C,501.876,500000,165032
ex-launch,bootstrap-30d#3,C,593.126,1e+06,155956
ex-launch,bootstrap-30d#3,C,684.376,1e+06,146884
ex-launch,bootstrap-30d#3,C,775.626,1e+06,137709
ex-launch,bootstrap-30d#3,C,866.876,nan,128634
ex-launch,bootstrap-30d#3,C,958.126,nan,119556
ex-launch,bootstrap-30d#3,C,1049.38,nan,110480
ex-launch,bootstrap-30d#3,C,1140.63,nan,101303
ex-launch,bootstrap-30d#3,C,1231.88,nan,92235
ex-launch,bootstrap-30d#3,C,1323.13,nan,83157
ex-launch,bootstrap-30d#3,C,1414.38,nan,74079
ex-launch,bootstrap-30d#3,C,1505.63,nan,64910
ex-launch,bootstrap-30d#3,C,1596.88,nan,55836
ex-launch,bootstrap-30d#3,C,1688.13,nan,46762
ex-launch,bootstrap-30d#3,C,1779.38,nan,37688
ex-launch,bootstrap-30d,A,31.875,45000,211880
ex-launch,bootstrap-30d,A,35.625,47500,211482
ex-launch,bootstrap-30d,A,39.375,50000,211184
ex-launch,bootstrap-30d,A,43.125,52500,210785
ex-launch,bootstrap-30d,A,46.875,52500,210386
ex-launch,bootstrap-30d,A,50.625,55000,209986
ex-launch,bootstrap-30d,A,54.375,57500,209688
ex-launch,bootstrap-30d,A,58.125,60000,209289
ex-launch,bootstrap-30d,A,61.875,62500,208889
ex-launch,bootstrap-30d,A,65.625,65000,208491
ex-launch,bootstrap-30d,A,69.375,67500,208191
ex-launch,bootstrap-30d,A,73.125,70000,207793
ex-launch,bootstrap-30d,A,76.875,72500,207395
ex-launch,bootstrap-30d,A,80.625,75000,206995
ex-launch,bootstrap-30d,A,84.375,77500,206697
ex-launch,bootstrap-30d,A,88.125,80000,206299
ex-launch,bootstrap-30d,B,98.5946,70000,205202
ex-launch,bootstrap-30d,B,115.782,80000,203507
ex-launch,bootstrap-30d,B,132.97,90000,201816
ex-launch,bootstrap-30d,B,150.157,100000,200120
ex-launch,bootstrap-30d,B,167.345,110000,198426
ex-launch,bootstrap-30d,B,184.532,120000,196632
ex-launch,bootstrap-30d,B,201.72,140000,194936
ex-launch,bootstrap-30d,B,218.907,150000,193243
ex-launch,bootstrap-30d,B,236.095,170000,191546
ex-launch,bootstrap-30d,B,253.282,180000,189847
ex-launch,bootstrap-30d,B,270.47,200000,188150
ex-launch,bootstrap-30d,B,287.657,250000,186352
ex-launch,bootstrap-30d,B,304.845,250000,184652
ex-launch,bootstrap-30d,B,322.032,300000,182955
ex-launch,bootstrap-30d,B,339.22,300000,181263
ex-launch,bootstrap-30d,B,356.407,400000,179567
ex-launch,bootstrap-30d,C,410.626,300000,174079
ex-launch,bootstrap-30d,C,501.876,400000,165000
ex-launch,bootstrap-30d,C,593.126,1e+06,155927
ex-launch,bootstrap-30d,C,684.376,1e+06,146850
ex-launch,bootstrap-30d,C,775.626,nan,137674
ex-launch,bootstrap-30d,C,866.876,nan,128609
ex-launch,bootstrap-30d,C,958.126,nan,119536
ex-launch,bootstrap-30d,C,1049.38,nan,110459
ex-launch,bootstrap-30d,C,1140.63,nan,101287
ex-launch,bootstrap-30d,C,1231.88,nan,92216
ex-launch,bootstrap-30d,C,1323.13,nan,83151
ex-launch,bootstrap-30d,C,1414.38,nan,74073
ex-launch,bootstrap-30d,C,1505.63,nan,64907
ex-launch,bootstrap-30d,C,1596.88,nan,55843
ex-launch,bootstrap-30d,C,1688.13,nan,46757
ex-launch,bootstrap-30d,C,1779.38,nan,37689
ex-launch,bootstrap-365d#1,A,31.875,42500,211839
ex-launch,bootstrap-365d#1,A,35.625,45000,211439
ex-launch,bootstrap-365d#1,A,39.375,45000,211139
ex-launch,bootstrap-365d#1,A,43.125,47500,210740
ex-launch,bootstrap-365d#1,A,46.875,50000,210341
ex-launch,bootstrap-365d#1,A,50.625,50000,209943
ex-launch,bootstrap-365d#1,A,54.375,50000,209644
ex-launch,bootstrap-365d#1,A,58.125,50000,209245
ex-launch,bootstrap-365d#1,A,61.875,47500,208847
ex-launch,bootstrap-365d#1,A,65.625,47500,208447
ex-launch,bootstrap-365d#1,A,69.375,50000,208147
ex-launch,bootstrap-365d#1,A,73.125,50000,207748
ex-launch,bootstrap-365d#1,A,76.875,50000,207349
ex-launch,bootstrap-365d#1,A,80.625,50000,206950
ex-launch,bootstrap-365d#1,A,84.375,52500,206650
ex-launch,bootstrap-365d#1,A,88.125,55000,206250
ex-launch,bootstrap-365d#1,B,98.5946,50000,205154
ex-launch,bootstrap-365d#1,B,115.782,55000,203455
ex-launch,bootstrap-365d#1,B,132.97,55000,201761
ex-launch,bootstrap-365d#1,B,150.157,67500,200067
ex-launch,bootstrap-365d#1,B,167.345,77500,198373
ex-launch,bootstrap-365d#1,B,184.532,87500,196575
ex-launch,bootstrap-365d#1,B,201.72,87500,194882
ex-launch,bootstrap-365d#1,B,218.907,87500,193185
ex-launch,bootstrap-365d#1,B,236.095,85000,191490
ex-launch,bootstrap-365d#1,B,253.282,90000,189791
ex-launch,bootstrap-365d#1,B,270.47,90000,188094
ex-launch,bootstrap-365d#1,B,287.657,92500,186298
ex-launch,bootstrap-365d#1,B,304.845,97500,184605
ex-launch,bootstrap-365d#1,B,322.032,110000,182915
ex-launch,bootstrap-365d#1,B,339.22,110000,181219
ex-launch,bootstrap-365d#1,B,356.407,120000,179525
ex-launch,bootstrap-365d#1,C,410.626,100000,174039
ex-launch,bootstrap-365d#1,C,501.876,120000,164978
ex-launch,bootstrap-365d#1,C,593.126,160000,155911
ex-launch,bootstrap-365d#1,C,684.376,180000,146848
ex-launch,bootstrap-365d#1,C,775.626,250000,137678
ex-launch,bootstrap-365d#1,C,866.876,250000,128612
ex-launch,bootstrap-365d#1,C,958.126,300000,119541
ex-launch,bootstrap-365d#1,C,1049.38,400000,110476
ex-launch,bootstrap-365d#1,C,1140.63,400000,101312
ex-launch,bootstrap-365d#1,C,1231.88,500000,92236
ex-launch,bootstrap-365d#1,C,1323.13,500000,83155
ex-launch,bootstrap-365d#1,C,1414.38,500000,74080
ex-launch,bootstrap-365d#1,C,1505.63,500000,64911
ex-launch,bootstrap-365d#1,C,1596.88,1e+06,55847
ex-launch,bootstrap-365d#1,C,1688.13,1e+06,46775
ex-launch,bootstrap-365d#1,C,1779.38,1e+06,37698
ex-launch,bootstrap-365d#2,A,31.875,42500,211806
ex-launch,bootstrap-365d#2,A,35.625,45000,211407
ex-launch,bootstrap-365d#2,A,39.375,47500,211107
ex-launch,bootstrap-365d#2,A,43.125,50000,210708
ex-launch,bootstrap-365d#2,A,46.875,50000,210309
ex-launch,bootstrap-365d#2,A,50.625,52500,209910
ex-launch,bootstrap-365d#2,A,54.375,52500,209611
ex-launch,bootstrap-365d#2,A,58.125,50000,209211
ex-launch,bootstrap-365d#2,A,61.875,47500,208811
ex-launch,bootstrap-365d#2,A,65.625,47500,208411
ex-launch,bootstrap-365d#2,A,69.375,50000,208111
ex-launch,bootstrap-365d#2,A,73.125,50000,207713
ex-launch,bootstrap-365d#2,A,76.875,50000,207315
ex-launch,bootstrap-365d#2,A,80.625,50000,206915
ex-launch,bootstrap-365d#2,A,84.375,52500,206616
ex-launch,bootstrap-365d#2,A,88.125,55000,206220
ex-launch,bootstrap-365d#2,B,98.5946,52500,205122
ex-launch,bootstrap-365d#2,B,115.782,55000,203426
ex-launch,bootstrap-365d#2,B,132.97,55000,201729
ex-launch,bootstrap-365d#2,B,150.157,67500,200035
ex-launch,bootstrap-365d#2,B,167.345,77500,198340
ex-launch,bootstrap-365d#2,B,184.532,87500,196547
ex-launch,bootstrap-365d#2,B,201.72,90000,194860
ex-launch,bootstrap-365d#2,B,218.907,87500,193166
ex-launch,bootstrap-365d#2,B,236.095,87500,191473
ex-launch,bootstrap-365d#2,B,253.282,90000,189785
ex-launch,bootstrap-365d#2,B,270.47,92500,188090
ex-launch,bootstrap-365d#2,B,287.657,95000,186291
ex-launch,bootstrap-365d#2,B,304.845,110000,184592
ex-launch,bootstrap-365d#2,B,322.032,110000,182901
ex-launch,bootstrap-365d#2,B,339.22,110000,181205
ex-launch,bootstrap-365d#2,B,356.407,120000,179509
ex-launch,bootstrap-365d#2,C,410.626,110000,174028
ex-launch,bootstrap-365d#2,C,501.876,140000,164956
ex-launch,bootstrap-365d#2,C,593.126,180000,155900
ex-launch,bootstrap-365d#2,C,684.376,250000,146829
ex-launch,bootstrap-365d#2,C,775.626,250000,137653
ex-launch,bootstrap-365d#2,C,866.876,300000,128600
ex-launch,bootstrap-365d#2,C,958.126,300000,119522
ex-launch,bootstrap-365d#2,C,1049.38,400000,110444
ex-launch,bootstrap-365d#2,C,1140.63,400000,101277
ex-launch,bootstrap-365d#2,C,1231.88,500000,92218
ex-launch,bootstrap-365d#2,C,1323.13,1e+06,83145
ex-launch,bootstrap-365d#2,C,1414.38,1e+06,74076
ex-launch,bootstrap-365d#2,C,1505.63,1e+06,64905
ex-launch,bootstrap-365d#2,C,1596.88,1e+06,55830
ex-launch,bootstrap-365d#2,C,1688.13,nan,46764
ex-launch,bootstrap-365d#2,C,1779.38,nan,37686
ex-launch,bootstrap-365d#3,A,31.875,42500,211851
ex-launch,bootstrap-365d#3,A,35.625,45000,211452
ex-launch,bootstrap-365d#3,A,39.375,47500,211154
ex-launch,bootstrap-365d#3,A,43.125,47500,210755
ex-launch,bootstrap-365d#3,A,46.875,50000,210355
ex-launch,bootstrap-365d#3,A,50.625,50000,209958
ex-launch,bootstrap-365d#3,A,54.375,50000,209658
ex-launch,bootstrap-365d#3,A,58.125,50000,209259
ex-launch,bootstrap-365d#3,A,61.875,47500,208861
ex-launch,bootstrap-365d#3,A,65.625,50000,208464
ex-launch,bootstrap-365d#3,A,69.375,50000,208166
ex-launch,bootstrap-365d#3,A,73.125,50000,207767
ex-launch,bootstrap-365d#3,A,76.875,50000,207372
ex-launch,bootstrap-365d#3,A,80.625,52500,206974
ex-launch,bootstrap-365d#3,A,84.375,55000,206674
ex-launch,bootstrap-365d#3,A,88.125,57500,206274
ex-launch,bootstrap-365d#3,B,98.5946,52500,205179
ex-launch,bootstrap-365d#3,B,115.782,57500,203490
ex-launch,bootstrap-365d#3,B,132.97,55000,201794
ex-launch,bootstrap-365d#3,B,150.157,67500,200102
ex-launch,bootstrap-365d#3,B,167.345,75000,198406
ex-launch,bootstrap-365d#3,B,184.532,85000,196616
ex-launch,bootstrap-365d#3,B,201.72,85000,194921
ex-launch,bootstrap-365d#3,B,218.907,85000,193224
ex-launch,bootstrap-365d#3,B,236.095,85000,191530
ex-launch,bootstrap-365d#3,B,253.282,90000,189832
ex-launch,bootstrap-365d#3,B,270.47,87500,188137
ex-launch,bootstrap-365d#3,B,287.657,90000,186341
ex-launch,bootstrap-365d#3,B,304.845,92500,184646
ex-launch,bootstrap-365d#3,B,322.032,97500,182949
ex-launch,bootstrap-365d#3,B,339.22,110000,181253
ex-launch,bootstrap-365d#3,B,356.407,110000,179555
ex-launch,bootstrap-365d#3,C,410.626,97500,174069
ex-launch,bootstrap-365d#3,C,501.876,120000,164995
ex-launch,bootstrap-365d#3,C,593.126,150000,155924
ex-launch,bootstrap-365d#3,C,684.376,170000,146849
ex-launch,bootstrap-365d#3,C,775.626,250000,137678
ex-launch,bootstrap-365d#3,C,866.876,250000,128597
ex-launch,bootstrap-365d#3,C,958.126,300000,119538
ex-launch,bootstrap-365d#3,C,1049.38,400000,110462
ex-launch,bootstrap-365d#3,C,1140.63,400000,101297
ex-launch,bootstrap-365d#3,C,1231.88,500000,92222
ex-launch,bootstrap-365d#3,C,1323.13,500000,83145
ex-launch,bootstrap-365d#3,C,1414.38,1e+06,74087
ex-launch,bootstrap-365d#3,C,1505.63,1e+06,64911
ex-launch,bootstrap-365d#3,C,1596.88,1e+06,55831
ex-launch,bootstrap-365d#3,C,1688.13,1e+06,46758
ex-launch,bootstrap-365d#3,C,1779.38,1e+06,37684
ex-launch,bootstrap-365d,A,31.875,42500,211839
ex-launch,bootstrap-365d,A,35.625,45000,211439
ex-launch,bootstrap-365d,A,39.375,47500,211139
ex-launch,bootstrap-365d,A,43.125,47500,210740
ex-launch,bootstrap-365d,A,46.875,50000,210341
ex-launch,bootstrap-365d,A,50.625,50000,209943
ex-launch,bootstrap-365d,A,54.375,50000,209644
ex-launch,bootstrap-365d,A,58.125,50000,209245
ex-launch,bootstrap-365d,A,61.875,47500,208847
ex-launch,bootstrap-365d,A,65.625,47500,208447
ex-launch,bootstrap-365d,A,69.375,50000,208147
ex-launch,bootstrap-365d,A,73.125,50000,207748
ex-launch,bootstrap-365d,A,76.875,50000,207349
ex-launch,bootstrap-365d,A,80.625,50000,206950
ex-launch,bootstrap-365d,A,84.375,52500,206650
ex-launch,bootstrap-365d,A,88.125,55000,206250
ex-launch,bootstrap-365d,B,98.5946,52500,205154
ex-launch,bootstrap-365d,B,115.782,55000,203455
ex-launch,bootstrap-365d,B,132.97,55000,201761
ex-launch,bootstrap-365d,B,150.157,67500,200067
ex-launch,bootstrap-365d,B,167.345,77500,198373
ex-launch,bootstrap-365d,B,184.532,87500,196575
ex-launch,bootstrap-365d,B,201.72,87500,194882
ex-launch,bootstrap-365d,B,218.907,87500,193185
ex-launch,bootstrap-365d,B,236.095,85000,191490
ex-launch,bootstrap-365d,B,253.282,90000,189791
ex-launch,bootstrap-365d,B,270.47,90000,188094
ex-launch,bootstrap-365d,B,287.657,92500,186298
ex-launch,bootstrap-365d,B,304.845,97500,184605
ex-launch,bootstrap-365d,B,322.032,110000,182915
ex-launch,bootstrap-365d,B,339.22,110000,181219
ex-launch,bootstrap-365d,B,356.407,120000,179525
ex-launch,bootstrap-365d,C,410.626,110000,174039
ex-launch,bootstrap-365d,C,501.876,130000,164978
ex-launch,bootstrap-365d,C,593.126,160000,155911
ex-launch,bootstrap-365d,C,684.376,190000,146848
ex-launch,bootstrap-365d,C,775.626,250000,137678
ex-launch,bootstrap-365d,C,866.876,250000,128612
ex-launch,bootstrap-365d,C,958.126,300000,119541
ex-launch,bootstrap-365d,C,1049.38,400000,110476
ex-launch,bootstrap-365d,C,1140.63,400000,101312
ex-launch,bootstrap-365d,C,1231.88,500000,92236
ex-launch,bootstrap-365d,C,1323.13,500000,83155
ex-launch,bootstrap-365d,C,1414.38,1e+06,74080
ex-launch,bootstrap-365d,C,1505.63,1e+06,64911
ex-launch,bootstrap-365d,C,1596.88,1e+06,55847
ex-launch,bootstrap-365d,C,1688.13,1e+06,46775
ex-launch,bootstrap-365d,C,1779.38,nan,37698
ex-launch,regime#1,A,31.875,130000,210407
ex-launch,regime#1,A,35.625,140000,210010
ex-launch,regime#1,A,39.375,150000,209711
ex-launch,regime#1,A,43.125,160000,209312
ex-launch,regime#1,A,46.875,170000,208914
ex-launch,regime#1,A,50.625,180000,208516
ex-launch,regime#1,A,54.375,190000,208218
ex-launch,regime#1,A,58.125,200000,207820
ex-launch,regime#1,A,61.875,250000,207426
ex-launch,regime#1,A,65.625,250000,207030
ex-launch,regime#1,A,69.375,250000,206731
ex-launch,regime#1,A,73.125,250000,206335
ex-launch,regime#1,A,76.875,300000,205939
ex-launch,regime#1,A,80.625,300000,205540
ex-launch,regime#1,A,84.375,300000,205240
ex-launch,regime#1,A,88.125,400000,204846
ex-launch,regime#1,B,98.5946,300000,203758
ex-launch,regime#1,B,115.782,400000,202067
ex-launch,regime#1,B,132.97,500000,200378
ex-launch,regime#1,B,150.157,500000,198686
ex-launch,regime#1,B,167.345,1e+06,197002
ex-launch,regime#1,B,184.532,1e+06,195220
ex-launch,regime#1,B,201.72,1e+06,193533
ex-launch,regime#1,B,218.907,nan,191853
ex-launch,regime#1,B,236.095,nan,190160
ex-launch,regime#1,B,253.282,nan,188466
ex-launch,regime#1,B,270.47,nan,186787
ex-launch,regime#1,B,287.657,nan,185003
ex-launch,regime#1,B,304.845,nan,183314
ex-launch,regime#1,B,322.032,nan,181635
ex-launch,regime#1,B,339.22,nan,179947
ex-launch,regime#1,B,356.407,nan,178268
ex-launch,regime#1,C,410.626,nan,172814
ex-launch,regime#1,C,501.876,nan,163801
ex-launch,regime#1,C,593.126,nan,154789
ex-launch,regime#1,C,684.376,nan,145794
ex-launch,regime#1,C,775.626,nan,136682
ex-launch,regime#1,C,866.876,nan,127667
ex-launch,regime#1,C,958.126,nan,118661
ex-launch,regime#1,C,1049.38,nan,109647
ex-launch,regime#1,C,1140.63,nan,100528
ex-launch,regime#1,C,1231.88,nan,91525
ex-launch,regime#1,C,1323.13,nan,82513
ex-launch,regime#1,C,1414.38,nan,73520
ex-launch,regime#1,C,1505.63,nan,64421
ex-launch,regime#1,C,1596.88,nan,55424
ex-launch,regime#1,C,1688.13,nan,46424
ex-launch,regime#1,C,1779.38,nan,37415
ex-launch,regime#2,A,31.875,110000,210427
ex-launch,regime#2,A,35.625,120000,210031
ex-launch,regime#2,A,39.375,130000,209731
ex-launch,regime#2,A,43.125,140000,209333
ex-launch,regime#2,A,46.875,140000,208937
ex-launch,regime#2,A,50.625,150000,208541
ex-launch,regime#2,A,54.375,160000,208244
ex-launch,regime#2,A,58.125,170000,207847
ex-launch,regime#2,A,61.875,180000,207450
ex-launch,regime#2,A,65.625,190000,207051
ex-launch,regime#2,A,69.375,190000,206754
ex-launch,regime#2,A,73.125,250000,206356
ex-launch,regime#2,A,76.875,250000,205960
ex-launch,regime#2,A,80.625,250000,205565
ex-launch,regime#2,A,84.375,250000,205268
ex-launch,regime#2,A,88.125,250000,204869
ex-launch,regime#2,B,98.5946,200000,203780
ex-launch,regime#2,B,115.782,250000,202097
ex-launch,regime#2,B,132.97,300000,200411
ex-launch,regime#2,B,150.157,400000,198723
ex-launch,regime#2,B,167.345,400000,197036
ex-launch,regime#2,B,184.532,500000,195253
ex-launch,regime#2,B,201.72,500000,193578
ex-launch,regime#2,B,218.907,1e+06,191889
ex-launch,regime#2,B,236.095,1e+06,190201
ex-launch,regime#2,B,253.282,1e+06,188513
ex-launch,regime#2,B,270.47,1e+06,186824
ex-launch,regime#2,B,287.657,1e+06,185038
ex-launch,regime#2,B,304.845,nan,183352
ex-launch,regime#2,B,322.032,nan,181660
ex-launch,regime#2,B,339.22,nan,179974
ex-launch,regime#2,B,356.407,nan,178286
ex-launch,regime#2,C,410.626,nan,172839
ex-launch,regime#2,C,501.876,nan,163821
ex-launch,regime#2,C,593.126,nan,154797
ex-launch,regime#2,C,684.376,nan,145783
ex-launch,regime#2,C,775.626,nan,136667
ex-launch,regime#2,C,866.876,nan,127670
ex-launch,regime#2,C,958.126,nan,118653
ex-launch,regime#2,C,1049.38,nan,109650
ex-launch,regime#2,C,1140.63,nan,100547
ex-launch,regime#2,C,1231.88,nan,91538
ex-launch,regime#2,C,1323.13,nan,82517
ex-launch,regime#2,C,1414.38,nan,73520
ex-launch,regime#2,C,1505.63,nan,64418
ex-launch,regime#2,C,1596.88,nan,55402
ex-launch,regime#2,C,1688.13,nan,46396
ex-launch,regime#2,C,1779.38,nan,37398
ex-launch,regime#3,A,31.875,120000,210476
ex-launch,regime#3,A,35.625,130000,210077
ex-launch,regime#3,A,39.375,140000,209782
ex-launch,regime#3,A,43.125,150000,209386
ex-launch,regime#3,A,46.875,170000,208987
ex-launch,regime#3,A,50.625,180000,208590
ex-launch,regime#3,A,54.375,200000,208291
ex-launch,regime#3,A,58.125,250000,207894
ex-launch,regime#3,A,61.875,250000,207502
ex-launch,regime#3,A,65.625,250000,207104
ex-launch,regime#3,A,69.375,300000,206807
ex-launch,regime#3,A,73.125,300000,206410
ex-launch,regime#3,A,76.875,400000,206012
ex-launch,regime#3,A,80.625,400000,205617
ex-launch,regime#3,A,84.375,400000,205319
ex-launch,regime#3,A,88.125,400000,204921
ex-launch,regime#3,B,98.5946,300000,203828
ex-launch,regime#3,B,115.782,400000,202141
ex-launch,regime#3,B,132.97,400000,200453
ex-launch,regime#3,B,150.157,500000,198771
ex-launch,regime#3,B,167.345,1e+06,197088
ex-launch,regime#3,B,184.532,1e+06,195302
ex-launch,regime#3,B,201.72,1e+06,193616
ex-launch,regime#3,B,218.907,1e+06,191922
ex-launch,regime#3,B,236.095,nan,190238
ex-launch,regime#3,B,253.282,nan,188561
ex-launch,regime#3,B,270.47,nan,186878
ex-launch,regime#3,B,287.657,nan,185095
ex-launch,regime#3,B,304.845,nan,183404
ex-launch,regime#3,B,322.032,nan,181717
ex-launch,regime#3,B,339.22,nan,180028
ex-launch,regime#3,B,356.407,nan,178350
ex-launch,regime#3,C,410.626,nan,172885
ex-launch,regime#3,C,501.876,nan,163869
ex-launch,regime#3,C,593.126,nan,154837
ex-launch,regime#3,C,684.376,nan,145804
ex-launch,regime#3,C,775.626,nan,136683
ex-launch,regime#3,C,866.876,nan,127658
ex-launch,regime#3,C,958.126,nan,118636
ex-launch,regime#3,C,1049.38,nan,109603
ex-launch,regime#3,C,1140.63,nan,100495
ex-launch,regime#3,C,1231.88,nan,91476
ex-launch,regime#3,C,1323.13,nan,82465
ex-launch,regime#3,C,1414.38,nan,73463
ex-launch,regime#3,C,1505.63,nan,64353
ex-launch,regime#3,C,1596.88,nan,55371
ex-launch,regime#3,C,1688.13,nan,46371
ex-launch,regime#3,C,1779.38,nan,37366
ex-launch,regime,A,31.875,120000,210407
ex-launch,regime,A,35.625,130000,210010
ex-launch,regime,A,39.375,140000,209711
ex-launch,regime,A,43.125,150000,209312
ex-launch,regime,A,46.875,160000,208914
ex-launch,regime,A,50.625,170000,208516
ex-launch,regime,A,54.375,180000,208218
ex-launch,regime,A,58.125,190000,207820
ex-launch,regime,A,61.875,200000,207426
ex-launch,regime,A,65.625,250000,207030
ex-launch,regime,A,69.375,250000,206731
ex-launch,regime,A,73.125,250000,206335
ex-launch,regime,A,76.875,300000,205939
ex-launch,regime,A,80.625,300000,205540
ex-launch,regime,A,84.375,300000,205240
ex-launch,regime,A,88.125,400000,204846
ex-launch,regime,B,98.5946,250000,203758
ex-launch,regime,B,115.782,300000,202067
ex-launch,regime,B,132.97,400000,200378
ex-launch,regime,B,150.157,500000,198686
ex-launch,regime,B,167.345,500000,197002
ex-launch,regime,B,184.532,1e+06,195220
ex-launch,regime,B,201.72,1e+06,193533
ex-launch,regime,B,218.907,1e+06,191853
ex-launch,regime,B,236.095,1e+06,190160
ex-launch,regime,B,253.282,nan,188466
ex-launch,regime,B,270.47,nan,186787
ex-launch,regime,B,287.657,nan,185003
ex-launch,regime,B,304.845,nan,183314
ex-launch,regime,B,322.032,nan,181635
ex-launch,regime,B,339.22,nan,179947
ex-launch,regime,B,356.407,nan,178268
ex-launch,regime,C,410.626,nan,172814
ex-launch,regime,C,501.876,nan,163801
ex-launch,regime,C,593.126,nan,154789
ex-launch,regime,C,684.376,nan,145794
ex-launch,regime,C,775.626,nan,136682
ex-launch,regime,C,866.876,nan,127667
ex-launch,regime,C,958.126,nan,118661
ex-launch,regime,C,1049.38,nan,109647
ex-launch,regime,C,1140.63,nan,100528
ex-launch,regime,C,1231.88,nan,91525
ex-launch,regime,C,1323.13,nan,82513
ex-launch,regime,C,1414.38,nan,73520
ex-launch,regime,C,1505.63,nan,64421
ex-launch,regime,C,1596.88,nan,55424
ex-launch,regime,C,1688.13,nan,46424
ex-launch,regime,C,1779.38,nan,37415
ex-launch,martingale#1,A,31.875,60000,212142
ex-launch,martingale#1,A,35.625,65000,211742
ex-launch,martingale#1,A,39.375,70000,211442
ex-launch,martingale#1,A,43.125,72500,211042
ex-launch,martingale#1,A,46.875,77500,210642
ex-launch,martingale#1,A,50.625,82500,210242
ex-launch,martingale#1,A,54.375,85000,209942
ex-launch,martingale#1,A,58.125,90000,209542
ex-launch,martingale#1,A,61.875,95000,209142
ex-launch,martingale#1,A,65.625,100000,208743
ex-launch,martingale#1,A,69.375,110000,208443
ex-launch,martingale#1,A,73.125,120000,208043
ex-launch,martingale#1,A,76.875,120000,207643
ex-launch,martingale#1,A,80.625,130000,207244
ex-launch,martingale#1,A,84.375,140000,206944
ex-launch,martingale#1,A,88.125,140000,206544
ex-launch,martingale#1,B,98.5946,140000,205444
ex-launch,martingale#1,B,115.782,170000,203744
ex-launch,martingale#1,B,132.97,250000,202044
ex-launch,martingale#1,B,150.157,300000,200344
ex-launch,martingale#1,B,167.345,400000,198644
ex-launch,martingale#1,B,184.532,400000,196845
ex-launch,martingale#1,B,201.72,500000,195145
ex-launch,martingale#1,B,218.907,1e+06,193445
ex-launch,martingale#1,B,236.095,1e+06,191745
ex-launch,martingale#1,B,253.282,1e+06,190047
ex-launch,martingale#1,B,270.47,nan,188347
ex-launch,martingale#1,B,287.657,nan,186547
ex-launch,martingale#1,B,304.845,nan,184847
ex-launch,martingale#1,B,322.032,nan,183147
ex-launch,martingale#1,B,339.22,nan,181449
ex-launch,martingale#1,B,356.407,nan,179749
ex-launch,martingale#1,C,410.626,nan,174250
ex-launch,martingale#1,C,501.876,nan,165150
ex-launch,martingale#1,C,593.126,nan,156051
ex-launch,martingale#1,C,684.376,nan,146956
ex-launch,martingale#1,C,775.626,nan,137758
ex-launch,martingale#1,C,866.876,nan,128666
ex-launch,martingale#1,C,958.126,nan,119581
ex-launch,martingale#1,C,1049.38,nan,110487
ex-launch,martingale#1,C,1140.63,nan,101304
ex-launch,martingale#1,C,1231.88,nan,92228
ex-launch,martingale#1,C,1323.13,nan,83146
ex-launch,martingale#1,C,1414.38,nan,74073
ex-launch,martingale#1,C,1505.63,nan,64902
ex-launch,martingale#1,C,1596.88,nan,55835
ex-launch,martingale#1,C,1688.13,nan,46760
ex-launch,martingale#1,C,1779.38,nan,37692
ex-launch,martingale#2,A,31.875,60000,212158
ex-launch,martingale#2,A,35.625,65000,211758
ex-launch,martingale#2,A,39.375,70000,211458
ex-launch,martingale#2,A,43.125,75000,211058
ex-launch,martingale#2,A,46.875,80000,210658
ex-launch,martingale#2,A,50.625,85000,210258
ex-launch,martingale#2,A,54.375,90000,209958
ex-launch,martingale#2,A,58.125,95000,209558
ex-launch,martingale#2,A,61.875,100000,209158
ex-launch,martingale#2,A,65.625,110000,208758
ex-launch,martingale#2,A,69.375,120000,208458
ex-launch,martingale#2,A,73.125,120000,208058
ex-launch,martingale#2,A,76.875,130000,207658
ex-launch,martingale#2,A,80.625,140000,207258
ex-launch,martingale#2,A,84.375,140000,206958
ex-launch,martingale#2,A,88.125,150000,206558
ex-launch,martingale#2,B,98.5946,150000,205458
ex-launch,martingale#2,B,115.782,190000,203758
ex-launch,martingale#2,B,132.97,250000,202058
ex-launch,martingale#2,B,150.157,300000,200358
ex-launch,martingale#2,B,167.345,400000,198658
ex-launch,martingale#2,B,184.532,500000,196858
ex-launch,martingale#2,B,201.72,1e+06,195158
ex-launch,martingale#2,B,218.907,1e+06,193459
ex-launch,martingale#2,B,236.095,1e+06,191759
ex-launch,martingale#2,B,253.282,1e+06,190059
ex-launch,martingale#2,B,270.47,nan,188359
ex-launch,martingale#2,B,287.657,nan,186559
ex-launch,martingale#2,B,304.845,nan,184859
ex-launch,martingale#2,B,322.032,nan,183159
ex-launch,martingale#2,B,339.22,nan,181459
ex-launch,martingale#2,B,356.407,nan,179760
ex-launch,martingale#2,C,410.626,nan,174262
ex-launch,martingale#2,C,501.876,nan,165163
ex-launch,martingale#2,C,593.126,nan,156066
ex-launch,martingale#2,C,684.376,nan,146969
ex-launch,martingale#2,C,775.626,nan,137774
ex-launch,martingale#2,C,866.876,nan,128684
ex-launch,martingale#2,C,958.126,nan,119594
ex-launch,martingale#2,C,1049.38,nan,110503
ex-launch,martingale#2,C,1140.63,nan,101316
ex-launch,martingale#2,C,1231.88,nan,92233
ex-launch,martingale#2,C,1323.13,nan,83155
ex-launch,martingale#2,C,1414.38,nan,74073
ex-launch,martingale#2,C,1505.63,nan,64894
ex-launch,martingale#2,C,1596.88,nan,55820
ex-launch,martingale#2,C,1688.13,nan,46745
ex-launch,martingale#2,C,1779.38,nan,37672
ex-launch,martingale#3,A,31.875,62500,212083
ex-launch,martingale#3,A,35.625,67500,211683
ex-launch,martingale#3,A,39.375,72500,211383
ex-launch,martingale#3,A,43.125,77500,210983
ex-launch,martingale#3,A,46.875,82500,210583
ex-launch,martingale#3,A,50.625,87500,210183
ex-launch,martingale#3,A,54.375,92500,209883
ex-launch,martingale#3,A,58.125,97500,209483
ex-launch,martingale#3,A,61.875,110000,209083
ex-launch,martingale#3,A,65.625,110000,208683
ex-launch,martingale#3,A,69.375,120000,208383
ex-launch,martingale#3,A,73.125,120000,207983
ex-launch,martingale#3,A,76.875,130000,207583
ex-launch,martingale#3,A,80.625,140000,207183
ex-launch,martingale#3,A,84.375,150000,206883
ex-launch,martingale#3,A,88.125,160000,206483
ex-launch,martingale#3,B,98.5946,150000,205383
ex-launch,martingale#3,B,115.782,180000,203683
ex-launch,martingale#3,B,132.97,250000,201985
ex-launch,martingale#3,B,150.157,300000,200285
ex-launch,martingale#3,B,167.345,400000,198585
ex-launch,martingale#3,B,184.532,500000,196786
ex-launch,martingale#3,B,201.72,1e+06,195086
ex-launch,martingale#3,B,218.907,1e+06,193386
ex-launch,martingale#3,B,236.095,1e+06,191686
ex-launch,martingale#3,B,253.282,nan,189987
ex-launch,martingale#3,B,270.47,nan,188287
ex-launch,martingale#3,B,287.657,nan,186487
ex-launch,martingale#3,B,304.845,nan,184787
ex-launch,martingale#3,B,322.032,nan,183087
ex-launch,martingale#3,B,339.22,nan,181387
ex-launch,martingale#3,B,356.407,nan,179687
ex-launch,martingale#3,C,410.626,nan,174189
ex-launch,martingale#3,C,501.876,nan,165092
ex-launch,martingale#3,C,593.126,nan,155998
ex-launch,martingale#3,C,684.376,nan,146903
ex-launch,martingale#3,C,775.626,nan,137712
ex-launch,martingale#3,C,866.876,nan,128625
ex-launch,martingale#3,C,958.126,nan,119539
ex-launch,martingale#3,C,1049.38,nan,110448
ex-launch,martingale#3,C,1140.63,nan,101255
ex-launch,martingale#3,C,1231.88,nan,92172
ex-launch,martingale#3,C,1323.13,nan,83092
ex-launch,martingale#3,C,1414.38,nan,74014
ex-launch,martingale#3,C,1505.63,nan,64849
ex-launch,martingale#3,C,1596.88,nan,55781
ex-launch,martingale#3,C,1688.13,nan,46715
ex-launch,martingale#3,C,1779.38,nan,37641
ex-launch,martingale,A,31.875,62500,212142
ex-launch,martingale,A,35.625,65000,211742
ex-launch,martingale,A,39.375,70000,211442
ex-launch,martingale,A,43.125,75000,211042
ex-launch,martingale,A,46.875,80000,210642
ex-launch,martingale,A,50.625,85000,210242
ex-launch,martingale,A,54.375,90000,209942
ex-launch,martingale,A,58.125,95000,209542
ex-launch,martingale,A,61.875,100000,209142
ex-launch,martingale,A,65.625,110000,208743
ex-launch,martingale,A,69.375,110000,208443
ex-launch,martingale,A,73.125,120000,208043
ex-launch,martingale,A,76.875,130000,207643
ex-launch,martingale,A,80.625,130000,207244
ex-launch,martingale,A,84.375,140000,206944
ex-launch,martingale,A,88.125,150000,206544
ex-launch,martingale,B,98.5946,140000,205444
ex-launch,martingale,B,115.782,180000,203744
ex-launch,martingale,B,132.97,250000,202044
ex-launch,martingale,B,150.157,300000,200344
ex-launch,martingale,B,167.345,400000,198644
ex-launch,martingale,B,184.532,500000,196845
ex-launch,martingale,B,201.72,1e+06,195145
ex-launch,martingale,B,218.907,1e+06,193445
ex-launch,martingale,B,236.095,1e+06,191745
ex-launch,martingale,B,253.282,1e+06,190047
ex-launch,martingale,B,270.47,nan,188347
ex-launch,martingale,B,287.657,nan,186547
ex-launch,martingale,B,304.845,nan,184847
ex-launch,martingale,B,322.032,nan,183147
ex-launch,martingale,B,339.22,nan,181449
ex-launch,martingale,B,356.407,nan,179749
ex-launch,martingale,C,410.626,nan,174250
ex-launch,martingale,C,501.876,nan,165150
ex-launch,martingale,C,593.126,nan,156051
ex-launch,martingale,C,684.376,nan,146956
ex-launch,martingale,C,775.626,nan,137758
ex-launch,martingale,C,866.876,nan,128666
ex-launch,martingale,C,958.126,nan,119581
ex-launch,martingale,C,1049.38,nan,110487
ex-launch,martingale,C,1140.63,nan,101304
ex-launch,martingale,C,1231.88,nan,92228
ex-launch,martingale,C,1323.13,nan,83146
ex-launch,martingale,C,1414.38,nan,74073
ex-launch,martingale,C,1505.63,nan,64902
ex-launch,martingale,C,1596.88,nan,55835
ex-launch,martingale,C,1688.13,nan,46760
ex-launch,martingale,C,1779.38,nan,37692
ex-launch,history,A,31.875,40000,2401
ex-launch,history,A,35.625,45000,2397
ex-launch,history,A,39.375,47500,2394
ex-launch,history,A,43.125,47500,2390
ex-launch,history,A,46.875,50000,2386
ex-launch,history,A,50.625,50000,2382
ex-launch,history,A,54.375,50000,2379
ex-launch,history,A,58.125,47500,2375
ex-launch,history,A,61.875,45000,2371
ex-launch,history,A,65.625,47500,2367
ex-launch,history,A,69.375,45000,2364
ex-launch,history,A,73.125,45000,2360
ex-launch,history,A,76.875,45000,2356
ex-launch,history,A,80.625,47500,2352
ex-launch,history,A,84.375,47500,2349
ex-launch,history,A,88.125,45000,2345
ex-launch,history,B,98.5946,50000,2334
ex-launch,history,B,115.782,47500,2317
ex-launch,history,B,132.97,50000,2300
ex-launch,history,B,150.157,62500,2283
ex-launch,history,B,167.345,75000,2266
ex-launch,history,B,184.532,97500,2248
ex-launch,history,B,201.72,87500,2231
ex-launch,history,B,218.907,80000,2214
ex-launch,history,B,236.095,75000,2197
ex-launch,history,B,253.282,72500,2180
ex-launch,history,B,270.47,70000,2163
ex-launch,history,B,287.657,67500,2145
ex-launch,history,B,304.845,62500,2128
ex-launch,history,B,322.032,60000,2111
ex-launch,history,B,339.22,65000,2094
ex-launch,history,B,356.407,75000,2077
ex-launch,history,C,410.626,75000,2022
ex-launch,history,C,501.876,72500,1931
ex-launch,history,C,593.126,110000,1840
ex-launch,history,C,684.376,110000,1749
ex-launch,history,C,775.626,92500,1657
ex-launch,history,C,866.876,140000,1566
ex-launch,history,C,958.126,160000,1475
ex-launch,history,C,1049.38,130000,1384
ex-launch,history,C,1140.63,87500,1292
ex-launch,history,C,1231.88,120000,1201
ex-launch,history,C,1323.13,140000,1110
ex-launch,history,C,1414.38,110000,1019
ex-launch,history,C,1505.63,80000,927
ex-launch,history,C,1596.88,72500,836
ex-launch,history,C,1688.13,50000,745
ex-launch,history,C,1779.38,37500,654
full,hourly-history,A,31.875,40000,2287
full,hourly-history,A,35.625,42500,2284
full,hourly-history,A,39.375,45000,2280
full,hourly-history,A,43.125,47500,2276
full,hourly-history,A,46.875,47500,2272
full,hourly-history,A,50.625,45000,2269
full,hourly-history,A,54.375,47500,2265
full,hourly-history,A,58.125,47500,2261
full,hourly-history,A,61.875,42500,2257
full,hourly-history,A,65.625,42500,2254
full,hourly-history,A,69.375,42500,2250
full,hourly-history,A,73.125,45000,2246
full,hourly-history,A,76.875,45000,2242
full,hourly-history,A,80.625,47500,2239
full,hourly-history,A,84.375,47500,2235
full,hourly-history,A,88.125,47500,2231
full,hourly-history,B,98.5946,50000,2221
full,hourly-history,B,115.782,50000,2203
full,hourly-history,B,132.97,47500,2186
full,hourly-history,B,150.157,62500,2169
full,hourly-history,B,167.345,77500,2153
full,hourly-history,B,184.532,95000,2136
full,hourly-history,B,201.72,87500,2118
full,hourly-history,B,218.907,82500,2101
full,hourly-history,B,236.095,75000,2084
full,hourly-history,B,253.282,77500,2067
full,hourly-history,B,270.47,70000,2050
full,hourly-history,B,287.657,65000,2033
full,hourly-history,B,304.845,62500,2015
full,hourly-history,B,322.032,60000,1998
full,hourly-history,B,339.22,65000,1983
full,hourly-history,B,356.407,75000,1967
full,hourly-history,C,410.626,77500,1915
full,hourly-history,C,501.876,72500,1823
full,hourly-history,C,593.126,110000,1732
full,hourly-history,C,684.376,110000,1642
full,hourly-history,C,775.626,95000,1552
full,hourly-history,C,866.876,140000,1461
full,hourly-history,C,958.126,160000,1371
full,hourly-history,C,1049.38,130000,1281
full,hourly-history,C,1140.63,87500,1190
full,hourly-history,C,1231.88,120000,1099
full,hourly-history,C,1323.13,140000,1009
full,hourly-history,C,1414.38,110000,920
full,hourly-history,C,1505.63,85000,830
full,hourly-history,C,1596.88,55000,739
full,hourly-history,C,1688.13,50000,650
full,hourly-history,C,1779.38,40000,559
